{
  "config": {
    "argv": [
      "/opt/node/bin/node",
      "/work/frontend/node_modules/@playwright/test/cli.js",
      "test",
      "--config",
      "playwright.gui.config.mjs",
      "--reporter=json",
      "--list",
      "--output",
      "../.gate/gen/original/complete-browser/browser-output"
    ],
    "configFile": "/work/frontend/playwright.gui.config.mjs",
    "rootDir": "/work/frontend/e2e",
    "failOnFlakyTests": false,
    "forbidOnly": false,
    "fullyParallel": false,
    "globalSetup": null,
    "globalTeardown": null,
    "globalTimeout": 0,
    "grep": {},
    "grepInvert": null,
    "maxFailures": 0,
    "metadata": {},
    "preserveOutput": "always",
    "projects": [
      {
        "outputDir": "/work/.gate/gen/original/complete-browser/browser-output",
        "repeatEach": 1,
        "retries": 0,
        "metadata": {},
        "id": "desktop",
        "name": "desktop",
        "testDir": "/work/frontend/e2e",
        "testIgnore": [],
        "testMatch": [
          "**/*.@(spec|test).?(c|m)[jt]s?(x)"
        ],
        "timeout": 45000
      },
      {
        "outputDir": "/work/.gate/gen/original/complete-browser/browser-output",
        "repeatEach": 1,
        "retries": 0,
        "metadata": {},
        "id": "mobile",
        "name": "mobile",
        "testDir": "/work/frontend/e2e",
        "testIgnore": [],
        "testMatch": [
          "**/*.@(spec|test).?(c|m)[jt]s?(x)"
        ],
        "timeout": 45000
      }
    ],
    "quiet": false,
    "reporter": [
      [
        "json"
      ]
    ],
    "reportSlowTests": {
      "max": 5,
      "threshold": 300000
    },
    "shard": null,
    "tags": [],
    "updateSnapshots": "missing",
    "updateSourceMethod": "patch",
    "version": "1.63.0",
    "workers": 1,
    "webServer": {
      "command": "'/work/.gate/gen/cat-server' -listen 127.0.0.1:8138",
      "cwd": "/work/",
      "url": "http://127.0.0.1:8138/api/health",
      "reuseExistingServer": false,
      "timeout": 120000,
      "env": {
        "CAT_ACCOUNTS_ENABLED": "0",
        "CAT_DEBUG": "0",
        "ROEDU_API_URL": "",
        "ROEDU_API_KEY": ""
      }
    }
  },
  "suites": [
    {
      "title": "accessibility.spec.mjs",
      "file": "accessibility.spec.mjs",
      "column": 0,
      "line": 0,
      "specs": [
        {
          "title": "alchimie intro, live board and result are accessible without page overflow",
          "ok": true,
          "tags": [],
          "tests": [
            {
              "timeout": 45000,
              "annotations": [],
              "expectedStatus": "passed",
              "projectId": "desktop",
              "projectName": "desktop",
              "results": [],
              "status": "skipped"
            }
          ],
          "id": "a334d9d3eb462d454b6a-9384309f7e88720723d0",
          "file": "accessibility.spec.mjs",
          "line": 36,
          "column": 3
        },
        {
          "title": "intrusul intro, live board and result are accessible without page overflow",
          "ok": true,
          "tags": [],
          "tests": [
            {
              "timeout": 45000,
              "annotations": [],
              "expectedStatus": "passed",
              "projectId": "desktop",
              "projectName": "desktop",
              "results": [],
              "status": "skipped"
            }
          ],
          "id": "a334d9d3eb462d454b6a-104c2f374bc506ed9ed6",
          "file": "accessibility.spec.mjs",
          "line": 36,
          "column": 3
        },
        {
          "title": "perechi intro, live board and result are accessible without page overflow",
          "ok": true,
          "tags": [],
          "tests": [
            {
              "timeout": 45000,
              "annotations": [],
              "expectedStatus": "passed",
              "projectId": "desktop",
              "projectName": "desktop",
              "results": [],
              "status": "skipped"
            }
          ],
          "id": "a334d9d3eb462d454b6a-bb4c0b3c85802dbbc3de",
          "file": "accessibility.spec.mjs",
          "line": 36,
          "column": 3
        },
        {
          "title": "conexiuni intro, live board and result are accessible without page overflow",
          "ok": true,
          "tags": [],
          "tests": [
            {
              "timeout": 45000,
              "annotations": [],
              "expectedStatus": "passed",
              "projectId": "desktop",
              "projectName": "desktop",
              "results": [],
              "status": "skipped"
            }
          ],
          "id": "a334d9d3eb462d454b6a-394cdd02b67a82d5a80c",
          "file": "accessibility.spec.mjs",
          "line": 36,
          "column": 3
        },
        {
          "title": "contexto intro, live board and result are accessible without page overflow",
          "ok": true,
          "tags": [],
          "tests": [
            {
              "timeout": 45000,
              "annotations": [],
              "expectedStatus": "passed",
              "projectId": "desktop",
              "projectName": "desktop",
              "results": [],
              "status": "skipped"
            }
          ],
          "id": "a334d9d3eb462d454b6a-f1ac92c2a3a299afdc87",
          "file": "accessibility.spec.mjs",
          "line": 36,
          "column": 3
        },
        {
          "title": "lant intro, live board and result are accessible without page overflow",
          "ok": true,
          "tags": [],
          "tests": [
            {
              "timeout": 45000,
              "annotations": [],
              "expectedStatus": "passed",
              "projectId": "desktop",
              "projectName": "desktop",
              "results": [],
              "status": "skipped"
            }
          ],
          "id": "a334d9d3eb462d454b6a-7768c05f35145cd99040",
          "file": "accessibility.spec.mjs",
          "line": 36,
          "column": 3
        },
        {
          "title": "alchimie intro, live board and result are accessible without page overflow",
          "ok": true,
          "tags": [],
          "tests": [
            {
              "timeout": 45000,
              "annotations": [],
              "expectedStatus": "passed",
              "projectId": "mobile",
              "projectName": "mobile",
              "results": [],
              "status": "skipped"
            }
          ],
          "id": "a334d9d3eb462d454b6a-c6b1b8dae325410dd286",
          "file": "accessibility.spec.mjs",
          "line": 36,
          "column": 3
        },
        {
          "title": "intrusul intro, live board and result are accessible without page overflow",
          "ok": true,
          "tags": [],
          "tests": [
            {
              "timeout": 45000,
              "annotations": [],
              "expectedStatus": "passed",
              "projectId": "mobile",
              "projectName": "mobile",
              "results": [],
              "status": "skipped"
            }
          ],
          "id": "a334d9d3eb462d454b6a-e575ad19c28c13c4babb",
          "file": "accessibility.spec.mjs",
          "line": 36,
          "column": 3
        },
        {
          "title": "perechi intro, live board and result are accessible without page overflow",
          "ok": true,
          "tags": [],
          "tests": [
            {
              "timeout": 45000,
              "annotations": [],
              "expectedStatus": "passed",
              "projectId": "mobile",
              "projectName": "mobile",
              "results": [],
              "status": "skipped"
            }
          ],
          "id": "a334d9d3eb462d454b6a-2677208c93528546bb42",
          "file": "accessibility.spec.mjs",
          "line": 36,
          "column": 3
        },
        {
          "title": "conexiuni intro, live board and result are accessible without page overflow",
          "ok": true,
          "tags": [],
          "tests": [
            {
              "timeout": 45000,
              "annotations": [],
              "expectedStatus": "passed",
              "projectId": "mobile",
              "projectName": "mobile",
              "results": [],
              "status": "skipped"
            }
          ],
          "id": "a334d9d3eb462d454b6a-270bb677cc95b4410a7a",
          "file": "accessibility.spec.mjs",
          "line": 36,
          "column": 3
        },
        {
          "title": "contexto intro, live board and result are accessible without page overflow",
          "ok": true,
          "tags": [],
          "tests": [
            {
              "timeout": 45000,
              "annotations": [],
              "expectedStatus": "passed",
              "projectId": "mobile",
              "projectName": "mobile",
              "results": [],
              "status": "skipped"
            }
          ],
          "id": "a334d9d3eb462d454b6a-a270f677eabda5e69981",
          "file": "accessibility.spec.mjs",
          "line": 36,
          "column": 3
        },
        {
          "title": "lant intro, live board and result are accessible without page overflow",
          "ok": true,
          "tags": [],
          "tests": [
            {
              "timeout": 45000,
              "annotations": [],
              "expectedStatus": "passed",
              "projectId": "mobile",
              "projectName": "mobile",
              "results": [],
              "status": "skipped"
            }
          ],
          "id": "a334d9d3eb462d454b6a-8f2fe5f04d4268c532cd",
          "file": "accessibility.spec.mjs",
          "line": 36,
          "column": 3
        }
      ]
    },
    {
      "title": "alchimie-action-recovery.spec.mjs",
      "file": "alchimie-action-recovery.spec.mjs",
      "column": 0,
      "line": 0,
      "specs": [
        {
          "title": "lost productive combine restores the exact earned inventory and private target",
          "ok": true,
          "tags": [],
          "tests": [
            {
              "timeout": 45000,
              "annotations": [],
              "expectedStatus": "passed",
              "projectId": "desktop",
              "projectName": "desktop",
              "results": [],
              "status": "skipped"
            }
          ],
          "id": "4a5f74ac38a1c12a13b2-1a2e8afea549b5021a82",
          "file": "alchimie-action-recovery.spec.mjs",
          "line": 116,
          "column": 1
        },
        {
          "title": "lost paid output clue survives GET and resume without another charge",
          "ok": true,
          "tags": [],
          "tests": [
            {
              "timeout": 45000,
              "annotations": [],
              "expectedStatus": "passed",
              "projectId": "desktop",
              "projectName": "desktop",
              "results": [],
              "status": "skipped"
            }
          ],
          "id": "4a5f74ac38a1c12a13b2-90a18ebbd902f25693be",
          "file": "alchimie-action-recovery.spec.mjs",
          "line": 144,
          "column": 3
        },
        {
          "title": "lost paid pair clue survives GET and resume without another charge",
          "ok": true,
          "tags": [],
          "tests": [
            {
              "timeout": 45000,
              "annotations": [],
              "expectedStatus": "passed",
              "projectId": "desktop",
              "projectName": "desktop",
              "results": [],
              "status": "skipped"
            }
          ],
          "id": "4a5f74ac38a1c12a13b2-aa2607948e97050233e0",
          "file": "alchimie-action-recovery.spec.mjs",
          "line": 144,
          "column": 3
        },
        {
          "title": "lost paid category clue survives GET and resume without another charge",
          "ok": true,
          "tags": [],
          "tests": [
            {
              "timeout": 45000,
              "annotations": [],
              "expectedStatus": "passed",
              "projectId": "desktop",
              "projectName": "desktop",
              "results": [],
              "status": "skipped"
            }
          ],
          "id": "4a5f74ac38a1c12a13b2-a7b38e2bc3d163ad9c03",
          "file": "alchimie-action-recovery.spec.mjs",
          "line": 144,
          "column": 3
        },
        {
          "title": "lost reset restores original seeds, clears cue and experiment memory once",
          "ok": true,
          "tags": [],
          "tests": [
            {
              "timeout": 45000,
              "annotations": [],
              "expectedStatus": "passed",
              "projectId": "desktop",
              "projectName": "desktop",
              "results": [],
              "status": "skipped"
            }
          ],
          "id": "4a5f74ac38a1c12a13b2-ce6f9d1503657e90de8f",
          "file": "alchimie-action-recovery.spec.mjs",
          "line": 201,
          "column": 1
        },
        {
          "title": "lost winning combine records the terminal score exactly once",
          "ok": true,
          "tags": [],
          "tests": [
            {
              "timeout": 45000,
              "annotations": [],
              "expectedStatus": "passed",
              "projectId": "desktop",
              "projectName": "desktop",
              "results": [],
              "status": "skipped"
            }
          ],
          "id": "4a5f74ac38a1c12a13b2-d5a3f5c5eaec0b002783",
          "file": "alchimie-action-recovery.spec.mjs",
          "line": 222,
          "column": 1
        },
        {
          "title": "failed verification persists, locks mutations and retries by GET only",
          "ok": true,
          "tags": [],
          "tests": [
            {
              "timeout": 45000,
              "annotations": [],
              "expectedStatus": "passed",
              "projectId": "desktop",
              "projectName": "desktop",
              "results": [],
              "status": "skipped"
            }
          ],
          "id": "4a5f74ac38a1c12a13b2-4a1e665e29a114a1f7f2",
          "file": "alchimie-action-recovery.spec.mjs",
          "line": 243,
          "column": 1
        },
        {
          "title": "an uncommitted failed combine reads unchanged state without inventing discovery",
          "ok": true,
          "tags": [],
          "tests": [
            {
              "timeout": 45000,
              "annotations": [],
              "expectedStatus": "passed",
              "projectId": "desktop",
              "projectName": "desktop",
              "results": [],
              "status": "skipped"
            }
          ],
          "id": "4a5f74ac38a1c12a13b2-6553ca0c05fad1bf8fff",
          "file": "alchimie-action-recovery.spec.mjs",
          "line": 272,
          "column": 1
        },
        {
          "title": "a GET with another game id fails closed until an owned read succeeds",
          "ok": true,
          "tags": [],
          "tests": [
            {
              "timeout": 45000,
              "annotations": [],
              "expectedStatus": "passed",
              "projectId": "desktop",
              "projectName": "desktop",
              "results": [],
              "status": "skipped"
            }
          ],
          "id": "4a5f74ac38a1c12a13b2-c6f5558de015d220cf9d",
          "file": "alchimie-action-recovery.spec.mjs",
          "line": 284,
          "column": 1
        },
        {
          "title": "an owned confirmed 404 forgets only that round and returns to setup",
          "ok": true,
          "tags": [],
          "tests": [
            {
              "timeout": 45000,
              "annotations": [],
              "expectedStatus": "passed",
              "projectId": "desktop",
              "projectName": "desktop",
              "results": [],
              "status": "skipped"
            }
          ],
          "id": "4a5f74ac38a1c12a13b2-8324f54399109252d111",
          "file": "alchimie-action-recovery.spec.mjs",
          "line": 301,
          "column": 1
        },
        {
          "title": "another tab's pointer prevents mutation and loads its current round",
          "ok": true,
          "tags": [],
          "tests": [
            {
              "timeout": 45000,
              "annotations": [],
              "expectedStatus": "passed",
              "projectId": "desktop",
              "projectName": "desktop",
              "results": [],
              "status": "skipped"
            }
          ],
          "id": "4a5f74ac38a1c12a13b2-a7b8c06d2976df0d9585",
          "file": "alchimie-action-recovery.spec.mjs",
          "line": 312,
          "column": 1
        },
        {
          "title": "a changed saved round rejects an old mutation completion",
          "ok": true,
          "tags": [],
          "tests": [
            {
              "timeout": 45000,
              "annotations": [],
              "expectedStatus": "passed",
              "projectId": "desktop",
              "projectName": "desktop",
              "results": [],
              "status": "skipped"
            }
          ],
          "id": "4a5f74ac38a1c12a13b2-990a425e3d1aabe0c263",
          "file": "alchimie-action-recovery.spec.mjs",
          "line": 328,
          "column": 3
        },
        {
          "title": "a changed saved round rejects an old read completion",
          "ok": true,
          "tags": [],
          "tests": [
            {
              "timeout": 45000,
              "annotations": [],
              "expectedStatus": "passed",
              "projectId": "desktop",
              "projectName": "desktop",
              "results": [],
              "status": "skipped"
            }
          ],
          "id": "4a5f74ac38a1c12a13b2-cd845b8b0362d3887921",
          "file": "alchimie-action-recovery.spec.mjs",
          "line": 328,
          "column": 3
        },
        {
          "title": "a changed saved round rejects an old missing-read completion",
          "ok": true,
          "tags": [],
          "tests": [
            {
              "timeout": 45000,
              "annotations": [],
              "expectedStatus": "passed",
              "projectId": "desktop",
              "projectName": "desktop",
              "results": [],
              "status": "skipped"
            }
          ],
          "id": "4a5f74ac38a1c12a13b2-d9cab7f22d229f258d40",
          "file": "alchimie-action-recovery.spec.mjs",
          "line": 328,
          "column": 3
        },
        {
          "title": "unmount invalidates an old mutation reply and preserves owned progress for resume",
          "ok": true,
          "tags": [],
          "tests": [
            {
              "timeout": 45000,
              "annotations": [],
              "expectedStatus": "passed",
              "projectId": "desktop",
              "projectName": "desktop",
              "results": [],
              "status": "skipped"
            }
          ],
          "id": "4a5f74ac38a1c12a13b2-688ca05b227fa0f3b594",
          "file": "alchimie-action-recovery.spec.mjs",
          "line": 350,
          "column": 3
        },
        {
          "title": "unmount invalidates an old read reply and preserves owned progress for resume",
          "ok": true,
          "tags": [],
          "tests": [
            {
              "timeout": 45000,
              "annotations": [],
              "expectedStatus": "passed",
              "projectId": "desktop",
              "projectName": "desktop",
              "results": [],
              "status": "skipped"
            }
          ],
          "id": "4a5f74ac38a1c12a13b2-99ed92f9da622745dd04",
          "file": "alchimie-action-recovery.spec.mjs",
          "line": 350,
          "column": 3
        },
        {
          "title": "failed verification can start a fresh round without replaying the old action",
          "ok": true,
          "tags": [],
          "tests": [
            {
              "timeout": 45000,
              "annotations": [],
              "expectedStatus": "passed",
              "projectId": "desktop",
              "projectName": "desktop",
              "results": [],
              "status": "skipped"
            }
          ],
          "id": "4a5f74ac38a1c12a13b2-366b2ad59aab2d608222",
          "file": "alchimie-action-recovery.spec.mjs",
          "line": 370,
          "column": 1
        },
        {
          "title": "lost productive combine restores the exact earned inventory and private target",
          "ok": true,
          "tags": [],
          "tests": [
            {
              "timeout": 45000,
              "annotations": [],
              "expectedStatus": "passed",
              "projectId": "mobile",
              "projectName": "mobile",
              "results": [],
              "status": "skipped"
            }
          ],
          "id": "4a5f74ac38a1c12a13b2-86b261df2cda03f1885a",
          "file": "alchimie-action-recovery.spec.mjs",
          "line": 116,
          "column": 1
        },
        {
          "title": "lost paid output clue survives GET and resume without another charge",
          "ok": true,
          "tags": [],
          "tests": [
            {
              "timeout": 45000,
              "annotations": [],
              "expectedStatus": "passed",
              "projectId": "mobile",
              "projectName": "mobile",
              "results": [],
              "status": "skipped"
            }
          ],
          "id": "4a5f74ac38a1c12a13b2-c44a8576cf8eab772b76",
          "file": "alchimie-action-recovery.spec.mjs",
          "line": 144,
          "column": 3
        },
        {
          "title": "lost paid pair clue survives GET and resume without another charge",
          "ok": true,
          "tags": [],
          "tests": [
            {
              "timeout": 45000,
              "annotations": [],
              "expectedStatus": "passed",
              "projectId": "mobile",
              "projectName": "mobile",
              "results": [],
              "status": "skipped"
            }
          ],
          "id": "4a5f74ac38a1c12a13b2-b06d8c8d9d7a3dbab219",
          "file": "alchimie-action-recovery.spec.mjs",
          "line": 144,
          "column": 3
        },
        {
          "title": "lost paid category clue survives GET and resume without another charge",
          "ok": true,
          "tags": [],
          "tests": [
            {
              "timeout": 45000,
              "annotations": [],
              "expectedStatus": "passed",
              "projectId": "mobile",
              "projectName": "mobile",
              "results": [],
              "status": "skipped"
            }
          ],
          "id": "4a5f74ac38a1c12a13b2-bec02942fbe885300026",
          "file": "alchimie-action-recovery.spec.mjs",
          "line": 144,
          "column": 3
        },
        {
          "title": "lost reset restores original seeds, clears cue and experiment memory once",
          "ok": true,
          "tags": [],
          "tests": [
            {
              "timeout": 45000,
              "annotations": [],
              "expectedStatus": "passed",
              "projectId": "mobile",
              "projectName": "mobile",
              "results": [],
              "status": "skipped"
            }
          ],
          "id": "4a5f74ac38a1c12a13b2-ebe7ec031114a4887801",
          "file": "alchimie-action-recovery.spec.mjs",
          "line": 201,
          "column": 1
        },
        {
          "title": "lost winning combine records the terminal score exactly once",
          "ok": true,
          "tags": [],
          "tests": [
            {
              "timeout": 45000,
              "annotations": [],
              "expectedStatus": "passed",
              "projectId": "mobile",
              "projectName": "mobile",
              "results": [],
              "status": "skipped"
            }
          ],
          "id": "4a5f74ac38a1c12a13b2-87ea4028123cfc46def7",
          "file": "alchimie-action-recovery.spec.mjs",
          "line": 222,
          "column": 1
        },
        {
          "title": "failed verification persists, locks mutations and retries by GET only",
          "ok": true,
          "tags": [],
          "tests": [
            {
              "timeout": 45000,
              "annotations": [],
              "expectedStatus": "passed",
              "projectId": "mobile",
              "projectName": "mobile",
              "results": [],
              "status": "skipped"
            }
          ],
          "id": "4a5f74ac38a1c12a13b2-4e9f88c5b96cd761f794",
          "file": "alchimie-action-recovery.spec.mjs",
          "line": 243,
          "column": 1
        },
        {
          "title": "an uncommitted failed combine reads unchanged state without inventing discovery",
          "ok": true,
          "tags": [],
          "tests": [
            {
              "timeout": 45000,
              "annotations": [],
              "expectedStatus": "passed",
              "projectId": "mobile",
              "projectName": "mobile",
              "results": [],
              "status": "skipped"
            }
          ],
          "id": "4a5f74ac38a1c12a13b2-cd202a11cb8f908fe341",
          "file": "alchimie-action-recovery.spec.mjs",
          "line": 272,
          "column": 1
        },
        {
          "title": "a GET with another game id fails closed until an owned read succeeds",
          "ok": true,
          "tags": [],
          "tests": [
            {
              "timeout": 45000,
              "annotations": [],
              "expectedStatus": "passed",
              "projectId": "mobile",
              "projectName": "mobile",
              "results": [],
              "status": "skipped"
            }
          ],
          "id": "4a5f74ac38a1c12a13b2-dfdfddcd298408133faf",
          "file": "alchimie-action-recovery.spec.mjs",
          "line": 284,
          "column": 1
        },
        {
          "title": "an owned confirmed 404 forgets only that round and returns to setup",
          "ok": true,
          "tags": [],
          "tests": [
            {
              "timeout": 45000,
              "annotations": [],
              "expectedStatus": "passed",
              "projectId": "mobile",
              "projectName": "mobile",
              "results": [],
              "status": "skipped"
            }
          ],
          "id": "4a5f74ac38a1c12a13b2-6383124bf6b037d8a2c4",
          "file": "alchimie-action-recovery.spec.mjs",
          "line": 301,
          "column": 1
        },
        {
          "title": "another tab's pointer prevents mutation and loads its current round",
          "ok": true,
          "tags": [],
          "tests": [
            {
              "timeout": 45000,
              "annotations": [],
              "expectedStatus": "passed",
              "projectId": "mobile",
              "projectName": "mobile",
              "results": [],
              "status": "skipped"
            }
          ],
          "id": "4a5f74ac38a1c12a13b2-2a4bb30c05e29f6fe7e2",
          "file": "alchimie-action-recovery.spec.mjs",
          "line": 312,
          "column": 1
        },
        {
          "title": "a changed saved round rejects an old mutation completion",
          "ok": true,
          "tags": [],
          "tests": [
            {
              "timeout": 45000,
              "annotations": [],
              "expectedStatus": "passed",
              "projectId": "mobile",
              "projectName": "mobile",
              "results": [],
              "status": "skipped"
            }
          ],
          "id": "4a5f74ac38a1c12a13b2-e1e29478e0a52b024bc7",
          "file": "alchimie-action-recovery.spec.mjs",
          "line": 328,
          "column": 3
        },
        {
          "title": "a changed saved round rejects an old read completion",
          "ok": true,
          "tags": [],
          "tests": [
            {
              "timeout": 45000,
              "annotations": [],
              "expectedStatus": "passed",
              "projectId": "mobile",
              "projectName": "mobile",
              "results": [],
              "status": "skipped"
            }
          ],
          "id": "4a5f74ac38a1c12a13b2-75c29ea66dab263e2a22",
          "file": "alchimie-action-recovery.spec.mjs",
          "line": 328,
          "column": 3
        },
        {
          "title": "a changed saved round rejects an old missing-read completion",
          "ok": true,
          "tags": [],
          "tests": [
            {
              "timeout": 45000,
              "annotations": [],
              "expectedStatus": "passed",
              "projectId": "mobile",
              "projectName": "mobile",
              "results": [],
              "status": "skipped"
            }
          ],
          "id": "4a5f74ac38a1c12a13b2-678c7fbbfc8726a9dc65",
          "file": "alchimie-action-recovery.spec.mjs",
          "line": 328,
          "column": 3
        },
        {
          "title": "unmount invalidates an old mutation reply and preserves owned progress for resume",
          "ok": true,
          "tags": [],
          "tests": [
            {
              "timeout": 45000,
              "annotations": [],
              "expectedStatus": "passed",
              "projectId": "mobile",
              "projectName": "mobile",
              "results": [],
              "status": "skipped"
            }
          ],
          "id": "4a5f74ac38a1c12a13b2-1eae23d6848189dda717",
          "file": "alchimie-action-recovery.spec.mjs",
          "line": 350,
          "column": 3
        },
        {
          "title": "unmount invalidates an old read reply and preserves owned progress for resume",
          "ok": true,
          "tags": [],
          "tests": [
            {
              "timeout": 45000,
              "annotations": [],
              "expectedStatus": "passed",
              "projectId": "mobile",
              "projectName": "mobile",
              "results": [],
              "status": "skipped"
            }
          ],
          "id": "4a5f74ac38a1c12a13b2-1e72d1c6c1b629bbc2a5",
          "file": "alchimie-action-recovery.spec.mjs",
          "line": 350,
          "column": 3
        },
        {
          "title": "failed verification can start a fresh round without replaying the old action",
          "ok": true,
          "tags": [],
          "tests": [
            {
              "timeout": 45000,
              "annotations": [],
              "expectedStatus": "passed",
              "projectId": "mobile",
              "projectName": "mobile",
              "results": [],
              "status": "skipped"
            }
          ],
          "id": "4a5f74ac38a1c12a13b2-3cd4c34af50abb8aeca8",
          "file": "alchimie-action-recovery.spec.mjs",
          "line": 370,
          "column": 1
        }
      ]
    },
    {
      "title": "alchimie-content-freedom.spec.mjs",
      "file": "alchimie-content-freedom.spec.mjs",
      "column": 0,
      "line": 0,
      "specs": [
        {
          "title": "Dinamo București and Rapid București now have the same coherent club recipe",
          "ok": true,
          "tags": [],
          "tests": [
            {
              "timeout": 45000,
              "annotations": [],
              "expectedStatus": "passed",
              "projectId": "desktop",
              "projectName": "desktop",
              "results": [],
              "status": "skipped"
            }
          ],
          "id": "4ae2417911a3d9d565d4-a781f7b1d35b7781ba6e",
          "file": "alchimie-content-freedom.spec.mjs",
          "line": 20,
          "column": 3
        },
        {
          "title": "Dinamo București and CFR Cluj now have the same coherent club recipe",
          "ok": true,
          "tags": [],
          "tests": [
            {
              "timeout": 45000,
              "annotations": [],
              "expectedStatus": "passed",
              "projectId": "desktop",
              "projectName": "desktop",
              "results": [],
              "status": "skipped"
            }
          ],
          "id": "4ae2417911a3d9d565d4-5b619f31d0423f30306d",
          "file": "alchimie-content-freedom.spec.mjs",
          "line": 20,
          "column": 3
        },
        {
          "title": "CFR Cluj and FCSB now have the same coherent club recipe",
          "ok": true,
          "tags": [],
          "tests": [
            {
              "timeout": 45000,
              "annotations": [],
              "expectedStatus": "passed",
              "projectId": "desktop",
              "projectName": "desktop",
              "results": [],
              "status": "skipped"
            }
          ],
          "id": "4ae2417911a3d9d565d4-95bf37e96f28ad88d3ab",
          "file": "alchimie-content-freedom.spec.mjs",
          "line": 20,
          "column": 3
        },
        {
          "title": "empty experiments stay free while a real two-craft solution still completes",
          "ok": true,
          "tags": [],
          "tests": [
            {
              "timeout": 45000,
              "annotations": [],
              "expectedStatus": "passed",
              "projectId": "desktop",
              "projectName": "desktop",
              "results": [],
              "status": "skipped"
            }
          ],
          "id": "4ae2417911a3d9d565d4-630fd2ad7d9925a31bb8",
          "file": "alchimie-content-freedom.spec.mjs",
          "line": 41,
          "column": 1
        },
        {
          "title": "Dinamo București and Rapid București now have the same coherent club recipe",
          "ok": true,
          "tags": [],
          "tests": [
            {
              "timeout": 45000,
              "annotations": [],
              "expectedStatus": "passed",
              "projectId": "mobile",
              "projectName": "mobile",
              "results": [],
              "status": "skipped"
            }
          ],
          "id": "4ae2417911a3d9d565d4-cdd3b86a57e0d8494308",
          "file": "alchimie-content-freedom.spec.mjs",
          "line": 20,
          "column": 3
        },
        {
          "title": "Dinamo București and CFR Cluj now have the same coherent club recipe",
          "ok": true,
          "tags": [],
          "tests": [
            {
              "timeout": 45000,
              "annotations": [],
              "expectedStatus": "passed",
              "projectId": "mobile",
              "projectName": "mobile",
              "results": [],
              "status": "skipped"
            }
          ],
          "id": "4ae2417911a3d9d565d4-b022fb2bbaef8236d5d6",
          "file": "alchimie-content-freedom.spec.mjs",
          "line": 20,
          "column": 3
        },
        {
          "title": "CFR Cluj and FCSB now have the same coherent club recipe",
          "ok": true,
          "tags": [],
          "tests": [
            {
              "timeout": 45000,
              "annotations": [],
              "expectedStatus": "passed",
              "projectId": "mobile",
              "projectName": "mobile",
              "results": [],
              "status": "skipped"
            }
          ],
          "id": "4ae2417911a3d9d565d4-64af3909cdc4d3569335",
          "file": "alchimie-content-freedom.spec.mjs",
          "line": 20,
          "column": 3
        },
        {
          "title": "empty experiments stay free while a real two-craft solution still completes",
          "ok": true,
          "tags": [],
          "tests": [
            {
              "timeout": 45000,
              "annotations": [],
              "expectedStatus": "passed",
              "projectId": "mobile",
              "projectName": "mobile",
              "results": [],
              "status": "skipped"
            }
          ],
          "id": "4ae2417911a3d9d565d4-f0f321ab2a4edf357475",
          "file": "alchimie-content-freedom.spec.mjs",
          "line": 41,
          "column": 1
        }
      ]
    },
    {
      "title": "alchimie-empty-pairs.spec.mjs",
      "file": "alchimie-empty-pairs.spec.mjs",
      "column": 0,
      "line": 0,
      "specs": [
        {
          "title": "observed empty partners are marked and repeated/reversed taps need no new request",
          "ok": true,
          "tags": [],
          "tests": [
            {
              "timeout": 45000,
              "annotations": [],
              "expectedStatus": "passed",
              "projectId": "desktop",
              "projectName": "desktop",
              "results": [],
              "status": "skipped"
            }
          ],
          "id": "5d98528ca40ce0cf509e-f3a73df929abe7db720c",
          "file": "alchimie-empty-pairs.spec.mjs",
          "line": 29,
          "column": 1
        },
        {
          "title": "GET reload and goal changes preserve observations without blocking a valid recipe",
          "ok": true,
          "tags": [],
          "tests": [
            {
              "timeout": 45000,
              "annotations": [],
              "expectedStatus": "passed",
              "projectId": "desktop",
              "projectName": "desktop",
              "results": [],
              "status": "skipped"
            }
          ],
          "id": "5d98528ca40ce0cf509e-2ab109a4a0f5046d2fd8",
          "file": "alchimie-empty-pairs.spec.mjs",
          "line": 54,
          "column": 1
        },
        {
          "title": "lost uncommitted empty reply trusts only recovery GET",
          "ok": true,
          "tags": [],
          "tests": [
            {
              "timeout": 45000,
              "annotations": [],
              "expectedStatus": "passed",
              "projectId": "desktop",
              "projectName": "desktop",
              "results": [],
              "status": "skipped"
            }
          ],
          "id": "5d98528ca40ce0cf509e-7f25bd0076d5e9678062",
          "file": "alchimie-empty-pairs.spec.mjs",
          "line": 74,
          "column": 3
        },
        {
          "title": "lost committed empty reply trusts only recovery GET",
          "ok": true,
          "tags": [],
          "tests": [
            {
              "timeout": 45000,
              "annotations": [],
              "expectedStatus": "passed",
              "projectId": "desktop",
              "projectName": "desktop",
              "results": [],
              "status": "skipped"
            }
          ],
          "id": "5d98528ca40ce0cf509e-683fbeda5231654ae001",
          "file": "alchimie-empty-pairs.spec.mjs",
          "line": 74,
          "column": 3
        },
        {
          "title": "cached acknowledgment honors changed saved-collection ownership",
          "ok": true,
          "tags": [],
          "tests": [
            {
              "timeout": 45000,
              "annotations": [],
              "expectedStatus": "passed",
              "projectId": "desktop",
              "projectName": "desktop",
              "results": [],
              "status": "skipped"
            }
          ],
          "id": "5d98528ca40ce0cf509e-31935622b7a8594fb026",
          "file": "alchimie-empty-pairs.spec.mjs",
          "line": 101,
          "column": 1
        },
        {
          "title": "an aged observation rechecks the server and a newer book clears old markers",
          "ok": true,
          "tags": [],
          "tests": [
            {
              "timeout": 45000,
              "annotations": [],
              "expectedStatus": "passed",
              "projectId": "desktop",
              "projectName": "desktop",
              "results": [],
              "status": "skipped"
            }
          ],
          "id": "5d98528ca40ce0cf509e-9917561ccf08e7200cde",
          "file": "alchimie-empty-pairs.spec.mjs",
          "line": 118,
          "column": 1
        },
        {
          "title": "empty feedback and marked keyboard partner fit 320px with doubled text",
          "ok": true,
          "tags": [],
          "tests": [
            {
              "timeout": 45000,
              "annotations": [],
              "expectedStatus": "passed",
              "projectId": "desktop",
              "projectName": "desktop",
              "results": [],
              "status": "skipped"
            }
          ],
          "id": "5d98528ca40ce0cf509e-4438e644959e1e31f1be",
          "file": "alchimie-empty-pairs.spec.mjs",
          "line": 143,
          "column": 1
        },
        {
          "title": "identical cached retries cannot restore stale focus after a lost uncommitted craft",
          "ok": true,
          "tags": [],
          "tests": [
            {
              "timeout": 45000,
              "annotations": [],
              "expectedStatus": "passed",
              "projectId": "desktop",
              "projectName": "desktop",
              "results": [],
              "status": "skipped"
            }
          ],
          "id": "5d98528ca40ce0cf509e-2280937e3f74bf501358",
          "file": "alchimie-empty-pairs.spec.mjs",
          "line": 160,
          "column": 3
        },
        {
          "title": "identical cached retries cannot restore stale focus after a lost committed craft",
          "ok": true,
          "tags": [],
          "tests": [
            {
              "timeout": 45000,
              "annotations": [],
              "expectedStatus": "passed",
              "projectId": "desktop",
              "projectName": "desktop",
              "results": [],
              "status": "skipped"
            }
          ],
          "id": "5d98528ca40ce0cf509e-f37c4a6d6ebe0bd38d66",
          "file": "alchimie-empty-pairs.spec.mjs",
          "line": 160,
          "column": 3
        },
        {
          "title": "observed empty partners are marked and repeated/reversed taps need no new request",
          "ok": true,
          "tags": [],
          "tests": [
            {
              "timeout": 45000,
              "annotations": [],
              "expectedStatus": "passed",
              "projectId": "mobile",
              "projectName": "mobile",
              "results": [],
              "status": "skipped"
            }
          ],
          "id": "5d98528ca40ce0cf509e-67bdcc91e0d4b2e01b96",
          "file": "alchimie-empty-pairs.spec.mjs",
          "line": 29,
          "column": 1
        },
        {
          "title": "GET reload and goal changes preserve observations without blocking a valid recipe",
          "ok": true,
          "tags": [],
          "tests": [
            {
              "timeout": 45000,
              "annotations": [],
              "expectedStatus": "passed",
              "projectId": "mobile",
              "projectName": "mobile",
              "results": [],
              "status": "skipped"
            }
          ],
          "id": "5d98528ca40ce0cf509e-27712d780af82df0954e",
          "file": "alchimie-empty-pairs.spec.mjs",
          "line": 54,
          "column": 1
        },
        {
          "title": "lost uncommitted empty reply trusts only recovery GET",
          "ok": true,
          "tags": [],
          "tests": [
            {
              "timeout": 45000,
              "annotations": [],
              "expectedStatus": "passed",
              "projectId": "mobile",
              "projectName": "mobile",
              "results": [],
              "status": "skipped"
            }
          ],
          "id": "5d98528ca40ce0cf509e-a290a0a0bb679082cf9d",
          "file": "alchimie-empty-pairs.spec.mjs",
          "line": 74,
          "column": 3
        },
        {
          "title": "lost committed empty reply trusts only recovery GET",
          "ok": true,
          "tags": [],
          "tests": [
            {
              "timeout": 45000,
              "annotations": [],
              "expectedStatus": "passed",
              "projectId": "mobile",
              "projectName": "mobile",
              "results": [],
              "status": "skipped"
            }
          ],
          "id": "5d98528ca40ce0cf509e-f25582e1f640e12a9623",
          "file": "alchimie-empty-pairs.spec.mjs",
          "line": 74,
          "column": 3
        },
        {
          "title": "cached acknowledgment honors changed saved-collection ownership",
          "ok": true,
          "tags": [],
          "tests": [
            {
              "timeout": 45000,
              "annotations": [],
              "expectedStatus": "passed",
              "projectId": "mobile",
              "projectName": "mobile",
              "results": [],
              "status": "skipped"
            }
          ],
          "id": "5d98528ca40ce0cf509e-6b72d31eb8a51d654206",
          "file": "alchimie-empty-pairs.spec.mjs",
          "line": 101,
          "column": 1
        },
        {
          "title": "an aged observation rechecks the server and a newer book clears old markers",
          "ok": true,
          "tags": [],
          "tests": [
            {
              "timeout": 45000,
              "annotations": [],
              "expectedStatus": "passed",
              "projectId": "mobile",
              "projectName": "mobile",
              "results": [],
              "status": "skipped"
            }
          ],
          "id": "5d98528ca40ce0cf509e-b4cab5633f1939f7971c",
          "file": "alchimie-empty-pairs.spec.mjs",
          "line": 118,
          "column": 1
        },
        {
          "title": "empty feedback and marked keyboard partner fit 320px with doubled text",
          "ok": true,
          "tags": [],
          "tests": [
            {
              "timeout": 45000,
              "annotations": [],
              "expectedStatus": "passed",
              "projectId": "mobile",
              "projectName": "mobile",
              "results": [],
              "status": "skipped"
            }
          ],
          "id": "5d98528ca40ce0cf509e-78e2238c9f56ec229de7",
          "file": "alchimie-empty-pairs.spec.mjs",
          "line": 143,
          "column": 1
        },
        {
          "title": "identical cached retries cannot restore stale focus after a lost uncommitted craft",
          "ok": true,
          "tags": [],
          "tests": [
            {
              "timeout": 45000,
              "annotations": [],
              "expectedStatus": "passed",
              "projectId": "mobile",
              "projectName": "mobile",
              "results": [],
              "status": "skipped"
            }
          ],
          "id": "5d98528ca40ce0cf509e-048eb80246ceae5d8964",
          "file": "alchimie-empty-pairs.spec.mjs",
          "line": 160,
          "column": 3
        },
        {
          "title": "identical cached retries cannot restore stale focus after a lost committed craft",
          "ok": true,
          "tags": [],
          "tests": [
            {
              "timeout": 45000,
              "annotations": [],
              "expectedStatus": "passed",
              "projectId": "mobile",
              "projectName": "mobile",
              "results": [],
              "status": "skipped"
            }
          ],
          "id": "5d98528ca40ce0cf509e-631aa746e19ac6fa614d",
          "file": "alchimie-empty-pairs.spec.mjs",
          "line": 160,
          "column": 3
        }
      ]
    },
    {
      "title": "alchimie-exploration.spec.mjs",
      "file": "alchimie-exploration.spec.mjs",
      "column": 0,
      "line": 0,
      "specs": [
        {
          "title": "exploration is the clean default, saves discoveries, searches accents and restores expired sessions",
          "ok": true,
          "tags": [],
          "tests": [
            {
              "timeout": 45000,
              "annotations": [],
              "expectedStatus": "passed",
              "projectId": "desktop",
              "projectName": "desktop",
              "results": [],
              "status": "skipped"
            }
          ],
          "id": "9d28b01aa6ee292aad3d-5915688c66469b4fa58a",
          "file": "alchimie-exploration.spec.mjs",
          "line": 70,
          "column": 1
        },
        {
          "title": "optional goal completion keeps exploration playable and pantry gifts arrive automatically",
          "ok": true,
          "tags": [],
          "tests": [
            {
              "timeout": 45000,
              "annotations": [],
              "expectedStatus": "passed",
              "projectId": "desktop",
              "projectName": "desktop",
              "results": [],
              "status": "skipped"
            }
          ],
          "id": "9d28b01aa6ee292aad3d-fff1f508113d7a1bbcdd",
          "file": "alchimie-exploration.spec.mjs",
          "line": 102,
          "column": 1
        },
        {
          "title": "dragging a suggested word onto its partner crafts directly",
          "ok": true,
          "tags": [],
          "tests": [
            {
              "timeout": 45000,
              "annotations": [],
              "expectedStatus": "passed",
              "projectId": "desktop",
              "projectName": "desktop",
              "results": [],
              "status": "skipped"
            }
          ],
          "id": "9d28b01aa6ee292aad3d-0f7d874b54ab54984910",
          "file": "alchimie-exploration.spec.mjs",
          "line": 128,
          "column": 1
        },
        {
          "title": "a lost combine response reconciles once without submitting the recipe twice",
          "ok": true,
          "tags": [],
          "tests": [
            {
              "timeout": 45000,
              "annotations": [],
              "expectedStatus": "passed",
              "projectId": "desktop",
              "projectName": "desktop",
              "results": [],
              "status": "skipped"
            }
          ],
          "id": "9d28b01aa6ee292aad3d-865fe2a28ef4c75aeabe",
          "file": "alchimie-exploration.spec.mjs",
          "line": 138,
          "column": 1
        },
        {
          "title": "failed recovery blocks mutations until the authoritative collection reloads",
          "ok": true,
          "tags": [],
          "tests": [
            {
              "timeout": 45000,
              "annotations": [],
              "expectedStatus": "passed",
              "projectId": "desktop",
              "projectName": "desktop",
              "results": [],
              "status": "skipped"
            }
          ],
          "id": "9d28b01aa6ee292aad3d-8215aa6ccf84cbb00771",
          "file": "alchimie-exploration.spec.mjs",
          "line": 156,
          "column": 1
        },
        {
          "title": "a second tab cannot overwrite newer saved progress",
          "ok": true,
          "tags": [],
          "tests": [
            {
              "timeout": 45000,
              "annotations": [],
              "expectedStatus": "passed",
              "projectId": "desktop",
              "projectName": "desktop",
              "results": [],
              "status": "skipped"
            }
          ],
          "id": "9d28b01aa6ee292aad3d-e2449a3ce24bd0ecc640",
          "file": "alchimie-exploration.spec.mjs",
          "line": 172,
          "column": 1
        },
        {
          "title": "a malformed local checkpoint stays preserved with visible recovery",
          "ok": true,
          "tags": [],
          "tests": [
            {
              "timeout": 45000,
              "annotations": [],
              "expectedStatus": "passed",
              "projectId": "desktop",
              "projectName": "desktop",
              "results": [],
              "status": "skipped"
            }
          ],
          "id": "9d28b01aa6ee292aad3d-037233c773baa781d00a",
          "file": "alchimie-exploration.spec.mjs",
          "line": 187,
          "column": 1
        },
        {
          "title": "a checkpoint from a different recipe book is retained when restore is rejected",
          "ok": true,
          "tags": [],
          "tests": [
            {
              "timeout": 45000,
              "annotations": [],
              "expectedStatus": "passed",
              "projectId": "desktop",
              "projectName": "desktop",
              "results": [],
              "status": "skipped"
            }
          ],
          "id": "9d28b01aa6ee292aad3d-a676220230c8eff28c88",
          "file": "alchimie-exploration.spec.mjs",
          "line": 197,
          "column": 1
        },
        {
          "title": "the original kitchen collection upgrades without losing recipes, pantry supplies or its chosen goal",
          "ok": true,
          "tags": [],
          "tests": [
            {
              "timeout": 45000,
              "annotations": [],
              "expectedStatus": "passed",
              "projectId": "desktop",
              "projectName": "desktop",
              "results": [],
              "status": "skipped"
            }
          ],
          "id": "9d28b01aa6ee292aad3d-81476ac939c4748425c8",
          "file": "alchimie-exploration.spec.mjs",
          "line": 213,
          "column": 1
        },
        {
          "title": "a completed 111-concept collection keeps every earned item and opens the larger world",
          "ok": true,
          "tags": [],
          "tests": [
            {
              "timeout": 45000,
              "annotations": [],
              "expectedStatus": "passed",
              "projectId": "desktop",
              "projectName": "desktop",
              "results": [],
              "status": "skipped"
            }
          ],
          "id": "9d28b01aa6ee292aad3d-6711b580791158407531",
          "file": "alchimie-exploration.spec.mjs",
          "line": 249,
          "column": 1
        },
        {
          "title": "a completed221-word 285-recipe save keeps its journal and opens the new discoveries",
          "ok": true,
          "tags": [],
          "tests": [
            {
              "timeout": 45000,
              "annotations": [],
              "expectedStatus": "passed",
              "projectId": "desktop",
              "projectName": "desktop",
              "results": [],
              "status": "skipped"
            }
          ],
          "id": "9d28b01aa6ee292aad3d-ef79e82ef520bdfe6875",
          "file": "alchimie-exploration.spec.mjs",
          "line": 294,
          "column": 3
        },
        {
          "title": "a completed221-word 288-recipe save keeps its journal and opens the new discoveries",
          "ok": true,
          "tags": [],
          "tests": [
            {
              "timeout": 45000,
              "annotations": [],
              "expectedStatus": "passed",
              "projectId": "desktop",
              "projectName": "desktop",
              "results": [],
              "status": "skipped"
            }
          ],
          "id": "9d28b01aa6ee292aad3d-2330306b0ceb07ed403d",
          "file": "alchimie-exploration.spec.mjs",
          "line": 294,
          "column": 3
        },
        {
          "title": "deep keyboard crafting keeps Aluat focus visible",
          "ok": true,
          "tags": [],
          "tests": [
            {
              "timeout": 45000,
              "annotations": [],
              "expectedStatus": "passed",
              "projectId": "desktop",
              "projectName": "desktop",
              "results": [],
              "status": "skipped"
            }
          ],
          "id": "9d28b01aa6ee292aad3d-fbb439b3a1b7ea04674c",
          "file": "alchimie-exploration.spec.mjs",
          "line": 331,
          "column": 3
        },
        {
          "title": "deep keyboard crafting keeps Pesto focus visible",
          "ok": true,
          "tags": [],
          "tests": [
            {
              "timeout": 45000,
              "annotations": [],
              "expectedStatus": "passed",
              "projectId": "desktop",
              "projectName": "desktop",
              "results": [],
              "status": "skipped"
            }
          ],
          "id": "9d28b01aa6ee292aad3d-e04b0d0883381d96446e",
          "file": "alchimie-exploration.spec.mjs",
          "line": 331,
          "column": 3
        },
        {
          "title": "deep keyboard crafting keeps the collection focus visible",
          "ok": true,
          "tags": [],
          "tests": [
            {
              "timeout": 45000,
              "annotations": [],
              "expectedStatus": "passed",
              "projectId": "desktop",
              "projectName": "desktop",
              "results": [],
              "status": "skipped"
            }
          ],
          "id": "9d28b01aa6ee292aad3d-74ae2f5e62115500571d",
          "file": "alchimie-exploration.spec.mjs",
          "line": 331,
          "column": 3
        },
        {
          "title": "the daily circuit opens scored challenges while the arcade card opens exploration",
          "ok": true,
          "tags": [],
          "tests": [
            {
              "timeout": 45000,
              "annotations": [],
              "expectedStatus": "passed",
              "projectId": "desktop",
              "projectName": "desktop",
              "results": [],
              "status": "skipped"
            }
          ],
          "id": "9d28b01aa6ee292aad3d-6b6f1881c401a4f21baa",
          "file": "alchimie-exploration.spec.mjs",
          "line": 363,
          "column": 1
        },
        {
          "title": "exploration intro, active collection and earned recipes are accessible",
          "ok": true,
          "tags": [],
          "tests": [
            {
              "timeout": 45000,
              "annotations": [],
              "expectedStatus": "passed",
              "projectId": "desktop",
              "projectName": "desktop",
              "results": [],
              "status": "skipped"
            }
          ],
          "id": "9d28b01aa6ee292aad3d-4a999f0f646d36c7de36",
          "file": "alchimie-exploration.spec.mjs",
          "line": 373,
          "column": 1
        },
        {
          "title": "exploration starts with all eight words visible at 390px without opening optional tools",
          "ok": true,
          "tags": [],
          "tests": [
            {
              "timeout": 45000,
              "annotations": [],
              "expectedStatus": "passed",
              "projectId": "desktop",
              "projectName": "desktop",
              "results": [],
              "status": "skipped"
            }
          ],
          "id": "9d28b01aa6ee292aad3d-3cc1af030a8b70993928",
          "file": "alchimie-exploration.spec.mjs",
          "line": 402,
          "column": 3
        },
        {
          "title": "exploration starts with all eight words visible at 320px without opening optional tools",
          "ok": true,
          "tags": [],
          "tests": [
            {
              "timeout": 45000,
              "annotations": [],
              "expectedStatus": "passed",
              "projectId": "desktop",
              "projectName": "desktop",
              "results": [],
              "status": "skipped"
            }
          ],
          "id": "9d28b01aa6ee292aad3d-0466f20d4281831c6633",
          "file": "alchimie-exploration.spec.mjs",
          "line": 402,
          "column": 3
        },
        {
          "title": "exploration keeps bottom-of-collection craft feedback visible and lets short views scroll normally",
          "ok": true,
          "tags": [],
          "tests": [
            {
              "timeout": 45000,
              "annotations": [],
              "expectedStatus": "passed",
              "projectId": "desktop",
              "projectName": "desktop",
              "results": [],
              "status": "skipped"
            }
          ],
          "id": "9d28b01aa6ee292aad3d-d74bc18ecb7490b8781d",
          "file": "alchimie-exploration.spec.mjs",
          "line": 433,
          "column": 1
        },
        {
          "title": "exploration is the clean default, saves discoveries, searches accents and restores expired sessions",
          "ok": true,
          "tags": [],
          "tests": [
            {
              "timeout": 45000,
              "annotations": [],
              "expectedStatus": "passed",
              "projectId": "mobile",
              "projectName": "mobile",
              "results": [],
              "status": "skipped"
            }
          ],
          "id": "9d28b01aa6ee292aad3d-5ed31f9e6f9768132da8",
          "file": "alchimie-exploration.spec.mjs",
          "line": 70,
          "column": 1
        },
        {
          "title": "optional goal completion keeps exploration playable and pantry gifts arrive automatically",
          "ok": true,
          "tags": [],
          "tests": [
            {
              "timeout": 45000,
              "annotations": [],
              "expectedStatus": "passed",
              "projectId": "mobile",
              "projectName": "mobile",
              "results": [],
              "status": "skipped"
            }
          ],
          "id": "9d28b01aa6ee292aad3d-e013603821bbfdf0cd49",
          "file": "alchimie-exploration.spec.mjs",
          "line": 102,
          "column": 1
        },
        {
          "title": "dragging a suggested word onto its partner crafts directly",
          "ok": true,
          "tags": [],
          "tests": [
            {
              "timeout": 45000,
              "annotations": [],
              "expectedStatus": "passed",
              "projectId": "mobile",
              "projectName": "mobile",
              "results": [],
              "status": "skipped"
            }
          ],
          "id": "9d28b01aa6ee292aad3d-45fa55028653d282e990",
          "file": "alchimie-exploration.spec.mjs",
          "line": 128,
          "column": 1
        },
        {
          "title": "a lost combine response reconciles once without submitting the recipe twice",
          "ok": true,
          "tags": [],
          "tests": [
            {
              "timeout": 45000,
              "annotations": [],
              "expectedStatus": "passed",
              "projectId": "mobile",
              "projectName": "mobile",
              "results": [],
              "status": "skipped"
            }
          ],
          "id": "9d28b01aa6ee292aad3d-a0dbd9df0d53aad8765b",
          "file": "alchimie-exploration.spec.mjs",
          "line": 138,
          "column": 1
        },
        {
          "title": "failed recovery blocks mutations until the authoritative collection reloads",
          "ok": true,
          "tags": [],
          "tests": [
            {
              "timeout": 45000,
              "annotations": [],
              "expectedStatus": "passed",
              "projectId": "mobile",
              "projectName": "mobile",
              "results": [],
              "status": "skipped"
            }
          ],
          "id": "9d28b01aa6ee292aad3d-791eaff3c2cb3a7e03cf",
          "file": "alchimie-exploration.spec.mjs",
          "line": 156,
          "column": 1
        },
        {
          "title": "a second tab cannot overwrite newer saved progress",
          "ok": true,
          "tags": [],
          "tests": [
            {
              "timeout": 45000,
              "annotations": [],
              "expectedStatus": "passed",
              "projectId": "mobile",
              "projectName": "mobile",
              "results": [],
              "status": "skipped"
            }
          ],
          "id": "9d28b01aa6ee292aad3d-2643ef3dc06317dcecc6",
          "file": "alchimie-exploration.spec.mjs",
          "line": 172,
          "column": 1
        },
        {
          "title": "a malformed local checkpoint stays preserved with visible recovery",
          "ok": true,
          "tags": [],
          "tests": [
            {
              "timeout": 45000,
              "annotations": [],
              "expectedStatus": "passed",
              "projectId": "mobile",
              "projectName": "mobile",
              "results": [],
              "status": "skipped"
            }
          ],
          "id": "9d28b01aa6ee292aad3d-322d527aba30d96f759f",
          "file": "alchimie-exploration.spec.mjs",
          "line": 187,
          "column": 1
        },
        {
          "title": "a checkpoint from a different recipe book is retained when restore is rejected",
          "ok": true,
          "tags": [],
          "tests": [
            {
              "timeout": 45000,
              "annotations": [],
              "expectedStatus": "passed",
              "projectId": "mobile",
              "projectName": "mobile",
              "results": [],
              "status": "skipped"
            }
          ],
          "id": "9d28b01aa6ee292aad3d-3c4870b14c25067140db",
          "file": "alchimie-exploration.spec.mjs",
          "line": 197,
          "column": 1
        },
        {
          "title": "the original kitchen collection upgrades without losing recipes, pantry supplies or its chosen goal",
          "ok": true,
          "tags": [],
          "tests": [
            {
              "timeout": 45000,
              "annotations": [],
              "expectedStatus": "passed",
              "projectId": "mobile",
              "projectName": "mobile",
              "results": [],
              "status": "skipped"
            }
          ],
          "id": "9d28b01aa6ee292aad3d-751b72325b9526510b43",
          "file": "alchimie-exploration.spec.mjs",
          "line": 213,
          "column": 1
        },
        {
          "title": "a completed 111-concept collection keeps every earned item and opens the larger world",
          "ok": true,
          "tags": [],
          "tests": [
            {
              "timeout": 45000,
              "annotations": [],
              "expectedStatus": "passed",
              "projectId": "mobile",
              "projectName": "mobile",
              "results": [],
              "status": "skipped"
            }
          ],
          "id": "9d28b01aa6ee292aad3d-1daf00f1e5d3d1fa7180",
          "file": "alchimie-exploration.spec.mjs",
          "line": 249,
          "column": 1
        },
        {
          "title": "a completed221-word 285-recipe save keeps its journal and opens the new discoveries",
          "ok": true,
          "tags": [],
          "tests": [
            {
              "timeout": 45000,
              "annotations": [],
              "expectedStatus": "passed",
              "projectId": "mobile",
              "projectName": "mobile",
              "results": [],
              "status": "skipped"
            }
          ],
          "id": "9d28b01aa6ee292aad3d-2cf6f316ac48b12e3bc4",
          "file": "alchimie-exploration.spec.mjs",
          "line": 294,
          "column": 3
        },
        {
          "title": "a completed221-word 288-recipe save keeps its journal and opens the new discoveries",
          "ok": true,
          "tags": [],
          "tests": [
            {
              "timeout": 45000,
              "annotations": [],
              "expectedStatus": "passed",
              "projectId": "mobile",
              "projectName": "mobile",
              "results": [],
              "status": "skipped"
            }
          ],
          "id": "9d28b01aa6ee292aad3d-0e04cbd7dfe7abbab7a6",
          "file": "alchimie-exploration.spec.mjs",
          "line": 294,
          "column": 3
        },
        {
          "title": "deep keyboard crafting keeps Aluat focus visible",
          "ok": true,
          "tags": [],
          "tests": [
            {
              "timeout": 45000,
              "annotations": [],
              "expectedStatus": "passed",
              "projectId": "mobile",
              "projectName": "mobile",
              "results": [],
              "status": "skipped"
            }
          ],
          "id": "9d28b01aa6ee292aad3d-b7222bc42951d4665b12",
          "file": "alchimie-exploration.spec.mjs",
          "line": 331,
          "column": 3
        },
        {
          "title": "deep keyboard crafting keeps Pesto focus visible",
          "ok": true,
          "tags": [],
          "tests": [
            {
              "timeout": 45000,
              "annotations": [],
              "expectedStatus": "passed",
              "projectId": "mobile",
              "projectName": "mobile",
              "results": [],
              "status": "skipped"
            }
          ],
          "id": "9d28b01aa6ee292aad3d-fd856420908a09d09eda",
          "file": "alchimie-exploration.spec.mjs",
          "line": 331,
          "column": 3
        },
        {
          "title": "deep keyboard crafting keeps the collection focus visible",
          "ok": true,
          "tags": [],
          "tests": [
            {
              "timeout": 45000,
              "annotations": [],
              "expectedStatus": "passed",
              "projectId": "mobile",
              "projectName": "mobile",
              "results": [],
              "status": "skipped"
            }
          ],
          "id": "9d28b01aa6ee292aad3d-c1d811ddc34fdc864c68",
          "file": "alchimie-exploration.spec.mjs",
          "line": 331,
          "column": 3
        },
        {
          "title": "the daily circuit opens scored challenges while the arcade card opens exploration",
          "ok": true,
          "tags": [],
          "tests": [
            {
              "timeout": 45000,
              "annotations": [],
              "expectedStatus": "passed",
              "projectId": "mobile",
              "projectName": "mobile",
              "results": [],
              "status": "skipped"
            }
          ],
          "id": "9d28b01aa6ee292aad3d-fd1427b0765539a41a46",
          "file": "alchimie-exploration.spec.mjs",
          "line": 363,
          "column": 1
        },
        {
          "title": "exploration intro, active collection and earned recipes are accessible",
          "ok": true,
          "tags": [],
          "tests": [
            {
              "timeout": 45000,
              "annotations": [],
              "expectedStatus": "passed",
              "projectId": "mobile",
              "projectName": "mobile",
              "results": [],
              "status": "skipped"
            }
          ],
          "id": "9d28b01aa6ee292aad3d-6b3cd3f3ebda6aa32e87",
          "file": "alchimie-exploration.spec.mjs",
          "line": 373,
          "column": 1
        },
        {
          "title": "exploration starts with all eight words visible at 390px without opening optional tools",
          "ok": true,
          "tags": [],
          "tests": [
            {
              "timeout": 45000,
              "annotations": [],
              "expectedStatus": "passed",
              "projectId": "mobile",
              "projectName": "mobile",
              "results": [],
              "status": "skipped"
            }
          ],
          "id": "9d28b01aa6ee292aad3d-82b92ece39e06553fb77",
          "file": "alchimie-exploration.spec.mjs",
          "line": 402,
          "column": 3
        },
        {
          "title": "exploration starts with all eight words visible at 320px without opening optional tools",
          "ok": true,
          "tags": [],
          "tests": [
            {
              "timeout": 45000,
              "annotations": [],
              "expectedStatus": "passed",
              "projectId": "mobile",
              "projectName": "mobile",
              "results": [],
              "status": "skipped"
            }
          ],
          "id": "9d28b01aa6ee292aad3d-280e842483a36e81d16f",
          "file": "alchimie-exploration.spec.mjs",
          "line": 402,
          "column": 3
        },
        {
          "title": "exploration keeps bottom-of-collection craft feedback visible and lets short views scroll normally",
          "ok": true,
          "tags": [],
          "tests": [
            {
              "timeout": 45000,
              "annotations": [],
              "expectedStatus": "passed",
              "projectId": "mobile",
              "projectName": "mobile",
              "results": [],
              "status": "skipped"
            }
          ],
          "id": "9d28b01aa6ee292aad3d-10750509fb77e90a3b24",
          "file": "alchimie-exploration.spec.mjs",
          "line": 433,
          "column": 1
        }
      ]
    },
    {
      "title": "alchimie-journal-search.spec.mjs",
      "file": "alchimie-journal-search.spec.mjs",
      "column": 0,
      "line": 0,
      "specs": [
        {
          "title": "earned recipes can be found by result or ingredient without accents",
          "ok": true,
          "tags": [],
          "tests": [
            {
              "timeout": 45000,
              "annotations": [],
              "expectedStatus": "passed",
              "projectId": "desktop",
              "projectName": "desktop",
              "results": [],
              "status": "skipped"
            }
          ],
          "id": "b61d45f2a21cf24735ee-4435cd2b07210e72aba8",
          "file": "alchimie-journal-search.spec.mjs",
          "line": 27,
          "column": 1
        },
        {
          "title": "empty journal search recovers in one action and keeps the crafting selection",
          "ok": true,
          "tags": [],
          "tests": [
            {
              "timeout": 45000,
              "annotations": [],
              "expectedStatus": "passed",
              "projectId": "desktop",
              "projectName": "desktop",
              "results": [],
              "status": "skipped"
            }
          ],
          "id": "b61d45f2a21cf24735ee-a1140ac84c90d166f661",
          "file": "alchimie-journal-search.spec.mjs",
          "line": 46,
          "column": 1
        },
        {
          "title": "a fresh journal exposes no unearned recipes or search controls",
          "ok": true,
          "tags": [],
          "tests": [
            {
              "timeout": 45000,
              "annotations": [],
              "expectedStatus": "passed",
              "projectId": "desktop",
              "projectName": "desktop",
              "results": [],
              "status": "skipped"
            }
          ],
          "id": "b61d45f2a21cf24735ee-1574d63403d224ebcb78",
          "file": "alchimie-journal-search.spec.mjs",
          "line": 74,
          "column": 1
        },
        {
          "title": "earned recipes can be found by result or ingredient without accents",
          "ok": true,
          "tags": [],
          "tests": [
            {
              "timeout": 45000,
              "annotations": [],
              "expectedStatus": "passed",
              "projectId": "mobile",
              "projectName": "mobile",
              "results": [],
              "status": "skipped"
            }
          ],
          "id": "b61d45f2a21cf24735ee-0da5816cac5e7a81a425",
          "file": "alchimie-journal-search.spec.mjs",
          "line": 27,
          "column": 1
        },
        {
          "title": "empty journal search recovers in one action and keeps the crafting selection",
          "ok": true,
          "tags": [],
          "tests": [
            {
              "timeout": 45000,
              "annotations": [],
              "expectedStatus": "passed",
              "projectId": "mobile",
              "projectName": "mobile",
              "results": [],
              "status": "skipped"
            }
          ],
          "id": "b61d45f2a21cf24735ee-834d46e0473c22b0e41b",
          "file": "alchimie-journal-search.spec.mjs",
          "line": 46,
          "column": 1
        },
        {
          "title": "a fresh journal exposes no unearned recipes or search controls",
          "ok": true,
          "tags": [],
          "tests": [
            {
              "timeout": 45000,
              "annotations": [],
              "expectedStatus": "passed",
              "projectId": "mobile",
              "projectName": "mobile",
              "results": [],
              "status": "skipped"
            }
          ],
          "id": "b61d45f2a21cf24735ee-b1fc5ed1f1fa2c74fd8e",
          "file": "alchimie-journal-search.spec.mjs",
          "line": 74,
          "column": 1
        }
      ]
    },
    {
      "title": "alchimie-library-recovery.spec.mjs",
      "file": "alchimie-library-recovery.spec.mjs",
      "column": 0,
      "line": 0,
      "specs": [
        {
          "title": "a closed search recovers in one action at 320px without losing the chosen word",
          "ok": true,
          "tags": [],
          "tests": [
            {
              "timeout": 45000,
              "annotations": [],
              "expectedStatus": "passed",
              "projectId": "desktop",
              "projectName": "desktop",
              "results": [],
              "status": "skipped"
            }
          ],
          "id": "716abd25d114cdf0f60e-177099fe71a7a15c9aec",
          "file": "alchimie-library-recovery.spec.mjs",
          "line": 12,
          "column": 3
        },
        {
          "title": "a closed search recovers in one action at 390px without losing the chosen word",
          "ok": true,
          "tags": [],
          "tests": [
            {
              "timeout": 45000,
              "annotations": [],
              "expectedStatus": "passed",
              "projectId": "desktop",
              "projectName": "desktop",
              "results": [],
              "status": "skipped"
            }
          ],
          "id": "716abd25d114cdf0f60e-f46ff670ae019701a024",
          "file": "alchimie-library-recovery.spec.mjs",
          "line": 12,
          "column": 3
        },
        {
          "title": "a completed collection shows every earned word, searches locally and preserves its journal",
          "ok": true,
          "tags": [],
          "tests": [
            {
              "timeout": 45000,
              "annotations": [],
              "expectedStatus": "passed",
              "projectId": "desktop",
              "projectName": "desktop",
              "results": [],
              "status": "skipped"
            }
          ],
          "id": "716abd25d114cdf0f60e-e2deb71693655ce09c88",
          "file": "alchimie-library-recovery.spec.mjs",
          "line": 47,
          "column": 1
        },
        {
          "title": "search reset keeps keyboard recovery visible in a short viewport with doubled text",
          "ok": true,
          "tags": [],
          "tests": [
            {
              "timeout": 45000,
              "annotations": [],
              "expectedStatus": "passed",
              "projectId": "desktop",
              "projectName": "desktop",
              "results": [],
              "status": "skipped"
            }
          ],
          "id": "716abd25d114cdf0f60e-547ee22406c8c32b8417",
          "file": "alchimie-library-recovery.spec.mjs",
          "line": 91,
          "column": 1
        },
        {
          "title": "a closed search recovers in one action at 320px without losing the chosen word",
          "ok": true,
          "tags": [],
          "tests": [
            {
              "timeout": 45000,
              "annotations": [],
              "expectedStatus": "passed",
              "projectId": "mobile",
              "projectName": "mobile",
              "results": [],
              "status": "skipped"
            }
          ],
          "id": "716abd25d114cdf0f60e-77fc7c9f5f861363cdcb",
          "file": "alchimie-library-recovery.spec.mjs",
          "line": 12,
          "column": 3
        },
        {
          "title": "a closed search recovers in one action at 390px without losing the chosen word",
          "ok": true,
          "tags": [],
          "tests": [
            {
              "timeout": 45000,
              "annotations": [],
              "expectedStatus": "passed",
              "projectId": "mobile",
              "projectName": "mobile",
              "results": [],
              "status": "skipped"
            }
          ],
          "id": "716abd25d114cdf0f60e-756904f361f933545c7f",
          "file": "alchimie-library-recovery.spec.mjs",
          "line": 12,
          "column": 3
        },
        {
          "title": "a completed collection shows every earned word, searches locally and preserves its journal",
          "ok": true,
          "tags": [],
          "tests": [
            {
              "timeout": 45000,
              "annotations": [],
              "expectedStatus": "passed",
              "projectId": "mobile",
              "projectName": "mobile",
              "results": [],
              "status": "skipped"
            }
          ],
          "id": "716abd25d114cdf0f60e-c1313904e5642e18f101",
          "file": "alchimie-library-recovery.spec.mjs",
          "line": 47,
          "column": 1
        },
        {
          "title": "search reset keeps keyboard recovery visible in a short viewport with doubled text",
          "ok": true,
          "tags": [],
          "tests": [
            {
              "timeout": 45000,
              "annotations": [],
              "expectedStatus": "passed",
              "projectId": "mobile",
              "projectName": "mobile",
              "results": [],
              "status": "skipped"
            }
          ],
          "id": "716abd25d114cdf0f60e-39f57364c8eddff482bd",
          "file": "alchimie-library-recovery.spec.mjs",
          "line": 91,
          "column": 1
        }
      ]
    },
    {
      "title": "alchimie-workbench.spec.mjs",
      "file": "alchimie-workbench.spec.mjs",
      "column": 0,
      "line": 0,
      "specs": [
        {
          "title": "the initial game puts words above 500px and collapses secondary controls",
          "ok": true,
          "tags": [],
          "tests": [
            {
              "timeout": 45000,
              "annotations": [],
              "expectedStatus": "passed",
              "projectId": "desktop",
              "projectName": "desktop",
              "results": [],
              "status": "skipped"
            }
          ],
          "id": "abde58ee95d87d13bdc7-116acbe32f4089a8f0bb",
          "file": "alchimie-workbench.spec.mjs",
          "line": 81,
          "column": 1
        },
        {
          "title": "tap: two word activations discover, then one activation continues to the target",
          "ok": true,
          "tags": [],
          "tests": [
            {
              "timeout": 45000,
              "annotations": [],
              "expectedStatus": "passed",
              "projectId": "desktop",
              "projectName": "desktop",
              "results": [],
              "status": "skipped"
            }
          ],
          "id": "abde58ee95d87d13bdc7-d71258c9e0be0aece35f",
          "file": "alchimie-workbench.spec.mjs",
          "line": 123,
          "column": 3
        },
        {
          "title": "keyboard: two word activations discover, then one activation continues to the target",
          "ok": true,
          "tags": [],
          "tests": [
            {
              "timeout": 45000,
              "annotations": [],
              "expectedStatus": "passed",
              "projectId": "desktop",
              "projectName": "desktop",
              "results": [],
              "status": "skipped"
            }
          ],
          "id": "abde58ee95d87d13bdc7-ef96cec353a14c5cd9ce",
          "file": "alchimie-workbench.spec.mjs",
          "line": 123,
          "column": 3
        },
        {
          "title": "keyboard discovery moves focus from a removed ingredient to the carried word",
          "ok": true,
          "tags": [],
          "tests": [
            {
              "timeout": 45000,
              "annotations": [],
              "expectedStatus": "passed",
              "projectId": "desktop",
              "projectName": "desktop",
              "results": [],
              "status": "skipped"
            }
          ],
          "id": "abde58ee95d87d13bdc7-0725fae11982844dbc1a",
          "file": "alchimie-workbench.spec.mjs",
          "line": 161,
          "column": 1
        },
        {
          "title": "a delayed discovery preserves focus moved to another control while the combine is pending",
          "ok": true,
          "tags": [],
          "tests": [
            {
              "timeout": 45000,
              "annotations": [],
              "expectedStatus": "passed",
              "projectId": "desktop",
              "projectName": "desktop",
              "results": [],
              "status": "skipped"
            }
          ],
          "id": "abde58ee95d87d13bdc7-8188e093f443166cbffc",
          "file": "alchimie-workbench.spec.mjs",
          "line": 180,
          "column": 1
        },
        {
          "title": "an empty reaction keeps the anchor, blocks the same partner and retries another in one tap",
          "ok": true,
          "tags": [],
          "tests": [
            {
              "timeout": 45000,
              "annotations": [],
              "expectedStatus": "passed",
              "projectId": "desktop",
              "projectName": "desktop",
              "results": [],
              "status": "skipped"
            }
          ],
          "id": "abde58ee95d87d13bdc7-332360ec8e83182128c2",
          "file": "alchimie-workbench.spec.mjs",
          "line": 213,
          "column": 1
        },
        {
          "title": "rapid partner taps send one combine while the response is pending",
          "ok": true,
          "tags": [],
          "tests": [
            {
              "timeout": 45000,
              "annotations": [],
              "expectedStatus": "passed",
              "projectId": "desktop",
              "projectName": "desktop",
              "results": [],
              "status": "skipped"
            }
          ],
          "id": "abde58ee95d87d13bdc7-8c8be25830f00a23ad08",
          "file": "alchimie-workbench.spec.mjs",
          "line": 243,
          "column": 1
        },
        {
          "title": "dragging one word onto another combines without separate selection or confirmation",
          "ok": true,
          "tags": [],
          "tests": [
            {
              "timeout": 45000,
              "annotations": [],
              "expectedStatus": "passed",
              "projectId": "desktop",
              "projectName": "desktop",
              "results": [],
              "status": "skipped"
            }
          ],
          "id": "abde58ee95d87d13bdc7-86ca71c8e8c27a100950",
          "file": "alchimie-workbench.spec.mjs",
          "line": 277,
          "column": 1
        },
        {
          "title": "the anchor cancels by tapping it or Escape and removal preserves keyboard focus",
          "ok": true,
          "tags": [],
          "tests": [
            {
              "timeout": 45000,
              "annotations": [],
              "expectedStatus": "passed",
              "projectId": "desktop",
              "projectName": "desktop",
              "results": [],
              "status": "skipped"
            }
          ],
          "id": "abde58ee95d87d13bdc7-b628016e1e1f22fe354f",
          "file": "alchimie-workbench.spec.mjs",
          "line": 290,
          "column": 1
        },
        {
          "title": "a discovery preserves the Utile view and can be reused from the collapsed journal",
          "ok": true,
          "tags": [],
          "tests": [
            {
              "timeout": 45000,
              "annotations": [],
              "expectedStatus": "passed",
              "projectId": "desktop",
              "projectName": "desktop",
              "results": [],
              "status": "skipped"
            }
          ],
          "id": "abde58ee95d87d13bdc7-f259f53e0e26a78fe963",
          "file": "alchimie-workbench.spec.mjs",
          "line": 316,
          "column": 3
        },
        {
          "title": "a discovery preserves the Toate view and can be reused from the collapsed journal",
          "ok": true,
          "tags": [],
          "tests": [
            {
              "timeout": 45000,
              "annotations": [],
              "expectedStatus": "passed",
              "projectId": "desktop",
              "projectName": "desktop",
              "results": [],
              "status": "skipped"
            }
          ],
          "id": "abde58ee95d87d13bdc7-fa67efe4305cc4a59e65",
          "file": "alchimie-workbench.spec.mjs",
          "line": 316,
          "column": 3
        },
        {
          "title": "optional search and filters provide a direct way back from an empty result",
          "ok": true,
          "tags": [],
          "tests": [
            {
              "timeout": 45000,
              "annotations": [],
              "expectedStatus": "passed",
              "projectId": "desktop",
              "projectName": "desktop",
              "results": [],
              "status": "skipped"
            }
          ],
          "id": "abde58ee95d87d13bdc7-a6b089b917d00c3ff2d8",
          "file": "alchimie-workbench.spec.mjs",
          "line": 350,
          "column": 1
        },
        {
          "title": "the workbench wraps long Romanian labels at 320px and 200 percent text",
          "ok": true,
          "tags": [],
          "tests": [
            {
              "timeout": 45000,
              "annotations": [],
              "expectedStatus": "passed",
              "projectId": "desktop",
              "projectName": "desktop",
              "results": [],
              "status": "skipped"
            }
          ],
          "id": "abde58ee95d87d13bdc7-ad6bc1ab652b83afbdd6",
          "file": "alchimie-workbench.spec.mjs",
          "line": 374,
          "column": 1
        },
        {
          "title": "the initial game puts words above 500px and collapses secondary controls",
          "ok": true,
          "tags": [],
          "tests": [
            {
              "timeout": 45000,
              "annotations": [],
              "expectedStatus": "passed",
              "projectId": "mobile",
              "projectName": "mobile",
              "results": [],
              "status": "skipped"
            }
          ],
          "id": "abde58ee95d87d13bdc7-377cdd4f7c9e4cba96ed",
          "file": "alchimie-workbench.spec.mjs",
          "line": 81,
          "column": 1
        },
        {
          "title": "tap: two word activations discover, then one activation continues to the target",
          "ok": true,
          "tags": [],
          "tests": [
            {
              "timeout": 45000,
              "annotations": [],
              "expectedStatus": "passed",
              "projectId": "mobile",
              "projectName": "mobile",
              "results": [],
              "status": "skipped"
            }
          ],
          "id": "abde58ee95d87d13bdc7-f3eae7a478667f6905e2",
          "file": "alchimie-workbench.spec.mjs",
          "line": 123,
          "column": 3
        },
        {
          "title": "keyboard: two word activations discover, then one activation continues to the target",
          "ok": true,
          "tags": [],
          "tests": [
            {
              "timeout": 45000,
              "annotations": [],
              "expectedStatus": "passed",
              "projectId": "mobile",
              "projectName": "mobile",
              "results": [],
              "status": "skipped"
            }
          ],
          "id": "abde58ee95d87d13bdc7-2894bc190c5a397f4d8e",
          "file": "alchimie-workbench.spec.mjs",
          "line": 123,
          "column": 3
        },
        {
          "title": "keyboard discovery moves focus from a removed ingredient to the carried word",
          "ok": true,
          "tags": [],
          "tests": [
            {
              "timeout": 45000,
              "annotations": [],
              "expectedStatus": "passed",
              "projectId": "mobile",
              "projectName": "mobile",
              "results": [],
              "status": "skipped"
            }
          ],
          "id": "abde58ee95d87d13bdc7-641c587ff4941013fc78",
          "file": "alchimie-workbench.spec.mjs",
          "line": 161,
          "column": 1
        },
        {
          "title": "a delayed discovery preserves focus moved to another control while the combine is pending",
          "ok": true,
          "tags": [],
          "tests": [
            {
              "timeout": 45000,
              "annotations": [],
              "expectedStatus": "passed",
              "projectId": "mobile",
              "projectName": "mobile",
              "results": [],
              "status": "skipped"
            }
          ],
          "id": "abde58ee95d87d13bdc7-441a6d973659c8e6cfa7",
          "file": "alchimie-workbench.spec.mjs",
          "line": 180,
          "column": 1
        },
        {
          "title": "an empty reaction keeps the anchor, blocks the same partner and retries another in one tap",
          "ok": true,
          "tags": [],
          "tests": [
            {
              "timeout": 45000,
              "annotations": [],
              "expectedStatus": "passed",
              "projectId": "mobile",
              "projectName": "mobile",
              "results": [],
              "status": "skipped"
            }
          ],
          "id": "abde58ee95d87d13bdc7-b2ac5d88a80b060004ba",
          "file": "alchimie-workbench.spec.mjs",
          "line": 213,
          "column": 1
        },
        {
          "title": "rapid partner taps send one combine while the response is pending",
          "ok": true,
          "tags": [],
          "tests": [
            {
              "timeout": 45000,
              "annotations": [],
              "expectedStatus": "passed",
              "projectId": "mobile",
              "projectName": "mobile",
              "results": [],
              "status": "skipped"
            }
          ],
          "id": "abde58ee95d87d13bdc7-d092c641c09c16f93ea9",
          "file": "alchimie-workbench.spec.mjs",
          "line": 243,
          "column": 1
        },
        {
          "title": "dragging one word onto another combines without separate selection or confirmation",
          "ok": true,
          "tags": [],
          "tests": [
            {
              "timeout": 45000,
              "annotations": [],
              "expectedStatus": "passed",
              "projectId": "mobile",
              "projectName": "mobile",
              "results": [],
              "status": "skipped"
            }
          ],
          "id": "abde58ee95d87d13bdc7-3d9b8a7edd671fa1b1ee",
          "file": "alchimie-workbench.spec.mjs",
          "line": 277,
          "column": 1
        },
        {
          "title": "the anchor cancels by tapping it or Escape and removal preserves keyboard focus",
          "ok": true,
          "tags": [],
          "tests": [
            {
              "timeout": 45000,
              "annotations": [],
              "expectedStatus": "passed",
              "projectId": "mobile",
              "projectName": "mobile",
              "results": [],
              "status": "skipped"
            }
          ],
          "id": "abde58ee95d87d13bdc7-94f751261ab517a6816d",
          "file": "alchimie-workbench.spec.mjs",
          "line": 290,
          "column": 1
        },
        {
          "title": "a discovery preserves the Utile view and can be reused from the collapsed journal",
          "ok": true,
          "tags": [],
          "tests": [
            {
              "timeout": 45000,
              "annotations": [],
              "expectedStatus": "passed",
              "projectId": "mobile",
              "projectName": "mobile",
              "results": [],
              "status": "skipped"
            }
          ],
          "id": "abde58ee95d87d13bdc7-16feb392f4902a585976",
          "file": "alchimie-workbench.spec.mjs",
          "line": 316,
          "column": 3
        },
        {
          "title": "a discovery preserves the Toate view and can be reused from the collapsed journal",
          "ok": true,
          "tags": [],
          "tests": [
            {
              "timeout": 45000,
              "annotations": [],
              "expectedStatus": "passed",
              "projectId": "mobile",
              "projectName": "mobile",
              "results": [],
              "status": "skipped"
            }
          ],
          "id": "abde58ee95d87d13bdc7-1a192613c702e39a97f5",
          "file": "alchimie-workbench.spec.mjs",
          "line": 316,
          "column": 3
        },
        {
          "title": "optional search and filters provide a direct way back from an empty result",
          "ok": true,
          "tags": [],
          "tests": [
            {
              "timeout": 45000,
              "annotations": [],
              "expectedStatus": "passed",
              "projectId": "mobile",
              "projectName": "mobile",
              "results": [],
              "status": "skipped"
            }
          ],
          "id": "abde58ee95d87d13bdc7-13a33a5de0dd4798aefd",
          "file": "alchimie-workbench.spec.mjs",
          "line": 350,
          "column": 1
        },
        {
          "title": "the workbench wraps long Romanian labels at 320px and 200 percent text",
          "ok": true,
          "tags": [],
          "tests": [
            {
              "timeout": 45000,
              "annotations": [],
              "expectedStatus": "passed",
              "projectId": "mobile",
              "projectName": "mobile",
              "results": [],
              "status": "skipped"
            }
          ],
          "id": "abde58ee95d87d13bdc7-f1c4e9ff5880339780b2",
          "file": "alchimie-workbench.spec.mjs",
          "line": 374,
          "column": 1
        }
      ]
    },
    {
      "title": "conexiuni-action-recovery.spec.mjs",
      "file": "conexiuni-action-recovery.spec.mjs",
      "column": 0,
      "line": 0,
      "specs": [
        {
          "title": "a lost first clue is restored once, resumes exactly, and retains 100 points",
          "ok": true,
          "tags": [],
          "tests": [
            {
              "timeout": 45000,
              "annotations": [],
              "expectedStatus": "passed",
              "projectId": "desktop",
              "projectName": "desktop",
              "results": [],
              "status": "skipped"
            }
          ],
          "id": "80395c4146ae7cae3ec0-6642399ee7273a97fb12",
          "file": "conexiuni-action-recovery.spec.mjs",
          "line": 119,
          "column": 1
        },
        {
          "title": "a lost solved group removes only its four earned tiles and leaves answers private",
          "ok": true,
          "tags": [],
          "tests": [
            {
              "timeout": 45000,
              "annotations": [],
              "expectedStatus": "passed",
              "projectId": "desktop",
              "projectName": "desktop",
              "results": [],
              "status": "skipped"
            }
          ],
          "id": "80395c4146ae7cae3ec0-2c7c2f20e0e31c07afa4",
          "file": "conexiuni-action-recovery.spec.mjs",
          "line": 146,
          "column": 1
        },
        {
          "title": "a lost committed win adopts the terminal score exactly once",
          "ok": true,
          "tags": [],
          "tests": [
            {
              "timeout": 45000,
              "annotations": [],
              "expectedStatus": "passed",
              "projectId": "desktop",
              "projectName": "desktop",
              "results": [],
              "status": "skipped"
            }
          ],
          "id": "80395c4146ae7cae3ec0-eaefb85c97026aaae68c",
          "file": "conexiuni-action-recovery.spec.mjs",
          "line": 164,
          "column": 3
        },
        {
          "title": "a lost committed loss adopts the terminal score exactly once",
          "ok": true,
          "tags": [],
          "tests": [
            {
              "timeout": 45000,
              "annotations": [],
              "expectedStatus": "passed",
              "projectId": "desktop",
              "projectName": "desktop",
              "results": [],
              "status": "skipped"
            }
          ],
          "id": "80395c4146ae7cae3ec0-7969b2a65353f611df52",
          "file": "conexiuni-action-recovery.spec.mjs",
          "line": 164,
          "column": 3
        },
        {
          "title": "failed verification persists, locks every board action, and retries by GET only",
          "ok": true,
          "tags": [],
          "tests": [
            {
              "timeout": 45000,
              "annotations": [],
              "expectedStatus": "passed",
              "projectId": "desktop",
              "projectName": "desktop",
              "results": [],
              "status": "skipped"
            }
          ],
          "id": "80395c4146ae7cae3ec0-76c4215383408d3fea1b",
          "file": "conexiuni-action-recovery.spec.mjs",
          "line": 190,
          "column": 1
        },
        {
          "title": "precommit failure preserves a valid selection and earned clue without replay",
          "ok": true,
          "tags": [],
          "tests": [
            {
              "timeout": 45000,
              "annotations": [],
              "expectedStatus": "passed",
              "projectId": "desktop",
              "projectName": "desktop",
              "results": [],
              "status": "skipped"
            }
          ],
          "id": "80395c4146ae7cae3ec0-037217750c305ad90849",
          "file": "conexiuni-action-recovery.spec.mjs",
          "line": 226,
          "column": 1
        },
        {
          "title": "a late winning read cannot adopt or clear another tab's saved round",
          "ok": true,
          "tags": [],
          "tests": [
            {
              "timeout": 45000,
              "annotations": [],
              "expectedStatus": "passed",
              "projectId": "desktop",
              "projectName": "desktop",
              "results": [],
              "status": "skipped"
            }
          ],
          "id": "80395c4146ae7cae3ec0-36063cb30bb849867f17",
          "file": "conexiuni-action-recovery.spec.mjs",
          "line": 248,
          "column": 3
        },
        {
          "title": "a late 404 read cannot adopt or clear another tab's saved round",
          "ok": true,
          "tags": [],
          "tests": [
            {
              "timeout": 45000,
              "annotations": [],
              "expectedStatus": "passed",
              "projectId": "desktop",
              "projectName": "desktop",
              "results": [],
              "status": "skipped"
            }
          ],
          "id": "80395c4146ae7cae3ec0-944bf2b5cc1365f45e9d",
          "file": "conexiuni-action-recovery.spec.mjs",
          "line": 248,
          "column": 3
        },
        {
          "title": "leaving during recovery preserves its pointer and stale completion cannot change a new screen",
          "ok": true,
          "tags": [],
          "tests": [
            {
              "timeout": 45000,
              "annotations": [],
              "expectedStatus": "passed",
              "projectId": "desktop",
              "projectName": "desktop",
              "results": [],
              "status": "skipped"
            }
          ],
          "id": "80395c4146ae7cae3ec0-c6e3fcbb6b9da415613e",
          "file": "conexiuni-action-recovery.spec.mjs",
          "line": 271,
          "column": 1
        },
        {
          "title": "an already different saved pointer pauses before any old-round mutation",
          "ok": true,
          "tags": [],
          "tests": [
            {
              "timeout": 45000,
              "annotations": [],
              "expectedStatus": "passed",
              "projectId": "desktop",
              "projectName": "desktop",
              "results": [],
              "status": "skipped"
            }
          ],
          "id": "80395c4146ae7cae3ec0-b708c85995fb6f112486",
          "file": "conexiuni-action-recovery.spec.mjs",
          "line": 295,
          "column": 1
        },
        {
          "title": "a verified missing owned session returns to setup and conditionally clears its pointer",
          "ok": true,
          "tags": [],
          "tests": [
            {
              "timeout": 45000,
              "annotations": [],
              "expectedStatus": "passed",
              "projectId": "desktop",
              "projectName": "desktop",
              "results": [],
              "status": "skipped"
            }
          ],
          "id": "80395c4146ae7cae3ec0-b2a03db768f23560f536",
          "file": "conexiuni-action-recovery.spec.mjs",
          "line": 312,
          "column": 1
        },
        {
          "title": "lost one-away feedback stays neutral and confirmed duplicate feedback still requires a change",
          "ok": true,
          "tags": [],
          "tests": [
            {
              "timeout": 45000,
              "annotations": [],
              "expectedStatus": "passed",
              "projectId": "desktop",
              "projectName": "desktop",
              "results": [],
              "status": "skipped"
            }
          ],
          "id": "80395c4146ae7cae3ec0-1161a44e9073e4f64f8f",
          "file": "conexiuni-action-recovery.spec.mjs",
          "line": 327,
          "column": 1
        },
        {
          "title": "a confirmed duplicate remains blocked after failed verification and manual read",
          "ok": true,
          "tags": [],
          "tests": [
            {
              "timeout": 45000,
              "annotations": [],
              "expectedStatus": "passed",
              "projectId": "desktop",
              "projectName": "desktop",
              "results": [],
              "status": "skipped"
            }
          ],
          "id": "80395c4146ae7cae3ec0-788ce2b4864a5e4f3b68",
          "file": "conexiuni-action-recovery.spec.mjs",
          "line": 347,
          "column": 1
        },
        {
          "title": "a lost first clue is restored once, resumes exactly, and retains 100 points",
          "ok": true,
          "tags": [],
          "tests": [
            {
              "timeout": 45000,
              "annotations": [],
              "expectedStatus": "passed",
              "projectId": "mobile",
              "projectName": "mobile",
              "results": [],
              "status": "skipped"
            }
          ],
          "id": "80395c4146ae7cae3ec0-283bf3d24a40dcd59e17",
          "file": "conexiuni-action-recovery.spec.mjs",
          "line": 119,
          "column": 1
        },
        {
          "title": "a lost solved group removes only its four earned tiles and leaves answers private",
          "ok": true,
          "tags": [],
          "tests": [
            {
              "timeout": 45000,
              "annotations": [],
              "expectedStatus": "passed",
              "projectId": "mobile",
              "projectName": "mobile",
              "results": [],
              "status": "skipped"
            }
          ],
          "id": "80395c4146ae7cae3ec0-c8d366dd12fc0500712f",
          "file": "conexiuni-action-recovery.spec.mjs",
          "line": 146,
          "column": 1
        },
        {
          "title": "a lost committed win adopts the terminal score exactly once",
          "ok": true,
          "tags": [],
          "tests": [
            {
              "timeout": 45000,
              "annotations": [],
              "expectedStatus": "passed",
              "projectId": "mobile",
              "projectName": "mobile",
              "results": [],
              "status": "skipped"
            }
          ],
          "id": "80395c4146ae7cae3ec0-7182c05b5c8aab007f64",
          "file": "conexiuni-action-recovery.spec.mjs",
          "line": 164,
          "column": 3
        },
        {
          "title": "a lost committed loss adopts the terminal score exactly once",
          "ok": true,
          "tags": [],
          "tests": [
            {
              "timeout": 45000,
              "annotations": [],
              "expectedStatus": "passed",
              "projectId": "mobile",
              "projectName": "mobile",
              "results": [],
              "status": "skipped"
            }
          ],
          "id": "80395c4146ae7cae3ec0-b29293a803430d14ec15",
          "file": "conexiuni-action-recovery.spec.mjs",
          "line": 164,
          "column": 3
        },
        {
          "title": "failed verification persists, locks every board action, and retries by GET only",
          "ok": true,
          "tags": [],
          "tests": [
            {
              "timeout": 45000,
              "annotations": [],
              "expectedStatus": "passed",
              "projectId": "mobile",
              "projectName": "mobile",
              "results": [],
              "status": "skipped"
            }
          ],
          "id": "80395c4146ae7cae3ec0-01c405319993692eae57",
          "file": "conexiuni-action-recovery.spec.mjs",
          "line": 190,
          "column": 1
        },
        {
          "title": "precommit failure preserves a valid selection and earned clue without replay",
          "ok": true,
          "tags": [],
          "tests": [
            {
              "timeout": 45000,
              "annotations": [],
              "expectedStatus": "passed",
              "projectId": "mobile",
              "projectName": "mobile",
              "results": [],
              "status": "skipped"
            }
          ],
          "id": "80395c4146ae7cae3ec0-1aae3dfd231f21658c96",
          "file": "conexiuni-action-recovery.spec.mjs",
          "line": 226,
          "column": 1
        },
        {
          "title": "a late winning read cannot adopt or clear another tab's saved round",
          "ok": true,
          "tags": [],
          "tests": [
            {
              "timeout": 45000,
              "annotations": [],
              "expectedStatus": "passed",
              "projectId": "mobile",
              "projectName": "mobile",
              "results": [],
              "status": "skipped"
            }
          ],
          "id": "80395c4146ae7cae3ec0-148e1fbcd6bae91a8e1c",
          "file": "conexiuni-action-recovery.spec.mjs",
          "line": 248,
          "column": 3
        },
        {
          "title": "a late 404 read cannot adopt or clear another tab's saved round",
          "ok": true,
          "tags": [],
          "tests": [
            {
              "timeout": 45000,
              "annotations": [],
              "expectedStatus": "passed",
              "projectId": "mobile",
              "projectName": "mobile",
              "results": [],
              "status": "skipped"
            }
          ],
          "id": "80395c4146ae7cae3ec0-61f6f3fb88bd81d10293",
          "file": "conexiuni-action-recovery.spec.mjs",
          "line": 248,
          "column": 3
        },
        {
          "title": "leaving during recovery preserves its pointer and stale completion cannot change a new screen",
          "ok": true,
          "tags": [],
          "tests": [
            {
              "timeout": 45000,
              "annotations": [],
              "expectedStatus": "passed",
              "projectId": "mobile",
              "projectName": "mobile",
              "results": [],
              "status": "skipped"
            }
          ],
          "id": "80395c4146ae7cae3ec0-7a5d8c54fc32f3edec34",
          "file": "conexiuni-action-recovery.spec.mjs",
          "line": 271,
          "column": 1
        },
        {
          "title": "an already different saved pointer pauses before any old-round mutation",
          "ok": true,
          "tags": [],
          "tests": [
            {
              "timeout": 45000,
              "annotations": [],
              "expectedStatus": "passed",
              "projectId": "mobile",
              "projectName": "mobile",
              "results": [],
              "status": "skipped"
            }
          ],
          "id": "80395c4146ae7cae3ec0-117a9f55034fa5a3a181",
          "file": "conexiuni-action-recovery.spec.mjs",
          "line": 295,
          "column": 1
        },
        {
          "title": "a verified missing owned session returns to setup and conditionally clears its pointer",
          "ok": true,
          "tags": [],
          "tests": [
            {
              "timeout": 45000,
              "annotations": [],
              "expectedStatus": "passed",
              "projectId": "mobile",
              "projectName": "mobile",
              "results": [],
              "status": "skipped"
            }
          ],
          "id": "80395c4146ae7cae3ec0-868e67f292d1a6326c5d",
          "file": "conexiuni-action-recovery.spec.mjs",
          "line": 312,
          "column": 1
        },
        {
          "title": "lost one-away feedback stays neutral and confirmed duplicate feedback still requires a change",
          "ok": true,
          "tags": [],
          "tests": [
            {
              "timeout": 45000,
              "annotations": [],
              "expectedStatus": "passed",
              "projectId": "mobile",
              "projectName": "mobile",
              "results": [],
              "status": "skipped"
            }
          ],
          "id": "80395c4146ae7cae3ec0-02e9536ed8602ee8de37",
          "file": "conexiuni-action-recovery.spec.mjs",
          "line": 327,
          "column": 1
        },
        {
          "title": "a confirmed duplicate remains blocked after failed verification and manual read",
          "ok": true,
          "tags": [],
          "tests": [
            {
              "timeout": 45000,
              "annotations": [],
              "expectedStatus": "passed",
              "projectId": "mobile",
              "projectName": "mobile",
              "results": [],
              "status": "skipped"
            }
          ],
          "id": "80395c4146ae7cae3ec0-f64cda393690b41714fe",
          "file": "conexiuni-action-recovery.spec.mjs",
          "line": 347,
          "column": 1
        }
      ]
    },
    {
      "title": "conexiuni-coach-layout.spec.mjs",
      "file": "conexiuni-coach-layout.spec.mjs",
      "column": 0,
      "line": 0,
      "specs": [
        {
          "title": "selection and remaining mistakes never overlap at 320px and 100% text",
          "ok": true,
          "tags": [],
          "tests": [
            {
              "timeout": 45000,
              "annotations": [],
              "expectedStatus": "passed",
              "projectId": "desktop",
              "projectName": "desktop",
              "results": [],
              "status": "skipped"
            }
          ],
          "id": "165ce2f35ef3da0fca67-95c01433bdb011e47dcc",
          "file": "conexiuni-coach-layout.spec.mjs",
          "line": 7,
          "column": 3
        },
        {
          "title": "selection and remaining mistakes never overlap at 320px and 200% text",
          "ok": true,
          "tags": [],
          "tests": [
            {
              "timeout": 45000,
              "annotations": [],
              "expectedStatus": "passed",
              "projectId": "desktop",
              "projectName": "desktop",
              "results": [],
              "status": "skipped"
            }
          ],
          "id": "165ce2f35ef3da0fca67-c4347d0853d0117c94d6",
          "file": "conexiuni-coach-layout.spec.mjs",
          "line": 7,
          "column": 3
        },
        {
          "title": "selection and remaining mistakes never overlap at 390px and 100% text",
          "ok": true,
          "tags": [],
          "tests": [
            {
              "timeout": 45000,
              "annotations": [],
              "expectedStatus": "passed",
              "projectId": "desktop",
              "projectName": "desktop",
              "results": [],
              "status": "skipped"
            }
          ],
          "id": "165ce2f35ef3da0fca67-f85bcb8814cc1dd45343",
          "file": "conexiuni-coach-layout.spec.mjs",
          "line": 7,
          "column": 3
        },
        {
          "title": "selection and remaining mistakes never overlap at 390px and 200% text",
          "ok": true,
          "tags": [],
          "tests": [
            {
              "timeout": 45000,
              "annotations": [],
              "expectedStatus": "passed",
              "projectId": "desktop",
              "projectName": "desktop",
              "results": [],
              "status": "skipped"
            }
          ],
          "id": "165ce2f35ef3da0fca67-4511a3abc8e4a0bf5a86",
          "file": "conexiuni-coach-layout.spec.mjs",
          "line": 7,
          "column": 3
        },
        {
          "title": "selection and remaining mistakes never overlap at 320px and 100% text",
          "ok": true,
          "tags": [],
          "tests": [
            {
              "timeout": 45000,
              "annotations": [],
              "expectedStatus": "passed",
              "projectId": "mobile",
              "projectName": "mobile",
              "results": [],
              "status": "skipped"
            }
          ],
          "id": "165ce2f35ef3da0fca67-9d6fd7fc8877a48ffadd",
          "file": "conexiuni-coach-layout.spec.mjs",
          "line": 7,
          "column": 3
        },
        {
          "title": "selection and remaining mistakes never overlap at 320px and 200% text",
          "ok": true,
          "tags": [],
          "tests": [
            {
              "timeout": 45000,
              "annotations": [],
              "expectedStatus": "passed",
              "projectId": "mobile",
              "projectName": "mobile",
              "results": [],
              "status": "skipped"
            }
          ],
          "id": "165ce2f35ef3da0fca67-b722d324d901da40c811",
          "file": "conexiuni-coach-layout.spec.mjs",
          "line": 7,
          "column": 3
        },
        {
          "title": "selection and remaining mistakes never overlap at 390px and 100% text",
          "ok": true,
          "tags": [],
          "tests": [
            {
              "timeout": 45000,
              "annotations": [],
              "expectedStatus": "passed",
              "projectId": "mobile",
              "projectName": "mobile",
              "results": [],
              "status": "skipped"
            }
          ],
          "id": "165ce2f35ef3da0fca67-6604501eb39c7f306dd8",
          "file": "conexiuni-coach-layout.spec.mjs",
          "line": 7,
          "column": 3
        },
        {
          "title": "selection and remaining mistakes never overlap at 390px and 200% text",
          "ok": true,
          "tags": [],
          "tests": [
            {
              "timeout": 45000,
              "annotations": [],
              "expectedStatus": "passed",
              "projectId": "mobile",
              "projectName": "mobile",
              "results": [],
              "status": "skipped"
            }
          ],
          "id": "165ce2f35ef3da0fca67-605eb94959bac2317bfd",
          "file": "conexiuni-coach-layout.spec.mjs",
          "line": 7,
          "column": 3
        }
      ]
    },
    {
      "title": "conexiuni-simpler-ui.spec.mjs",
      "file": "conexiuni-simpler-ui.spec.mjs",
      "column": 0,
      "line": 0,
      "specs": [
        {
          "title": "all sixteen tiles and the three actions fit in four columns before optional controls",
          "ok": true,
          "tags": [],
          "tests": [
            {
              "timeout": 45000,
              "annotations": [],
              "expectedStatus": "passed",
              "projectId": "desktop",
              "projectName": "desktop",
              "results": [],
              "status": "skipped"
            }
          ],
          "id": "9238f582ba897a019fb7-b3aced420808f4081564",
          "file": "conexiuni-simpler-ui.spec.mjs",
          "line": 21,
          "column": 1
        },
        {
          "title": "four selections need explicit verification while shuffle and clear never spend a move",
          "ok": true,
          "tags": [],
          "tests": [
            {
              "timeout": 45000,
              "annotations": [],
              "expectedStatus": "passed",
              "projectId": "desktop",
              "projectName": "desktop",
              "results": [],
              "status": "skipped"
            }
          ],
          "id": "9238f582ba897a019fb7-e8bb7a008de4ba83b776",
          "file": "conexiuni-simpler-ui.spec.mjs",
          "line": 57,
          "column": 1
        },
        {
          "title": "long Romanian words remain readable at 320 pixels and doubled text without horizontal scrolling",
          "ok": true,
          "tags": [],
          "tests": [
            {
              "timeout": 45000,
              "annotations": [],
              "expectedStatus": "passed",
              "projectId": "desktop",
              "projectName": "desktop",
              "results": [],
              "status": "skipped"
            }
          ],
          "id": "9238f582ba897a019fb7-97cbbfc89b9db9ad2f95",
          "file": "conexiuni-simpler-ui.spec.mjs",
          "line": 97,
          "column": 1
        },
        {
          "title": "all sixteen tiles and the three actions fit in four columns before optional controls",
          "ok": true,
          "tags": [],
          "tests": [
            {
              "timeout": 45000,
              "annotations": [],
              "expectedStatus": "passed",
              "projectId": "mobile",
              "projectName": "mobile",
              "results": [],
              "status": "skipped"
            }
          ],
          "id": "9238f582ba897a019fb7-fd20cd1e75deceb54784",
          "file": "conexiuni-simpler-ui.spec.mjs",
          "line": 21,
          "column": 1
        },
        {
          "title": "four selections need explicit verification while shuffle and clear never spend a move",
          "ok": true,
          "tags": [],
          "tests": [
            {
              "timeout": 45000,
              "annotations": [],
              "expectedStatus": "passed",
              "projectId": "mobile",
              "projectName": "mobile",
              "results": [],
              "status": "skipped"
            }
          ],
          "id": "9238f582ba897a019fb7-205198fbab08c447ee9c",
          "file": "conexiuni-simpler-ui.spec.mjs",
          "line": 57,
          "column": 1
        },
        {
          "title": "long Romanian words remain readable at 320 pixels and doubled text without horizontal scrolling",
          "ok": true,
          "tags": [],
          "tests": [
            {
              "timeout": 45000,
              "annotations": [],
              "expectedStatus": "passed",
              "projectId": "mobile",
              "projectName": "mobile",
              "results": [],
              "status": "skipped"
            }
          ],
          "id": "9238f582ba897a019fb7-a99d56f26cada1d4c849",
          "file": "conexiuni-simpler-ui.spec.mjs",
          "line": 97,
          "column": 1
        }
      ]
    },
    {
      "title": "contexto-action-recovery.spec.mjs",
      "file": "contexto-action-recovery.spec.mjs",
      "column": 0,
      "line": 0,
      "specs": [
        {
          "title": "a lost winning response adopts the server result and records it once without replay",
          "ok": true,
          "tags": [],
          "tests": [
            {
              "timeout": 45000,
              "annotations": [],
              "expectedStatus": "passed",
              "projectId": "desktop",
              "projectName": "desktop",
              "results": [],
              "status": "skipped"
            }
          ],
          "id": "fcd0ea4886c5bbc1f720-fe5a1a23b20da0a78280",
          "file": "contexto-action-recovery.spec.mjs",
          "line": 91,
          "column": 1
        },
        {
          "title": "a lost paid clue response restores the clue without consuming another one",
          "ok": true,
          "tags": [],
          "tests": [
            {
              "timeout": 45000,
              "annotations": [],
              "expectedStatus": "passed",
              "projectId": "desktop",
              "projectName": "desktop",
              "results": [],
              "status": "skipped"
            }
          ],
          "id": "fcd0ea4886c5bbc1f720-cc6b2e81e454d9c48f43",
          "file": "contexto-action-recovery.spec.mjs",
          "line": 109,
          "column": 1
        },
        {
          "title": "a lost give-up response reveals only the server's terminal answer without a score",
          "ok": true,
          "tags": [],
          "tests": [
            {
              "timeout": 45000,
              "annotations": [],
              "expectedStatus": "passed",
              "projectId": "desktop",
              "projectName": "desktop",
              "results": [],
              "status": "skipped"
            }
          ],
          "id": "fcd0ea4886c5bbc1f720-39365e2cac8fb98b78b9",
          "file": "contexto-action-recovery.spec.mjs",
          "line": 128,
          "column": 1
        },
        {
          "title": "failed verification locks mutations and its persistent retry only reads",
          "ok": true,
          "tags": [],
          "tests": [
            {
              "timeout": 45000,
              "annotations": [],
              "expectedStatus": "passed",
              "projectId": "desktop",
              "projectName": "desktop",
              "results": [],
              "status": "skipped"
            }
          ],
          "id": "fcd0ea4886c5bbc1f720-ca870e45a20b291ede96",
          "file": "contexto-action-recovery.spec.mjs",
          "line": 147,
          "column": 1
        },
        {
          "title": "a failure before commit keeps input and authoritative counters unchanged",
          "ok": true,
          "tags": [],
          "tests": [
            {
              "timeout": 45000,
              "annotations": [],
              "expectedStatus": "passed",
              "projectId": "desktop",
              "projectName": "desktop",
              "results": [],
              "status": "skipped"
            }
          ],
          "id": "fcd0ea4886c5bbc1f720-668b6a284ea56858415a",
          "file": "contexto-action-recovery.spec.mjs",
          "line": 184,
          "column": 1
        },
        {
          "title": "a late winning read cannot adopt or clear another tab's round",
          "ok": true,
          "tags": [],
          "tests": [
            {
              "timeout": 45000,
              "annotations": [],
              "expectedStatus": "passed",
              "projectId": "desktop",
              "projectName": "desktop",
              "results": [],
              "status": "skipped"
            }
          ],
          "id": "fcd0ea4886c5bbc1f720-c08a826d0e3da334993b",
          "file": "contexto-action-recovery.spec.mjs",
          "line": 202,
          "column": 3
        },
        {
          "title": "a late 404 read cannot adopt or clear another tab's round",
          "ok": true,
          "tags": [],
          "tests": [
            {
              "timeout": 45000,
              "annotations": [],
              "expectedStatus": "passed",
              "projectId": "desktop",
              "projectName": "desktop",
              "results": [],
              "status": "skipped"
            }
          ],
          "id": "fcd0ea4886c5bbc1f720-4626529b08a52e180b68",
          "file": "contexto-action-recovery.spec.mjs",
          "line": 202,
          "column": 3
        },
        {
          "title": "leaving during recovery preserves the old pointer and a late callback cannot overwrite a new screen",
          "ok": true,
          "tags": [],
          "tests": [
            {
              "timeout": 45000,
              "annotations": [],
              "expectedStatus": "passed",
              "projectId": "desktop",
              "projectName": "desktop",
              "results": [],
              "status": "skipped"
            }
          ],
          "id": "fcd0ea4886c5bbc1f720-6090ca6815d71e7ea47a",
          "file": "contexto-action-recovery.spec.mjs",
          "line": 227,
          "column": 1
        },
        {
          "title": "an already different saved pointer pauses before any old-round mutation",
          "ok": true,
          "tags": [],
          "tests": [
            {
              "timeout": 45000,
              "annotations": [],
              "expectedStatus": "passed",
              "projectId": "desktop",
              "projectName": "desktop",
              "results": [],
              "status": "skipped"
            }
          ],
          "id": "fcd0ea4886c5bbc1f720-047b722c5749138bf51a",
          "file": "contexto-action-recovery.spec.mjs",
          "line": 252,
          "column": 1
        },
        {
          "title": "a verified missing owned session returns to setup and clears only that pointer",
          "ok": true,
          "tags": [],
          "tests": [
            {
              "timeout": 45000,
              "annotations": [],
              "expectedStatus": "passed",
              "projectId": "desktop",
              "projectName": "desktop",
              "results": [],
              "status": "skipped"
            }
          ],
          "id": "fcd0ea4886c5bbc1f720-9fe8b8e6577bcb1d8d03",
          "file": "contexto-action-recovery.spec.mjs",
          "line": 272,
          "column": 1
        },
        {
          "title": "a lost winning response adopts the server result and records it once without replay",
          "ok": true,
          "tags": [],
          "tests": [
            {
              "timeout": 45000,
              "annotations": [],
              "expectedStatus": "passed",
              "projectId": "mobile",
              "projectName": "mobile",
              "results": [],
              "status": "skipped"
            }
          ],
          "id": "fcd0ea4886c5bbc1f720-db0a45723a1383ea3749",
          "file": "contexto-action-recovery.spec.mjs",
          "line": 91,
          "column": 1
        },
        {
          "title": "a lost paid clue response restores the clue without consuming another one",
          "ok": true,
          "tags": [],
          "tests": [
            {
              "timeout": 45000,
              "annotations": [],
              "expectedStatus": "passed",
              "projectId": "mobile",
              "projectName": "mobile",
              "results": [],
              "status": "skipped"
            }
          ],
          "id": "fcd0ea4886c5bbc1f720-18a775543cd8b9445bac",
          "file": "contexto-action-recovery.spec.mjs",
          "line": 109,
          "column": 1
        },
        {
          "title": "a lost give-up response reveals only the server's terminal answer without a score",
          "ok": true,
          "tags": [],
          "tests": [
            {
              "timeout": 45000,
              "annotations": [],
              "expectedStatus": "passed",
              "projectId": "mobile",
              "projectName": "mobile",
              "results": [],
              "status": "skipped"
            }
          ],
          "id": "fcd0ea4886c5bbc1f720-e420d36e61b0b2cee21d",
          "file": "contexto-action-recovery.spec.mjs",
          "line": 128,
          "column": 1
        },
        {
          "title": "failed verification locks mutations and its persistent retry only reads",
          "ok": true,
          "tags": [],
          "tests": [
            {
              "timeout": 45000,
              "annotations": [],
              "expectedStatus": "passed",
              "projectId": "mobile",
              "projectName": "mobile",
              "results": [],
              "status": "skipped"
            }
          ],
          "id": "fcd0ea4886c5bbc1f720-3e4cfcb1af97f9890d90",
          "file": "contexto-action-recovery.spec.mjs",
          "line": 147,
          "column": 1
        },
        {
          "title": "a failure before commit keeps input and authoritative counters unchanged",
          "ok": true,
          "tags": [],
          "tests": [
            {
              "timeout": 45000,
              "annotations": [],
              "expectedStatus": "passed",
              "projectId": "mobile",
              "projectName": "mobile",
              "results": [],
              "status": "skipped"
            }
          ],
          "id": "fcd0ea4886c5bbc1f720-a356ab0fa24f785b8c32",
          "file": "contexto-action-recovery.spec.mjs",
          "line": 184,
          "column": 1
        },
        {
          "title": "a late winning read cannot adopt or clear another tab's round",
          "ok": true,
          "tags": [],
          "tests": [
            {
              "timeout": 45000,
              "annotations": [],
              "expectedStatus": "passed",
              "projectId": "mobile",
              "projectName": "mobile",
              "results": [],
              "status": "skipped"
            }
          ],
          "id": "fcd0ea4886c5bbc1f720-1f20d7c3adce68576509",
          "file": "contexto-action-recovery.spec.mjs",
          "line": 202,
          "column": 3
        },
        {
          "title": "a late 404 read cannot adopt or clear another tab's round",
          "ok": true,
          "tags": [],
          "tests": [
            {
              "timeout": 45000,
              "annotations": [],
              "expectedStatus": "passed",
              "projectId": "mobile",
              "projectName": "mobile",
              "results": [],
              "status": "skipped"
            }
          ],
          "id": "fcd0ea4886c5bbc1f720-e4949ccd8ad271ebc8c1",
          "file": "contexto-action-recovery.spec.mjs",
          "line": 202,
          "column": 3
        },
        {
          "title": "leaving during recovery preserves the old pointer and a late callback cannot overwrite a new screen",
          "ok": true,
          "tags": [],
          "tests": [
            {
              "timeout": 45000,
              "annotations": [],
              "expectedStatus": "passed",
              "projectId": "mobile",
              "projectName": "mobile",
              "results": [],
              "status": "skipped"
            }
          ],
          "id": "fcd0ea4886c5bbc1f720-82245d9f52fdd88c7a7a",
          "file": "contexto-action-recovery.spec.mjs",
          "line": 227,
          "column": 1
        },
        {
          "title": "an already different saved pointer pauses before any old-round mutation",
          "ok": true,
          "tags": [],
          "tests": [
            {
              "timeout": 45000,
              "annotations": [],
              "expectedStatus": "passed",
              "projectId": "mobile",
              "projectName": "mobile",
              "results": [],
              "status": "skipped"
            }
          ],
          "id": "fcd0ea4886c5bbc1f720-b7dae63d2139aeb04210",
          "file": "contexto-action-recovery.spec.mjs",
          "line": 252,
          "column": 1
        },
        {
          "title": "a verified missing owned session returns to setup and clears only that pointer",
          "ok": true,
          "tags": [],
          "tests": [
            {
              "timeout": 45000,
              "annotations": [],
              "expectedStatus": "passed",
              "projectId": "mobile",
              "projectName": "mobile",
              "results": [],
              "status": "skipped"
            }
          ],
          "id": "fcd0ea4886c5bbc1f720-bc7ad5d6910dd6647304",
          "file": "contexto-action-recovery.spec.mjs",
          "line": 272,
          "column": 1
        }
      ]
    },
    {
      "title": "contexto-simpler-ui.spec.mjs",
      "file": "contexto-simpler-ui.spec.mjs",
      "column": 0,
      "line": 0,
      "specs": [
        {
          "title": "one start reaches the guess field with setup and secondary tools tucked away",
          "ok": true,
          "tags": [],
          "tests": [
            {
              "timeout": 45000,
              "annotations": [],
              "expectedStatus": "passed",
              "projectId": "desktop",
              "projectName": "desktop",
              "results": [],
              "status": "skipped"
            }
          ],
          "id": "7ba7ef1d1cde293bd43d-99557454073fcb61ab87",
          "file": "contexto-simpler-ui.spec.mjs",
          "line": 14,
          "column": 1
        },
        {
          "title": "Enter and the submit button both leave the field ready for the next guess",
          "ok": true,
          "tags": [],
          "tests": [
            {
              "timeout": 45000,
              "annotations": [],
              "expectedStatus": "passed",
              "projectId": "desktop",
              "projectName": "desktop",
              "results": [],
              "status": "skipped"
            }
          ],
          "id": "7ba7ef1d1cde293bd43d-74c690fc52c0ecb87a18",
          "file": "contexto-simpler-ui.spec.mjs",
          "line": 31,
          "column": 1
        },
        {
          "title": "a delayed guess preserves focus moved deliberately into game options",
          "ok": true,
          "tags": [],
          "tests": [
            {
              "timeout": 45000,
              "annotations": [],
              "expectedStatus": "passed",
              "projectId": "desktop",
              "projectName": "desktop",
              "results": [],
              "status": "skipped"
            }
          ],
          "id": "7ba7ef1d1cde293bd43d-157d3569cc5be8dfab37",
          "file": "contexto-simpler-ui.spec.mjs",
          "line": 51,
          "column": 1
        },
        {
          "title": "the options menu preserves explicit reveal confirmation and optional recent ordering",
          "ok": true,
          "tags": [],
          "tests": [
            {
              "timeout": 45000,
              "annotations": [],
              "expectedStatus": "passed",
              "projectId": "desktop",
              "projectName": "desktop",
              "results": [],
              "status": "skipped"
            }
          ],
          "id": "7ba7ef1d1cde293bd43d-eff0fa293f825e881b64",
          "file": "contexto-simpler-ui.spec.mjs",
          "line": 74,
          "column": 1
        },
        {
          "title": "the guess field and reveal confirmation stay usable at 320px with a short viewport and doubled text",
          "ok": true,
          "tags": [],
          "tests": [
            {
              "timeout": 45000,
              "annotations": [],
              "expectedStatus": "passed",
              "projectId": "desktop",
              "projectName": "desktop",
              "results": [],
              "status": "skipped"
            }
          ],
          "id": "7ba7ef1d1cde293bd43d-6002c0489df6067c70a6",
          "file": "contexto-simpler-ui.spec.mjs",
          "line": 103,
          "column": 1
        },
        {
          "title": "rules open full width below the clue button and 'Opțiuni de joc' stays beside it",
          "ok": true,
          "tags": [],
          "tests": [
            {
              "timeout": 45000,
              "annotations": [],
              "expectedStatus": "passed",
              "projectId": "desktop",
              "projectName": "desktop",
              "results": [],
              "status": "skipped"
            }
          ],
          "id": "7ba7ef1d1cde293bd43d-f96e7cc4d7b80e16c9cf",
          "file": "contexto-simpler-ui.spec.mjs",
          "line": 126,
          "column": 1
        },
        {
          "title": "the clue countdown label fits its half of the row at 320px",
          "ok": true,
          "tags": [],
          "tests": [
            {
              "timeout": 45000,
              "annotations": [],
              "expectedStatus": "passed",
              "projectId": "desktop",
              "projectName": "desktop",
              "results": [],
              "status": "skipped"
            }
          ],
          "id": "7ba7ef1d1cde293bd43d-572de67cc208c65ccbf0",
          "file": "contexto-simpler-ui.spec.mjs",
          "line": 146,
          "column": 1
        },
        {
          "title": "one start reaches the guess field with setup and secondary tools tucked away",
          "ok": true,
          "tags": [],
          "tests": [
            {
              "timeout": 45000,
              "annotations": [],
              "expectedStatus": "passed",
              "projectId": "mobile",
              "projectName": "mobile",
              "results": [],
              "status": "skipped"
            }
          ],
          "id": "7ba7ef1d1cde293bd43d-d615d870c784bf640c46",
          "file": "contexto-simpler-ui.spec.mjs",
          "line": 14,
          "column": 1
        },
        {
          "title": "Enter and the submit button both leave the field ready for the next guess",
          "ok": true,
          "tags": [],
          "tests": [
            {
              "timeout": 45000,
              "annotations": [],
              "expectedStatus": "passed",
              "projectId": "mobile",
              "projectName": "mobile",
              "results": [],
              "status": "skipped"
            }
          ],
          "id": "7ba7ef1d1cde293bd43d-20f705d448a565e48303",
          "file": "contexto-simpler-ui.spec.mjs",
          "line": 31,
          "column": 1
        },
        {
          "title": "a delayed guess preserves focus moved deliberately into game options",
          "ok": true,
          "tags": [],
          "tests": [
            {
              "timeout": 45000,
              "annotations": [],
              "expectedStatus": "passed",
              "projectId": "mobile",
              "projectName": "mobile",
              "results": [],
              "status": "skipped"
            }
          ],
          "id": "7ba7ef1d1cde293bd43d-cddeba37198c4a974375",
          "file": "contexto-simpler-ui.spec.mjs",
          "line": 51,
          "column": 1
        },
        {
          "title": "the options menu preserves explicit reveal confirmation and optional recent ordering",
          "ok": true,
          "tags": [],
          "tests": [
            {
              "timeout": 45000,
              "annotations": [],
              "expectedStatus": "passed",
              "projectId": "mobile",
              "projectName": "mobile",
              "results": [],
              "status": "skipped"
            }
          ],
          "id": "7ba7ef1d1cde293bd43d-b9b8d29bcbbcf203f596",
          "file": "contexto-simpler-ui.spec.mjs",
          "line": 74,
          "column": 1
        },
        {
          "title": "the guess field and reveal confirmation stay usable at 320px with a short viewport and doubled text",
          "ok": true,
          "tags": [],
          "tests": [
            {
              "timeout": 45000,
              "annotations": [],
              "expectedStatus": "passed",
              "projectId": "mobile",
              "projectName": "mobile",
              "results": [],
              "status": "skipped"
            }
          ],
          "id": "7ba7ef1d1cde293bd43d-83e94a8201aced2a8345",
          "file": "contexto-simpler-ui.spec.mjs",
          "line": 103,
          "column": 1
        },
        {
          "title": "rules open full width below the clue button and 'Opțiuni de joc' stays beside it",
          "ok": true,
          "tags": [],
          "tests": [
            {
              "timeout": 45000,
              "annotations": [],
              "expectedStatus": "passed",
              "projectId": "mobile",
              "projectName": "mobile",
              "results": [],
              "status": "skipped"
            }
          ],
          "id": "7ba7ef1d1cde293bd43d-74faaa39527b1381f9ff",
          "file": "contexto-simpler-ui.spec.mjs",
          "line": 126,
          "column": 1
        },
        {
          "title": "the clue countdown label fits its half of the row at 320px",
          "ok": true,
          "tags": [],
          "tests": [
            {
              "timeout": 45000,
              "annotations": [],
              "expectedStatus": "passed",
              "projectId": "mobile",
              "projectName": "mobile",
              "results": [],
              "status": "skipped"
            }
          ],
          "id": "7ba7ef1d1cde293bd43d-2b323b43a63e05e78afd",
          "file": "contexto-simpler-ui.spec.mjs",
          "line": 146,
          "column": 1
        }
      ]
    },
    {
      "title": "derived-action-recovery.spec.mjs",
      "file": "derived-action-recovery.spec.mjs",
      "column": 0,
      "line": 0,
      "specs": [],
      "suites": [
        {
          "title": "intrusul",
          "file": "derived-action-recovery.spec.mjs",
          "line": 101,
          "column": 8,
          "specs": [
            {
              "title": "lost committed practice recovers exact earned state with one GET",
              "ok": true,
              "tags": [],
              "tests": [
                {
                  "timeout": 45000,
                  "annotations": [],
                  "expectedStatus": "passed",
                  "projectId": "desktop",
                  "projectName": "desktop",
                  "results": [],
                  "status": "skipped"
                }
              ],
              "id": "376f47eb49d56654c380-e01f3871f83930e745d6",
              "file": "derived-action-recovery.spec.mjs",
              "line": 105,
              "column": 7
            },
            {
              "title": "lost committed hint recovers exact earned state with one GET",
              "ok": true,
              "tags": [],
              "tests": [
                {
                  "timeout": 45000,
                  "annotations": [],
                  "expectedStatus": "passed",
                  "projectId": "desktop",
                  "projectName": "desktop",
                  "results": [],
                  "status": "skipped"
                }
              ],
              "id": "376f47eb49d56654c380-48888db5e7d5647ce59a",
              "file": "derived-action-recovery.spec.mjs",
              "line": 105,
              "column": 7
            },
            {
              "title": "lost committed win recovers exact earned state with one GET",
              "ok": true,
              "tags": [],
              "tests": [
                {
                  "timeout": 45000,
                  "annotations": [],
                  "expectedStatus": "passed",
                  "projectId": "desktop",
                  "projectName": "desktop",
                  "results": [],
                  "status": "skipped"
                }
              ],
              "id": "376f47eb49d56654c380-c8733d315b9b8912241a",
              "file": "derived-action-recovery.spec.mjs",
              "line": 105,
              "column": 7
            },
            {
              "title": "lost committed loss recovers exact earned state with one GET",
              "ok": true,
              "tags": [],
              "tests": [
                {
                  "timeout": 45000,
                  "annotations": [],
                  "expectedStatus": "passed",
                  "projectId": "desktop",
                  "projectName": "desktop",
                  "results": [],
                  "status": "skipped"
                }
              ],
              "id": "376f47eb49d56654c380-fbb7ef2087b4cf26d49e",
              "file": "derived-action-recovery.spec.mjs",
              "line": 105,
              "column": 7
            },
            {
              "title": "failed reads persist and repeated manual verification never replays the paid hint",
              "ok": true,
              "tags": [],
              "tests": [
                {
                  "timeout": 45000,
                  "annotations": [],
                  "expectedStatus": "passed",
                  "projectId": "desktop",
                  "projectName": "desktop",
                  "results": [],
                  "status": "skipped"
                }
              ],
              "id": "376f47eb49d56654c380-45416e44693d6c7c98ee",
              "file": "derived-action-recovery.spec.mjs",
              "line": 147,
              "column": 5
            },
            {
              "title": "a cleared saved pointer between verification attempts cannot revive an old win",
              "ok": true,
              "tags": [],
              "tests": [
                {
                  "timeout": 45000,
                  "annotations": [],
                  "expectedStatus": "passed",
                  "projectId": "desktop",
                  "projectName": "desktop",
                  "results": [],
                  "status": "skipped"
                }
              ],
              "id": "376f47eb49d56654c380-f215ecfe0c843647b846",
              "file": "derived-action-recovery.spec.mjs",
              "line": 188,
              "column": 5
            },
            {
              "title": "an uncommitted action reads unchanged state without inventing progress",
              "ok": true,
              "tags": [],
              "tests": [
                {
                  "timeout": 45000,
                  "annotations": [],
                  "expectedStatus": "passed",
                  "projectId": "desktop",
                  "projectName": "desktop",
                  "results": [],
                  "status": "skipped"
                }
              ],
              "id": "376f47eb49d56654c380-0611eeec0f1ad10264d4",
              "file": "derived-action-recovery.spec.mjs",
              "line": 210,
              "column": 5
            },
            {
              "title": "a wrong game id in mutation cannot replace the displayed round",
              "ok": true,
              "tags": [],
              "tests": [
                {
                  "timeout": 45000,
                  "annotations": [],
                  "expectedStatus": "passed",
                  "projectId": "desktop",
                  "projectName": "desktop",
                  "results": [],
                  "status": "skipped"
                }
              ],
              "id": "376f47eb49d56654c380-6e4f5fd314bd80068d6f",
              "file": "derived-action-recovery.spec.mjs",
              "line": 221,
              "column": 7
            },
            {
              "title": "a wrong game id in read cannot replace the displayed round",
              "ok": true,
              "tags": [],
              "tests": [
                {
                  "timeout": 45000,
                  "annotations": [],
                  "expectedStatus": "passed",
                  "projectId": "desktop",
                  "projectName": "desktop",
                  "results": [],
                  "status": "skipped"
                }
              ],
              "id": "376f47eb49d56654c380-2a0250ac66e211b26a4d",
              "file": "derived-action-recovery.spec.mjs",
              "line": 221,
              "column": 7
            },
            {
              "title": "owned confirmed 404 returns to intro and forgets only the missing round",
              "ok": true,
              "tags": [],
              "tests": [
                {
                  "timeout": 45000,
                  "annotations": [],
                  "expectedStatus": "passed",
                  "projectId": "desktop",
                  "projectName": "desktop",
                  "results": [],
                  "status": "skipped"
                }
              ],
              "id": "376f47eb49d56654c380-2886e18779fa40bc0aa7",
              "file": "derived-action-recovery.spec.mjs",
              "line": 241,
              "column": 5
            },
            {
              "title": "an already changed saved pointer prevents a mutation and loads the current round",
              "ok": true,
              "tags": [],
              "tests": [
                {
                  "timeout": 45000,
                  "annotations": [],
                  "expectedStatus": "passed",
                  "projectId": "desktop",
                  "projectName": "desktop",
                  "results": [],
                  "status": "skipped"
                }
              ],
              "id": "376f47eb49d56654c380-1d1c42ab919d471c8383",
              "file": "derived-action-recovery.spec.mjs",
              "line": 252,
              "column": 5
            },
            {
              "title": "a changed saved round rejects an old winning mutation completion without scoring",
              "ok": true,
              "tags": [],
              "tests": [
                {
                  "timeout": 45000,
                  "annotations": [],
                  "expectedStatus": "passed",
                  "projectId": "desktop",
                  "projectName": "desktop",
                  "results": [],
                  "status": "skipped"
                }
              ],
              "id": "376f47eb49d56654c380-75f37ba6b7f3d8909a12",
              "file": "derived-action-recovery.spec.mjs",
              "line": 269,
              "column": 7
            },
            {
              "title": "a changed saved round rejects an old winning read completion without scoring",
              "ok": true,
              "tags": [],
              "tests": [
                {
                  "timeout": 45000,
                  "annotations": [],
                  "expectedStatus": "passed",
                  "projectId": "desktop",
                  "projectName": "desktop",
                  "results": [],
                  "status": "skipped"
                }
              ],
              "id": "376f47eb49d56654c380-00a29241c5159cf9403f",
              "file": "derived-action-recovery.spec.mjs",
              "line": 269,
              "column": 7
            },
            {
              "title": "a changed saved round rejects an old winning missing-read completion without scoring",
              "ok": true,
              "tags": [],
              "tests": [
                {
                  "timeout": 45000,
                  "annotations": [],
                  "expectedStatus": "passed",
                  "projectId": "desktop",
                  "projectName": "desktop",
                  "results": [],
                  "status": "skipped"
                }
              ],
              "id": "376f47eb49d56654c380-b69e59d73bf21fc912d4",
              "file": "derived-action-recovery.spec.mjs",
              "line": 269,
              "column": 7
            },
            {
              "title": "a changed saved round rejects an old winning removed-pointer completion without scoring",
              "ok": true,
              "tags": [],
              "tests": [
                {
                  "timeout": 45000,
                  "annotations": [],
                  "expectedStatus": "passed",
                  "projectId": "desktop",
                  "projectName": "desktop",
                  "results": [],
                  "status": "skipped"
                }
              ],
              "id": "376f47eb49d56654c380-bf2ec60f4c9de5c1eae5",
              "file": "derived-action-recovery.spec.mjs",
              "line": 269,
              "column": 7
            },
            {
              "title": "browser Back preserves the saved round when a winning reply arrives during departure",
              "ok": true,
              "tags": [],
              "tests": [
                {
                  "timeout": 45000,
                  "annotations": [],
                  "expectedStatus": "passed",
                  "projectId": "desktop",
                  "projectName": "desktop",
                  "results": [],
                  "status": "skipped"
                }
              ],
              "id": "376f47eb49d56654c380-d927eb2d57d045a35137",
              "file": "derived-action-recovery.spec.mjs",
              "line": 295,
              "column": 5
            },
            {
              "title": "exit invalidates a held winning mutation reply and resume records once",
              "ok": true,
              "tags": [],
              "tests": [
                {
                  "timeout": 45000,
                  "annotations": [],
                  "expectedStatus": "passed",
                  "projectId": "desktop",
                  "projectName": "desktop",
                  "results": [],
                  "status": "skipped"
                }
              ],
              "id": "376f47eb49d56654c380-49b2bfb87ecedb559f0d",
              "file": "derived-action-recovery.spec.mjs",
              "line": 321,
              "column": 7
            },
            {
              "title": "exit invalidates a held winning read reply and resume records once",
              "ok": true,
              "tags": [],
              "tests": [
                {
                  "timeout": 45000,
                  "annotations": [],
                  "expectedStatus": "passed",
                  "projectId": "desktop",
                  "projectName": "desktop",
                  "results": [],
                  "status": "skipped"
                }
              ],
              "id": "376f47eb49d56654c380-6d684ff3087cbd5c43d8",
              "file": "derived-action-recovery.spec.mjs",
              "line": 321,
              "column": 7
            },
            {
              "title": "exit invalidates a held winning unmounted reply and resume records once",
              "ok": true,
              "tags": [],
              "tests": [
                {
                  "timeout": 45000,
                  "annotations": [],
                  "expectedStatus": "passed",
                  "projectId": "desktop",
                  "projectName": "desktop",
                  "results": [],
                  "status": "skipped"
                }
              ],
              "id": "376f47eb49d56654c380-7bf7158061cccc39c1a5",
              "file": "derived-action-recovery.spec.mjs",
              "line": 321,
              "column": 7
            },
            {
              "title": "lost committed practice recovers exact earned state with one GET",
              "ok": true,
              "tags": [],
              "tests": [
                {
                  "timeout": 45000,
                  "annotations": [],
                  "expectedStatus": "passed",
                  "projectId": "mobile",
                  "projectName": "mobile",
                  "results": [],
                  "status": "skipped"
                }
              ],
              "id": "376f47eb49d56654c380-9b79fd9f62a0ab13253f",
              "file": "derived-action-recovery.spec.mjs",
              "line": 105,
              "column": 7
            },
            {
              "title": "lost committed hint recovers exact earned state with one GET",
              "ok": true,
              "tags": [],
              "tests": [
                {
                  "timeout": 45000,
                  "annotations": [],
                  "expectedStatus": "passed",
                  "projectId": "mobile",
                  "projectName": "mobile",
                  "results": [],
                  "status": "skipped"
                }
              ],
              "id": "376f47eb49d56654c380-6f2d97b41ec9b44e02c8",
              "file": "derived-action-recovery.spec.mjs",
              "line": 105,
              "column": 7
            },
            {
              "title": "lost committed win recovers exact earned state with one GET",
              "ok": true,
              "tags": [],
              "tests": [
                {
                  "timeout": 45000,
                  "annotations": [],
                  "expectedStatus": "passed",
                  "projectId": "mobile",
                  "projectName": "mobile",
                  "results": [],
                  "status": "skipped"
                }
              ],
              "id": "376f47eb49d56654c380-21aaea397c8537e3fa18",
              "file": "derived-action-recovery.spec.mjs",
              "line": 105,
              "column": 7
            },
            {
              "title": "lost committed loss recovers exact earned state with one GET",
              "ok": true,
              "tags": [],
              "tests": [
                {
                  "timeout": 45000,
                  "annotations": [],
                  "expectedStatus": "passed",
                  "projectId": "mobile",
                  "projectName": "mobile",
                  "results": [],
                  "status": "skipped"
                }
              ],
              "id": "376f47eb49d56654c380-25ea2c84b681758e4a62",
              "file": "derived-action-recovery.spec.mjs",
              "line": 105,
              "column": 7
            },
            {
              "title": "failed reads persist and repeated manual verification never replays the paid hint",
              "ok": true,
              "tags": [],
              "tests": [
                {
                  "timeout": 45000,
                  "annotations": [],
                  "expectedStatus": "passed",
                  "projectId": "mobile",
                  "projectName": "mobile",
                  "results": [],
                  "status": "skipped"
                }
              ],
              "id": "376f47eb49d56654c380-a2cd426af8cb43c3c1b7",
              "file": "derived-action-recovery.spec.mjs",
              "line": 147,
              "column": 5
            },
            {
              "title": "a cleared saved pointer between verification attempts cannot revive an old win",
              "ok": true,
              "tags": [],
              "tests": [
                {
                  "timeout": 45000,
                  "annotations": [],
                  "expectedStatus": "passed",
                  "projectId": "mobile",
                  "projectName": "mobile",
                  "results": [],
                  "status": "skipped"
                }
              ],
              "id": "376f47eb49d56654c380-cf2d8d737de070ff09f8",
              "file": "derived-action-recovery.spec.mjs",
              "line": 188,
              "column": 5
            },
            {
              "title": "an uncommitted action reads unchanged state without inventing progress",
              "ok": true,
              "tags": [],
              "tests": [
                {
                  "timeout": 45000,
                  "annotations": [],
                  "expectedStatus": "passed",
                  "projectId": "mobile",
                  "projectName": "mobile",
                  "results": [],
                  "status": "skipped"
                }
              ],
              "id": "376f47eb49d56654c380-e8bfa033b9c94d024f80",
              "file": "derived-action-recovery.spec.mjs",
              "line": 210,
              "column": 5
            },
            {
              "title": "a wrong game id in mutation cannot replace the displayed round",
              "ok": true,
              "tags": [],
              "tests": [
                {
                  "timeout": 45000,
                  "annotations": [],
                  "expectedStatus": "passed",
                  "projectId": "mobile",
                  "projectName": "mobile",
                  "results": [],
                  "status": "skipped"
                }
              ],
              "id": "376f47eb49d56654c380-7d1e4d52be06d6d19f28",
              "file": "derived-action-recovery.spec.mjs",
              "line": 221,
              "column": 7
            },
            {
              "title": "a wrong game id in read cannot replace the displayed round",
              "ok": true,
              "tags": [],
              "tests": [
                {
                  "timeout": 45000,
                  "annotations": [],
                  "expectedStatus": "passed",
                  "projectId": "mobile",
                  "projectName": "mobile",
                  "results": [],
                  "status": "skipped"
                }
              ],
              "id": "376f47eb49d56654c380-1cb464511c931acb07a2",
              "file": "derived-action-recovery.spec.mjs",
              "line": 221,
              "column": 7
            },
            {
              "title": "owned confirmed 404 returns to intro and forgets only the missing round",
              "ok": true,
              "tags": [],
              "tests": [
                {
                  "timeout": 45000,
                  "annotations": [],
                  "expectedStatus": "passed",
                  "projectId": "mobile",
                  "projectName": "mobile",
                  "results": [],
                  "status": "skipped"
                }
              ],
              "id": "376f47eb49d56654c380-651fc7f6bb03d94ffef8",
              "file": "derived-action-recovery.spec.mjs",
              "line": 241,
              "column": 5
            },
            {
              "title": "an already changed saved pointer prevents a mutation and loads the current round",
              "ok": true,
              "tags": [],
              "tests": [
                {
                  "timeout": 45000,
                  "annotations": [],
                  "expectedStatus": "passed",
                  "projectId": "mobile",
                  "projectName": "mobile",
                  "results": [],
                  "status": "skipped"
                }
              ],
              "id": "376f47eb49d56654c380-62d5d9977f36764744f3",
              "file": "derived-action-recovery.spec.mjs",
              "line": 252,
              "column": 5
            },
            {
              "title": "a changed saved round rejects an old winning mutation completion without scoring",
              "ok": true,
              "tags": [],
              "tests": [
                {
                  "timeout": 45000,
                  "annotations": [],
                  "expectedStatus": "passed",
                  "projectId": "mobile",
                  "projectName": "mobile",
                  "results": [],
                  "status": "skipped"
                }
              ],
              "id": "376f47eb49d56654c380-58258a25d889d3147580",
              "file": "derived-action-recovery.spec.mjs",
              "line": 269,
              "column": 7
            },
            {
              "title": "a changed saved round rejects an old winning read completion without scoring",
              "ok": true,
              "tags": [],
              "tests": [
                {
                  "timeout": 45000,
                  "annotations": [],
                  "expectedStatus": "passed",
                  "projectId": "mobile",
                  "projectName": "mobile",
                  "results": [],
                  "status": "skipped"
                }
              ],
              "id": "376f47eb49d56654c380-3638fa41175e6538def5",
              "file": "derived-action-recovery.spec.mjs",
              "line": 269,
              "column": 7
            },
            {
              "title": "a changed saved round rejects an old winning missing-read completion without scoring",
              "ok": true,
              "tags": [],
              "tests": [
                {
                  "timeout": 45000,
                  "annotations": [],
                  "expectedStatus": "passed",
                  "projectId": "mobile",
                  "projectName": "mobile",
                  "results": [],
                  "status": "skipped"
                }
              ],
              "id": "376f47eb49d56654c380-ccda3e7e8cb6a99a48b9",
              "file": "derived-action-recovery.spec.mjs",
              "line": 269,
              "column": 7
            },
            {
              "title": "a changed saved round rejects an old winning removed-pointer completion without scoring",
              "ok": true,
              "tags": [],
              "tests": [
                {
                  "timeout": 45000,
                  "annotations": [],
                  "expectedStatus": "passed",
                  "projectId": "mobile",
                  "projectName": "mobile",
                  "results": [],
                  "status": "skipped"
                }
              ],
              "id": "376f47eb49d56654c380-59a47255f9d2b663e64b",
              "file": "derived-action-recovery.spec.mjs",
              "line": 269,
              "column": 7
            },
            {
              "title": "browser Back preserves the saved round when a winning reply arrives during departure",
              "ok": true,
              "tags": [],
              "tests": [
                {
                  "timeout": 45000,
                  "annotations": [],
                  "expectedStatus": "passed",
                  "projectId": "mobile",
                  "projectName": "mobile",
                  "results": [],
                  "status": "skipped"
                }
              ],
              "id": "376f47eb49d56654c380-f2263a8e9d846bced13e",
              "file": "derived-action-recovery.spec.mjs",
              "line": 295,
              "column": 5
            },
            {
              "title": "exit invalidates a held winning mutation reply and resume records once",
              "ok": true,
              "tags": [],
              "tests": [
                {
                  "timeout": 45000,
                  "annotations": [],
                  "expectedStatus": "passed",
                  "projectId": "mobile",
                  "projectName": "mobile",
                  "results": [],
                  "status": "skipped"
                }
              ],
              "id": "376f47eb49d56654c380-099967d5e569074e58d4",
              "file": "derived-action-recovery.spec.mjs",
              "line": 321,
              "column": 7
            },
            {
              "title": "exit invalidates a held winning read reply and resume records once",
              "ok": true,
              "tags": [],
              "tests": [
                {
                  "timeout": 45000,
                  "annotations": [],
                  "expectedStatus": "passed",
                  "projectId": "mobile",
                  "projectName": "mobile",
                  "results": [],
                  "status": "skipped"
                }
              ],
              "id": "376f47eb49d56654c380-2a228c0ac08c513f6249",
              "file": "derived-action-recovery.spec.mjs",
              "line": 321,
              "column": 7
            },
            {
              "title": "exit invalidates a held winning unmounted reply and resume records once",
              "ok": true,
              "tags": [],
              "tests": [
                {
                  "timeout": 45000,
                  "annotations": [],
                  "expectedStatus": "passed",
                  "projectId": "mobile",
                  "projectName": "mobile",
                  "results": [],
                  "status": "skipped"
                }
              ],
              "id": "376f47eb49d56654c380-72d161a0d98ecf6b3c89",
              "file": "derived-action-recovery.spec.mjs",
              "line": 321,
              "column": 7
            }
          ]
        },
        {
          "title": "perechi",
          "file": "derived-action-recovery.spec.mjs",
          "line": 101,
          "column": 8,
          "specs": [
            {
              "title": "lost committed practice recovers exact earned state with one GET",
              "ok": true,
              "tags": [],
              "tests": [
                {
                  "timeout": 45000,
                  "annotations": [],
                  "expectedStatus": "passed",
                  "projectId": "desktop",
                  "projectName": "desktop",
                  "results": [],
                  "status": "skipped"
                }
              ],
              "id": "376f47eb49d56654c380-70ef688f5c7eb937f178",
              "file": "derived-action-recovery.spec.mjs",
              "line": 105,
              "column": 7
            },
            {
              "title": "lost committed match recovers exact earned state with one GET",
              "ok": true,
              "tags": [],
              "tests": [
                {
                  "timeout": 45000,
                  "annotations": [],
                  "expectedStatus": "passed",
                  "projectId": "desktop",
                  "projectName": "desktop",
                  "results": [],
                  "status": "skipped"
                }
              ],
              "id": "376f47eb49d56654c380-56e2ea25473b10be180e",
              "file": "derived-action-recovery.spec.mjs",
              "line": 105,
              "column": 7
            },
            {
              "title": "lost committed hint recovers exact earned state with one GET",
              "ok": true,
              "tags": [],
              "tests": [
                {
                  "timeout": 45000,
                  "annotations": [],
                  "expectedStatus": "passed",
                  "projectId": "desktop",
                  "projectName": "desktop",
                  "results": [],
                  "status": "skipped"
                }
              ],
              "id": "376f47eb49d56654c380-5a6239974cf7c5a6d2fb",
              "file": "derived-action-recovery.spec.mjs",
              "line": 105,
              "column": 7
            },
            {
              "title": "lost committed win recovers exact earned state with one GET",
              "ok": true,
              "tags": [],
              "tests": [
                {
                  "timeout": 45000,
                  "annotations": [],
                  "expectedStatus": "passed",
                  "projectId": "desktop",
                  "projectName": "desktop",
                  "results": [],
                  "status": "skipped"
                }
              ],
              "id": "376f47eb49d56654c380-060e11284b0ea64f45d6",
              "file": "derived-action-recovery.spec.mjs",
              "line": 105,
              "column": 7
            },
            {
              "title": "lost committed loss recovers exact earned state with one GET",
              "ok": true,
              "tags": [],
              "tests": [
                {
                  "timeout": 45000,
                  "annotations": [],
                  "expectedStatus": "passed",
                  "projectId": "desktop",
                  "projectName": "desktop",
                  "results": [],
                  "status": "skipped"
                }
              ],
              "id": "376f47eb49d56654c380-3ce0443c1a64d3a5837e",
              "file": "derived-action-recovery.spec.mjs",
              "line": 105,
              "column": 7
            },
            {
              "title": "failed reads persist and repeated manual verification never replays the paid hint",
              "ok": true,
              "tags": [],
              "tests": [
                {
                  "timeout": 45000,
                  "annotations": [],
                  "expectedStatus": "passed",
                  "projectId": "desktop",
                  "projectName": "desktop",
                  "results": [],
                  "status": "skipped"
                }
              ],
              "id": "376f47eb49d56654c380-358c8b1eac87a64bb22b",
              "file": "derived-action-recovery.spec.mjs",
              "line": 147,
              "column": 5
            },
            {
              "title": "a keyboard match retains focus recovery through a failed GET and manual retry",
              "ok": true,
              "tags": [],
              "tests": [
                {
                  "timeout": 45000,
                  "annotations": [],
                  "expectedStatus": "passed",
                  "projectId": "desktop",
                  "projectName": "desktop",
                  "results": [],
                  "status": "skipped"
                }
              ],
              "id": "376f47eb49d56654c380-ad76cd1a607cc3a2c224",
              "file": "derived-action-recovery.spec.mjs",
              "line": 171,
              "column": 7
            },
            {
              "title": "a cleared saved pointer between verification attempts cannot revive an old win",
              "ok": true,
              "tags": [],
              "tests": [
                {
                  "timeout": 45000,
                  "annotations": [],
                  "expectedStatus": "passed",
                  "projectId": "desktop",
                  "projectName": "desktop",
                  "results": [],
                  "status": "skipped"
                }
              ],
              "id": "376f47eb49d56654c380-de24602945e62288c635",
              "file": "derived-action-recovery.spec.mjs",
              "line": 188,
              "column": 5
            },
            {
              "title": "an uncommitted action reads unchanged state without inventing progress",
              "ok": true,
              "tags": [],
              "tests": [
                {
                  "timeout": 45000,
                  "annotations": [],
                  "expectedStatus": "passed",
                  "projectId": "desktop",
                  "projectName": "desktop",
                  "results": [],
                  "status": "skipped"
                }
              ],
              "id": "376f47eb49d56654c380-178cdeadd426c3e4cc20",
              "file": "derived-action-recovery.spec.mjs",
              "line": 210,
              "column": 5
            },
            {
              "title": "a wrong game id in mutation cannot replace the displayed round",
              "ok": true,
              "tags": [],
              "tests": [
                {
                  "timeout": 45000,
                  "annotations": [],
                  "expectedStatus": "passed",
                  "projectId": "desktop",
                  "projectName": "desktop",
                  "results": [],
                  "status": "skipped"
                }
              ],
              "id": "376f47eb49d56654c380-093f7101e1ad4b1f73f6",
              "file": "derived-action-recovery.spec.mjs",
              "line": 221,
              "column": 7
            },
            {
              "title": "a wrong game id in read cannot replace the displayed round",
              "ok": true,
              "tags": [],
              "tests": [
                {
                  "timeout": 45000,
                  "annotations": [],
                  "expectedStatus": "passed",
                  "projectId": "desktop",
                  "projectName": "desktop",
                  "results": [],
                  "status": "skipped"
                }
              ],
              "id": "376f47eb49d56654c380-bbacf09be12826c248ad",
              "file": "derived-action-recovery.spec.mjs",
              "line": 221,
              "column": 7
            },
            {
              "title": "owned confirmed 404 returns to intro and forgets only the missing round",
              "ok": true,
              "tags": [],
              "tests": [
                {
                  "timeout": 45000,
                  "annotations": [],
                  "expectedStatus": "passed",
                  "projectId": "desktop",
                  "projectName": "desktop",
                  "results": [],
                  "status": "skipped"
                }
              ],
              "id": "376f47eb49d56654c380-62c78ed3adff04d0df70",
              "file": "derived-action-recovery.spec.mjs",
              "line": 241,
              "column": 5
            },
            {
              "title": "an already changed saved pointer prevents a mutation and loads the current round",
              "ok": true,
              "tags": [],
              "tests": [
                {
                  "timeout": 45000,
                  "annotations": [],
                  "expectedStatus": "passed",
                  "projectId": "desktop",
                  "projectName": "desktop",
                  "results": [],
                  "status": "skipped"
                }
              ],
              "id": "376f47eb49d56654c380-58a000de75f0d511bee7",
              "file": "derived-action-recovery.spec.mjs",
              "line": 252,
              "column": 5
            },
            {
              "title": "a changed saved round rejects an old winning mutation completion without scoring",
              "ok": true,
              "tags": [],
              "tests": [
                {
                  "timeout": 45000,
                  "annotations": [],
                  "expectedStatus": "passed",
                  "projectId": "desktop",
                  "projectName": "desktop",
                  "results": [],
                  "status": "skipped"
                }
              ],
              "id": "376f47eb49d56654c380-1086ed85b375939aa71d",
              "file": "derived-action-recovery.spec.mjs",
              "line": 269,
              "column": 7
            },
            {
              "title": "a changed saved round rejects an old winning read completion without scoring",
              "ok": true,
              "tags": [],
              "tests": [
                {
                  "timeout": 45000,
                  "annotations": [],
                  "expectedStatus": "passed",
                  "projectId": "desktop",
                  "projectName": "desktop",
                  "results": [],
                  "status": "skipped"
                }
              ],
              "id": "376f47eb49d56654c380-b57fc4065f73659730f8",
              "file": "derived-action-recovery.spec.mjs",
              "line": 269,
              "column": 7
            },
            {
              "title": "a changed saved round rejects an old winning missing-read completion without scoring",
              "ok": true,
              "tags": [],
              "tests": [
                {
                  "timeout": 45000,
                  "annotations": [],
                  "expectedStatus": "passed",
                  "projectId": "desktop",
                  "projectName": "desktop",
                  "results": [],
                  "status": "skipped"
                }
              ],
              "id": "376f47eb49d56654c380-bab4a5973655352b3ce1",
              "file": "derived-action-recovery.spec.mjs",
              "line": 269,
              "column": 7
            },
            {
              "title": "a changed saved round rejects an old winning removed-pointer completion without scoring",
              "ok": true,
              "tags": [],
              "tests": [
                {
                  "timeout": 45000,
                  "annotations": [],
                  "expectedStatus": "passed",
                  "projectId": "desktop",
                  "projectName": "desktop",
                  "results": [],
                  "status": "skipped"
                }
              ],
              "id": "376f47eb49d56654c380-d9ff9a7c2bed123e5c60",
              "file": "derived-action-recovery.spec.mjs",
              "line": 269,
              "column": 7
            },
            {
              "title": "browser Back preserves the saved round when a winning reply arrives during departure",
              "ok": true,
              "tags": [],
              "tests": [
                {
                  "timeout": 45000,
                  "annotations": [],
                  "expectedStatus": "passed",
                  "projectId": "desktop",
                  "projectName": "desktop",
                  "results": [],
                  "status": "skipped"
                }
              ],
              "id": "376f47eb49d56654c380-a26b7c1ad175785100e2",
              "file": "derived-action-recovery.spec.mjs",
              "line": 295,
              "column": 5
            },
            {
              "title": "exit invalidates a held winning mutation reply and resume records once",
              "ok": true,
              "tags": [],
              "tests": [
                {
                  "timeout": 45000,
                  "annotations": [],
                  "expectedStatus": "passed",
                  "projectId": "desktop",
                  "projectName": "desktop",
                  "results": [],
                  "status": "skipped"
                }
              ],
              "id": "376f47eb49d56654c380-1777a6cacfb821a777c2",
              "file": "derived-action-recovery.spec.mjs",
              "line": 321,
              "column": 7
            },
            {
              "title": "exit invalidates a held winning read reply and resume records once",
              "ok": true,
              "tags": [],
              "tests": [
                {
                  "timeout": 45000,
                  "annotations": [],
                  "expectedStatus": "passed",
                  "projectId": "desktop",
                  "projectName": "desktop",
                  "results": [],
                  "status": "skipped"
                }
              ],
              "id": "376f47eb49d56654c380-acb0a12177f22e9f85b5",
              "file": "derived-action-recovery.spec.mjs",
              "line": 321,
              "column": 7
            },
            {
              "title": "exit invalidates a held winning unmounted reply and resume records once",
              "ok": true,
              "tags": [],
              "tests": [
                {
                  "timeout": 45000,
                  "annotations": [],
                  "expectedStatus": "passed",
                  "projectId": "desktop",
                  "projectName": "desktop",
                  "results": [],
                  "status": "skipped"
                }
              ],
              "id": "376f47eb49d56654c380-77280d26dcc99cfe2dd8",
              "file": "derived-action-recovery.spec.mjs",
              "line": 321,
              "column": 7
            },
            {
              "title": "lost committed practice recovers exact earned state with one GET",
              "ok": true,
              "tags": [],
              "tests": [
                {
                  "timeout": 45000,
                  "annotations": [],
                  "expectedStatus": "passed",
                  "projectId": "mobile",
                  "projectName": "mobile",
                  "results": [],
                  "status": "skipped"
                }
              ],
              "id": "376f47eb49d56654c380-09a550da08cff5df9a13",
              "file": "derived-action-recovery.spec.mjs",
              "line": 105,
              "column": 7
            },
            {
              "title": "lost committed match recovers exact earned state with one GET",
              "ok": true,
              "tags": [],
              "tests": [
                {
                  "timeout": 45000,
                  "annotations": [],
                  "expectedStatus": "passed",
                  "projectId": "mobile",
                  "projectName": "mobile",
                  "results": [],
                  "status": "skipped"
                }
              ],
              "id": "376f47eb49d56654c380-f69f751e61e39bf30b9f",
              "file": "derived-action-recovery.spec.mjs",
              "line": 105,
              "column": 7
            },
            {
              "title": "lost committed hint recovers exact earned state with one GET",
              "ok": true,
              "tags": [],
              "tests": [
                {
                  "timeout": 45000,
                  "annotations": [],
                  "expectedStatus": "passed",
                  "projectId": "mobile",
                  "projectName": "mobile",
                  "results": [],
                  "status": "skipped"
                }
              ],
              "id": "376f47eb49d56654c380-87b087e20c01ed7c01b4",
              "file": "derived-action-recovery.spec.mjs",
              "line": 105,
              "column": 7
            },
            {
              "title": "lost committed win recovers exact earned state with one GET",
              "ok": true,
              "tags": [],
              "tests": [
                {
                  "timeout": 45000,
                  "annotations": [],
                  "expectedStatus": "passed",
                  "projectId": "mobile",
                  "projectName": "mobile",
                  "results": [],
                  "status": "skipped"
                }
              ],
              "id": "376f47eb49d56654c380-08db132f6c1ec3cbcdd4",
              "file": "derived-action-recovery.spec.mjs",
              "line": 105,
              "column": 7
            },
            {
              "title": "lost committed loss recovers exact earned state with one GET",
              "ok": true,
              "tags": [],
              "tests": [
                {
                  "timeout": 45000,
                  "annotations": [],
                  "expectedStatus": "passed",
                  "projectId": "mobile",
                  "projectName": "mobile",
                  "results": [],
                  "status": "skipped"
                }
              ],
              "id": "376f47eb49d56654c380-c469fee96fc916c452f3",
              "file": "derived-action-recovery.spec.mjs",
              "line": 105,
              "column": 7
            },
            {
              "title": "failed reads persist and repeated manual verification never replays the paid hint",
              "ok": true,
              "tags": [],
              "tests": [
                {
                  "timeout": 45000,
                  "annotations": [],
                  "expectedStatus": "passed",
                  "projectId": "mobile",
                  "projectName": "mobile",
                  "results": [],
                  "status": "skipped"
                }
              ],
              "id": "376f47eb49d56654c380-224a7a1ce1a31f51655e",
              "file": "derived-action-recovery.spec.mjs",
              "line": 147,
              "column": 5
            },
            {
              "title": "a keyboard match retains focus recovery through a failed GET and manual retry",
              "ok": true,
              "tags": [],
              "tests": [
                {
                  "timeout": 45000,
                  "annotations": [],
                  "expectedStatus": "passed",
                  "projectId": "mobile",
                  "projectName": "mobile",
                  "results": [],
                  "status": "skipped"
                }
              ],
              "id": "376f47eb49d56654c380-75e39a45314e908cc984",
              "file": "derived-action-recovery.spec.mjs",
              "line": 171,
              "column": 7
            },
            {
              "title": "a cleared saved pointer between verification attempts cannot revive an old win",
              "ok": true,
              "tags": [],
              "tests": [
                {
                  "timeout": 45000,
                  "annotations": [],
                  "expectedStatus": "passed",
                  "projectId": "mobile",
                  "projectName": "mobile",
                  "results": [],
                  "status": "skipped"
                }
              ],
              "id": "376f47eb49d56654c380-4cd5dd7e54b1fa77e012",
              "file": "derived-action-recovery.spec.mjs",
              "line": 188,
              "column": 5
            },
            {
              "title": "an uncommitted action reads unchanged state without inventing progress",
              "ok": true,
              "tags": [],
              "tests": [
                {
                  "timeout": 45000,
                  "annotations": [],
                  "expectedStatus": "passed",
                  "projectId": "mobile",
                  "projectName": "mobile",
                  "results": [],
                  "status": "skipped"
                }
              ],
              "id": "376f47eb49d56654c380-f7676c38acbec5eded0a",
              "file": "derived-action-recovery.spec.mjs",
              "line": 210,
              "column": 5
            },
            {
              "title": "a wrong game id in mutation cannot replace the displayed round",
              "ok": true,
              "tags": [],
              "tests": [
                {
                  "timeout": 45000,
                  "annotations": [],
                  "expectedStatus": "passed",
                  "projectId": "mobile",
                  "projectName": "mobile",
                  "results": [],
                  "status": "skipped"
                }
              ],
              "id": "376f47eb49d56654c380-3868765fc012e12d75bb",
              "file": "derived-action-recovery.spec.mjs",
              "line": 221,
              "column": 7
            },
            {
              "title": "a wrong game id in read cannot replace the displayed round",
              "ok": true,
              "tags": [],
              "tests": [
                {
                  "timeout": 45000,
                  "annotations": [],
                  "expectedStatus": "passed",
                  "projectId": "mobile",
                  "projectName": "mobile",
                  "results": [],
                  "status": "skipped"
                }
              ],
              "id": "376f47eb49d56654c380-11efb280a791c668021a",
              "file": "derived-action-recovery.spec.mjs",
              "line": 221,
              "column": 7
            },
            {
              "title": "owned confirmed 404 returns to intro and forgets only the missing round",
              "ok": true,
              "tags": [],
              "tests": [
                {
                  "timeout": 45000,
                  "annotations": [],
                  "expectedStatus": "passed",
                  "projectId": "mobile",
                  "projectName": "mobile",
                  "results": [],
                  "status": "skipped"
                }
              ],
              "id": "376f47eb49d56654c380-a2de46b1b6e48c9f6e1a",
              "file": "derived-action-recovery.spec.mjs",
              "line": 241,
              "column": 5
            },
            {
              "title": "an already changed saved pointer prevents a mutation and loads the current round",
              "ok": true,
              "tags": [],
              "tests": [
                {
                  "timeout": 45000,
                  "annotations": [],
                  "expectedStatus": "passed",
                  "projectId": "mobile",
                  "projectName": "mobile",
                  "results": [],
                  "status": "skipped"
                }
              ],
              "id": "376f47eb49d56654c380-aa156d9e81a598734e48",
              "file": "derived-action-recovery.spec.mjs",
              "line": 252,
              "column": 5
            },
            {
              "title": "a changed saved round rejects an old winning mutation completion without scoring",
              "ok": true,
              "tags": [],
              "tests": [
                {
                  "timeout": 45000,
                  "annotations": [],
                  "expectedStatus": "passed",
                  "projectId": "mobile",
                  "projectName": "mobile",
                  "results": [],
                  "status": "skipped"
                }
              ],
              "id": "376f47eb49d56654c380-b7d090fb8f265e5b0dcc",
              "file": "derived-action-recovery.spec.mjs",
              "line": 269,
              "column": 7
            },
            {
              "title": "a changed saved round rejects an old winning read completion without scoring",
              "ok": true,
              "tags": [],
              "tests": [
                {
                  "timeout": 45000,
                  "annotations": [],
                  "expectedStatus": "passed",
                  "projectId": "mobile",
                  "projectName": "mobile",
                  "results": [],
                  "status": "skipped"
                }
              ],
              "id": "376f47eb49d56654c380-fee792da787e34666cc4",
              "file": "derived-action-recovery.spec.mjs",
              "line": 269,
              "column": 7
            },
            {
              "title": "a changed saved round rejects an old winning missing-read completion without scoring",
              "ok": true,
              "tags": [],
              "tests": [
                {
                  "timeout": 45000,
                  "annotations": [],
                  "expectedStatus": "passed",
                  "projectId": "mobile",
                  "projectName": "mobile",
                  "results": [],
                  "status": "skipped"
                }
              ],
              "id": "376f47eb49d56654c380-be9ec5784f4f1fd890c7",
              "file": "derived-action-recovery.spec.mjs",
              "line": 269,
              "column": 7
            },
            {
              "title": "a changed saved round rejects an old winning removed-pointer completion without scoring",
              "ok": true,
              "tags": [],
              "tests": [
                {
                  "timeout": 45000,
                  "annotations": [],
                  "expectedStatus": "passed",
                  "projectId": "mobile",
                  "projectName": "mobile",
                  "results": [],
                  "status": "skipped"
                }
              ],
              "id": "376f47eb49d56654c380-e34f0d3899c07a334ab0",
              "file": "derived-action-recovery.spec.mjs",
              "line": 269,
              "column": 7
            },
            {
              "title": "browser Back preserves the saved round when a winning reply arrives during departure",
              "ok": true,
              "tags": [],
              "tests": [
                {
                  "timeout": 45000,
                  "annotations": [],
                  "expectedStatus": "passed",
                  "projectId": "mobile",
                  "projectName": "mobile",
                  "results": [],
                  "status": "skipped"
                }
              ],
              "id": "376f47eb49d56654c380-a2faf16050c098850ec1",
              "file": "derived-action-recovery.spec.mjs",
              "line": 295,
              "column": 5
            },
            {
              "title": "exit invalidates a held winning mutation reply and resume records once",
              "ok": true,
              "tags": [],
              "tests": [
                {
                  "timeout": 45000,
                  "annotations": [],
                  "expectedStatus": "passed",
                  "projectId": "mobile",
                  "projectName": "mobile",
                  "results": [],
                  "status": "skipped"
                }
              ],
              "id": "376f47eb49d56654c380-01a6026fa46368d08d90",
              "file": "derived-action-recovery.spec.mjs",
              "line": 321,
              "column": 7
            },
            {
              "title": "exit invalidates a held winning read reply and resume records once",
              "ok": true,
              "tags": [],
              "tests": [
                {
                  "timeout": 45000,
                  "annotations": [],
                  "expectedStatus": "passed",
                  "projectId": "mobile",
                  "projectName": "mobile",
                  "results": [],
                  "status": "skipped"
                }
              ],
              "id": "376f47eb49d56654c380-58604d1fcad553e5ebe5",
              "file": "derived-action-recovery.spec.mjs",
              "line": 321,
              "column": 7
            },
            {
              "title": "exit invalidates a held winning unmounted reply and resume records once",
              "ok": true,
              "tags": [],
              "tests": [
                {
                  "timeout": 45000,
                  "annotations": [],
                  "expectedStatus": "passed",
                  "projectId": "mobile",
                  "projectName": "mobile",
                  "results": [],
                  "status": "skipped"
                }
              ],
              "id": "376f47eb49d56654c380-ea3a1b51c1d040212e94",
              "file": "derived-action-recovery.spec.mjs",
              "line": 321,
              "column": 7
            }
          ]
        }
      ]
    },
    {
      "title": "game-touch-targets.spec.mjs",
      "file": "game-touch-targets.spec.mjs",
      "column": 0,
      "line": 0,
      "specs": [
        {
          "title": "all six games keep visible round controls at least 44px at 320px",
          "ok": true,
          "tags": [],
          "tests": [
            {
              "timeout": 45000,
              "annotations": [],
              "expectedStatus": "passed",
              "projectId": "desktop",
              "projectName": "desktop",
              "results": [],
              "status": "skipped"
            }
          ],
          "id": "67e0edf5e6fc0b457922-02cae3c8e116d9a8f229",
          "file": "game-touch-targets.spec.mjs",
          "line": 5,
          "column": 3
        },
        {
          "title": "all six games keep visible round controls at least 44px at 390px",
          "ok": true,
          "tags": [],
          "tests": [
            {
              "timeout": 45000,
              "annotations": [],
              "expectedStatus": "passed",
              "projectId": "desktop",
              "projectName": "desktop",
              "results": [],
              "status": "skipped"
            }
          ],
          "id": "67e0edf5e6fc0b457922-a3e07393363fdf1b8bfc",
          "file": "game-touch-targets.spec.mjs",
          "line": 5,
          "column": 3
        },
        {
          "title": "all six games keep visible round controls at least 44px at 320px",
          "ok": true,
          "tags": [],
          "tests": [
            {
              "timeout": 45000,
              "annotations": [],
              "expectedStatus": "passed",
              "projectId": "mobile",
              "projectName": "mobile",
              "results": [],
              "status": "skipped"
            }
          ],
          "id": "67e0edf5e6fc0b457922-da2cdadf88aacca9860f",
          "file": "game-touch-targets.spec.mjs",
          "line": 5,
          "column": 3
        },
        {
          "title": "all six games keep visible round controls at least 44px at 390px",
          "ok": true,
          "tags": [],
          "tests": [
            {
              "timeout": 45000,
              "annotations": [],
              "expectedStatus": "passed",
              "projectId": "mobile",
              "projectName": "mobile",
              "results": [],
              "status": "skipped"
            }
          ],
          "id": "67e0edf5e6fc0b457922-de909efe6895371e4686",
          "file": "game-touch-targets.spec.mjs",
          "line": 5,
          "column": 3
        }
      ]
    },
    {
      "title": "gui-m0-account-copy-parity.spec.mjs",
      "file": "gui-m0-account-copy-parity.spec.mjs",
      "column": 0,
      "line": 0,
      "specs": [
        {
          "title": "fictional adult consent copy promises a private copy while declining keeps local play and receipts",
          "ok": true,
          "tags": [],
          "tests": [
            {
              "timeout": 45000,
              "annotations": [],
              "expectedStatus": "passed",
              "projectId": "desktop",
              "projectName": "desktop",
              "results": [],
              "status": "skipped"
            }
          ],
          "id": "f858a80338d551ae5c14-d6601d0ec82a6ff0bb48",
          "file": "gui-m0-account-copy-parity.spec.mjs",
          "line": 51,
          "column": 1
        },
        {
          "title": "fictional adult delete confirmation distinguishes its private account copy from retained local history",
          "ok": true,
          "tags": [],
          "tests": [
            {
              "timeout": 45000,
              "annotations": [],
              "expectedStatus": "passed",
              "projectId": "desktop",
              "projectName": "desktop",
              "results": [],
              "status": "skipped"
            }
          ],
          "id": "f858a80338d551ae5c14-6656b444a45fecaec1e1",
          "file": "gui-m0-account-copy-parity.spec.mjs",
          "line": 83,
          "column": 1
        },
        {
          "title": "an explicit fictional-adult restriction-flag projection preserves anonymous continuation copy and local history",
          "ok": true,
          "tags": [],
          "tests": [
            {
              "timeout": 45000,
              "annotations": [],
              "expectedStatus": "passed",
              "projectId": "desktop",
              "projectName": "desktop",
              "results": [],
              "status": "skipped"
            }
          ],
          "id": "f858a80338d551ae5c14-1e7df7f0d8a9e70d0387",
          "file": "gui-m0-account-copy-parity.spec.mjs",
          "line": 101,
          "column": 1
        },
        {
          "title": "fictional adult consent copy promises a private copy while declining keeps local play and receipts",
          "ok": true,
          "tags": [],
          "tests": [
            {
              "timeout": 45000,
              "annotations": [],
              "expectedStatus": "passed",
              "projectId": "mobile",
              "projectName": "mobile",
              "results": [],
              "status": "skipped"
            }
          ],
          "id": "f858a80338d551ae5c14-7585ba18ff191922fc2e",
          "file": "gui-m0-account-copy-parity.spec.mjs",
          "line": 51,
          "column": 1
        },
        {
          "title": "fictional adult delete confirmation distinguishes its private account copy from retained local history",
          "ok": true,
          "tags": [],
          "tests": [
            {
              "timeout": 45000,
              "annotations": [],
              "expectedStatus": "passed",
              "projectId": "mobile",
              "projectName": "mobile",
              "results": [],
              "status": "skipped"
            }
          ],
          "id": "f858a80338d551ae5c14-efd7fe3bdb76653a5553",
          "file": "gui-m0-account-copy-parity.spec.mjs",
          "line": 83,
          "column": 1
        },
        {
          "title": "an explicit fictional-adult restriction-flag projection preserves anonymous continuation copy and local history",
          "ok": true,
          "tags": [],
          "tests": [
            {
              "timeout": 45000,
              "annotations": [],
              "expectedStatus": "passed",
              "projectId": "mobile",
              "projectName": "mobile",
              "results": [],
              "status": "skipped"
            }
          ],
          "id": "f858a80338d551ae5c14-9261da9fbbff733ef253",
          "file": "gui-m0-account-copy-parity.spec.mjs",
          "line": 101,
          "column": 1
        }
      ]
    },
    {
      "title": "gui-m0-alchimie-parity.spec.mjs",
      "file": "gui-m0-alchimie-parity.spec.mjs",
      "column": 0,
      "line": 0,
      "specs": [
        {
          "title": "challenge lineage DOM presentation caps at12, orders newest first and groups only consecutive parent sets",
          "ok": true,
          "tags": [],
          "tests": [
            {
              "timeout": 45000,
              "annotations": [],
              "expectedStatus": "passed",
              "projectId": "desktop",
              "projectName": "desktop",
              "results": [],
              "status": "skipped"
            }
          ],
          "id": "3192b844b0563d6cc56d-81fac50983c6621dbb97",
          "file": "gui-m0-alchimie-parity.spec.mjs",
          "line": 59,
          "column": 1
        },
        {
          "title": "successful Alt joc keeps the nondefault challenge category and difficulty in the real create request",
          "ok": true,
          "tags": [],
          "tests": [
            {
              "timeout": 45000,
              "annotations": [],
              "expectedStatus": "passed",
              "projectId": "desktop",
              "projectName": "desktop",
              "results": [],
              "status": "skipped"
            }
          ],
          "id": "3192b844b0563d6cc56d-637592e97c9fd379ee45",
          "file": "gui-m0-alchimie-parity.spec.mjs",
          "line": 138,
          "column": 1
        },
        {
          "title": "successful solved-challenge replay keeps the nondefault category and difficulty",
          "ok": true,
          "tags": [],
          "tests": [
            {
              "timeout": 45000,
              "annotations": [],
              "expectedStatus": "passed",
              "projectId": "desktop",
              "projectName": "desktop",
              "results": [],
              "status": "skipped"
            }
          ],
          "id": "3192b844b0563d6cc56d-7de48a7b545ab46ef1bf",
          "file": "gui-m0-alchimie-parity.spec.mjs",
          "line": 157,
          "column": 1
        },
        {
          "title": "the real daily challenge create request uses the selected nondefault difficulty",
          "ok": true,
          "tags": [],
          "tests": [
            {
              "timeout": 45000,
              "annotations": [],
              "expectedStatus": "passed",
              "projectId": "desktop",
              "projectName": "desktop",
              "results": [],
              "status": "skipped"
            }
          ],
          "id": "3192b844b0563d6cc56d-ddd0aa27afb17c6957ed",
          "file": "gui-m0-alchimie-parity.spec.mjs",
          "line": 179,
          "column": 1
        },
        {
          "title": "challenge lineage DOM presentation caps at12, orders newest first and groups only consecutive parent sets",
          "ok": true,
          "tags": [],
          "tests": [
            {
              "timeout": 45000,
              "annotations": [],
              "expectedStatus": "passed",
              "projectId": "mobile",
              "projectName": "mobile",
              "results": [],
              "status": "skipped"
            }
          ],
          "id": "3192b844b0563d6cc56d-a50c4dd2679d5fe9e4b8",
          "file": "gui-m0-alchimie-parity.spec.mjs",
          "line": 59,
          "column": 1
        },
        {
          "title": "successful Alt joc keeps the nondefault challenge category and difficulty in the real create request",
          "ok": true,
          "tags": [],
          "tests": [
            {
              "timeout": 45000,
              "annotations": [],
              "expectedStatus": "passed",
              "projectId": "mobile",
              "projectName": "mobile",
              "results": [],
              "status": "skipped"
            }
          ],
          "id": "3192b844b0563d6cc56d-856a821cf3ace2728413",
          "file": "gui-m0-alchimie-parity.spec.mjs",
          "line": 138,
          "column": 1
        },
        {
          "title": "successful solved-challenge replay keeps the nondefault category and difficulty",
          "ok": true,
          "tags": [],
          "tests": [
            {
              "timeout": 45000,
              "annotations": [],
              "expectedStatus": "passed",
              "projectId": "mobile",
              "projectName": "mobile",
              "results": [],
              "status": "skipped"
            }
          ],
          "id": "3192b844b0563d6cc56d-8b8d80cd355d88c0ef3e",
          "file": "gui-m0-alchimie-parity.spec.mjs",
          "line": 157,
          "column": 1
        },
        {
          "title": "the real daily challenge create request uses the selected nondefault difficulty",
          "ok": true,
          "tags": [],
          "tests": [
            {
              "timeout": 45000,
              "annotations": [],
              "expectedStatus": "passed",
              "projectId": "mobile",
              "projectName": "mobile",
              "results": [],
              "status": "skipped"
            }
          ],
          "id": "3192b844b0563d6cc56d-42c8cd53da14da265b31",
          "file": "gui-m0-alchimie-parity.spec.mjs",
          "line": 179,
          "column": 1
        }
      ]
    },
    {
      "title": "gui-m0-category-parity.spec.mjs",
      "file": "gui-m0-category-parity.spec.mjs",
      "column": 0,
      "line": 0,
      "specs": [
        {
          "title": "alchimie renders exactly the real native playable category shelf for each difficulty",
          "ok": true,
          "tags": [],
          "tests": [
            {
              "timeout": 45000,
              "annotations": [],
              "expectedStatus": "passed",
              "projectId": "desktop",
              "projectName": "desktop",
              "results": [],
              "status": "skipped"
            }
          ],
          "id": "484853df04ca3339523b-e7af9f2fd80e46d5e8ca",
          "file": "gui-m0-category-parity.spec.mjs",
          "line": 75,
          "column": 3
        },
        {
          "title": "alchimie clears a category invalidated by difficulty and creates a real unfiltered round",
          "ok": true,
          "tags": [],
          "tests": [
            {
              "timeout": 45000,
              "annotations": [],
              "expectedStatus": "passed",
              "projectId": "desktop",
              "projectName": "desktop",
              "results": [],
              "status": "skipped"
            }
          ],
          "id": "484853df04ca3339523b-5f10ded0198cd5e9ec47",
          "file": "gui-m0-category-parity.spec.mjs",
          "line": 90,
          "column": 3
        },
        {
          "title": "conexiuni renders exactly the real native playable category shelf for each difficulty",
          "ok": true,
          "tags": [],
          "tests": [
            {
              "timeout": 45000,
              "annotations": [],
              "expectedStatus": "passed",
              "projectId": "desktop",
              "projectName": "desktop",
              "results": [],
              "status": "skipped"
            }
          ],
          "id": "484853df04ca3339523b-f7dec68eb72ebb139cca",
          "file": "gui-m0-category-parity.spec.mjs",
          "line": 75,
          "column": 3
        },
        {
          "title": "conexiuni clears a category invalidated by difficulty and creates a real unfiltered round",
          "ok": true,
          "tags": [],
          "tests": [
            {
              "timeout": 45000,
              "annotations": [],
              "expectedStatus": "passed",
              "projectId": "desktop",
              "projectName": "desktop",
              "results": [],
              "status": "skipped"
            }
          ],
          "id": "484853df04ca3339523b-abaf72e2330ab44fdf5f",
          "file": "gui-m0-category-parity.spec.mjs",
          "line": 90,
          "column": 3
        },
        {
          "title": "contexto renders exactly the real native playable category shelf for each difficulty",
          "ok": true,
          "tags": [],
          "tests": [
            {
              "timeout": 45000,
              "annotations": [],
              "expectedStatus": "passed",
              "projectId": "desktop",
              "projectName": "desktop",
              "results": [],
              "status": "skipped"
            }
          ],
          "id": "484853df04ca3339523b-c880f711890ad0110655",
          "file": "gui-m0-category-parity.spec.mjs",
          "line": 75,
          "column": 3
        },
        {
          "title": "contexto clears a category invalidated by difficulty and creates a real unfiltered round",
          "ok": true,
          "tags": [],
          "tests": [
            {
              "timeout": 45000,
              "annotations": [],
              "expectedStatus": "passed",
              "projectId": "desktop",
              "projectName": "desktop",
              "results": [],
              "status": "skipped"
            }
          ],
          "id": "484853df04ca3339523b-6173cc179a043d9d16b1",
          "file": "gui-m0-category-parity.spec.mjs",
          "line": 90,
          "column": 3
        },
        {
          "title": "lant renders exactly the real native playable category shelf for each difficulty",
          "ok": true,
          "tags": [],
          "tests": [
            {
              "timeout": 45000,
              "annotations": [],
              "expectedStatus": "passed",
              "projectId": "desktop",
              "projectName": "desktop",
              "results": [],
              "status": "skipped"
            }
          ],
          "id": "484853df04ca3339523b-08dbbea8625d402e98dc",
          "file": "gui-m0-category-parity.spec.mjs",
          "line": 75,
          "column": 3
        },
        {
          "title": "lant clears a category invalidated by difficulty and creates a real unfiltered round",
          "ok": true,
          "tags": [],
          "tests": [
            {
              "timeout": 45000,
              "annotations": [],
              "expectedStatus": "passed",
              "projectId": "desktop",
              "projectName": "desktop",
              "results": [],
              "status": "skipped"
            }
          ],
          "id": "484853df04ca3339523b-d0fc2f3cde97eb52c68c",
          "file": "gui-m0-category-parity.spec.mjs",
          "line": 90,
          "column": 3
        },
        {
          "title": "alchimie renders exactly the real native playable category shelf for each difficulty",
          "ok": true,
          "tags": [],
          "tests": [
            {
              "timeout": 45000,
              "annotations": [],
              "expectedStatus": "passed",
              "projectId": "mobile",
              "projectName": "mobile",
              "results": [],
              "status": "skipped"
            }
          ],
          "id": "484853df04ca3339523b-997efe19a063275b446c",
          "file": "gui-m0-category-parity.spec.mjs",
          "line": 75,
          "column": 3
        },
        {
          "title": "alchimie clears a category invalidated by difficulty and creates a real unfiltered round",
          "ok": true,
          "tags": [],
          "tests": [
            {
              "timeout": 45000,
              "annotations": [],
              "expectedStatus": "passed",
              "projectId": "mobile",
              "projectName": "mobile",
              "results": [],
              "status": "skipped"
            }
          ],
          "id": "484853df04ca3339523b-2ddcc289f81886b56bfb",
          "file": "gui-m0-category-parity.spec.mjs",
          "line": 90,
          "column": 3
        },
        {
          "title": "conexiuni renders exactly the real native playable category shelf for each difficulty",
          "ok": true,
          "tags": [],
          "tests": [
            {
              "timeout": 45000,
              "annotations": [],
              "expectedStatus": "passed",
              "projectId": "mobile",
              "projectName": "mobile",
              "results": [],
              "status": "skipped"
            }
          ],
          "id": "484853df04ca3339523b-84cb91fac7c91f20f412",
          "file": "gui-m0-category-parity.spec.mjs",
          "line": 75,
          "column": 3
        },
        {
          "title": "conexiuni clears a category invalidated by difficulty and creates a real unfiltered round",
          "ok": true,
          "tags": [],
          "tests": [
            {
              "timeout": 45000,
              "annotations": [],
              "expectedStatus": "passed",
              "projectId": "mobile",
              "projectName": "mobile",
              "results": [],
              "status": "skipped"
            }
          ],
          "id": "484853df04ca3339523b-73da5f05db787a7b9680",
          "file": "gui-m0-category-parity.spec.mjs",
          "line": 90,
          "column": 3
        },
        {
          "title": "contexto renders exactly the real native playable category shelf for each difficulty",
          "ok": true,
          "tags": [],
          "tests": [
            {
              "timeout": 45000,
              "annotations": [],
              "expectedStatus": "passed",
              "projectId": "mobile",
              "projectName": "mobile",
              "results": [],
              "status": "skipped"
            }
          ],
          "id": "484853df04ca3339523b-586aeadec324293908ec",
          "file": "gui-m0-category-parity.spec.mjs",
          "line": 75,
          "column": 3
        },
        {
          "title": "contexto clears a category invalidated by difficulty and creates a real unfiltered round",
          "ok": true,
          "tags": [],
          "tests": [
            {
              "timeout": 45000,
              "annotations": [],
              "expectedStatus": "passed",
              "projectId": "mobile",
              "projectName": "mobile",
              "results": [],
              "status": "skipped"
            }
          ],
          "id": "484853df04ca3339523b-50889ca82c84b8efafa7",
          "file": "gui-m0-category-parity.spec.mjs",
          "line": 90,
          "column": 3
        },
        {
          "title": "lant renders exactly the real native playable category shelf for each difficulty",
          "ok": true,
          "tags": [],
          "tests": [
            {
              "timeout": 45000,
              "annotations": [],
              "expectedStatus": "passed",
              "projectId": "mobile",
              "projectName": "mobile",
              "results": [],
              "status": "skipped"
            }
          ],
          "id": "484853df04ca3339523b-20462dc949098fe97f93",
          "file": "gui-m0-category-parity.spec.mjs",
          "line": 75,
          "column": 3
        },
        {
          "title": "lant clears a category invalidated by difficulty and creates a real unfiltered round",
          "ok": true,
          "tags": [],
          "tests": [
            {
              "timeout": 45000,
              "annotations": [],
              "expectedStatus": "passed",
              "projectId": "mobile",
              "projectName": "mobile",
              "results": [],
              "status": "skipped"
            }
          ],
          "id": "484853df04ca3339523b-11fbc844a96da6af25aa",
          "file": "gui-m0-category-parity.spec.mjs",
          "line": 90,
          "column": 3
        }
      ]
    },
    {
      "title": "gui-m0-conexiuni-parity.spec.mjs",
      "file": "gui-m0-conexiuni-parity.spec.mjs",
      "column": 0,
      "line": 0,
      "specs": [
        {
          "title": "retained one-away set survives board reorder and blocks button/Enter retries (forward selection order)",
          "ok": true,
          "tags": [],
          "tests": [
            {
              "timeout": 45000,
              "annotations": [],
              "expectedStatus": "passed",
              "projectId": "desktop",
              "projectName": "desktop",
              "results": [],
              "status": "skipped"
            }
          ],
          "id": "2be9ddacf0d96460d99a-f41798a6be3658f8e0c0",
          "file": "gui-m0-conexiuni-parity.spec.mjs",
          "line": 80,
          "column": 3
        },
        {
          "title": "retained one-away set survives board reorder and blocks button/Enter retries (reverse selection order)",
          "ok": true,
          "tags": [],
          "tests": [
            {
              "timeout": 45000,
              "annotations": [],
              "expectedStatus": "passed",
              "projectId": "desktop",
              "projectName": "desktop",
              "results": [],
              "status": "skipped"
            }
          ],
          "id": "2be9ddacf0d96460d99a-f8a24269f78d4d2d586a",
          "file": "gui-m0-conexiuni-parity.spec.mjs",
          "line": 80,
          "column": 3
        },
        {
          "title": "real mistakes gate both clues, count down the second and remove the exhausted action",
          "ok": true,
          "tags": [],
          "tests": [
            {
              "timeout": 45000,
              "annotations": [],
              "expectedStatus": "passed",
              "projectId": "desktop",
              "projectName": "desktop",
              "results": [],
              "status": "skipped"
            }
          ],
          "id": "2be9ddacf0d96460d99a-1e81ca58eeb4c07e66ea",
          "file": "gui-m0-conexiuni-parity.spec.mjs",
          "line": 146,
          "column": 1
        },
        {
          "title": "retained one-away set survives board reorder and blocks button/Enter retries (forward selection order)",
          "ok": true,
          "tags": [],
          "tests": [
            {
              "timeout": 45000,
              "annotations": [],
              "expectedStatus": "passed",
              "projectId": "mobile",
              "projectName": "mobile",
              "results": [],
              "status": "skipped"
            }
          ],
          "id": "2be9ddacf0d96460d99a-be762618331be5757ee9",
          "file": "gui-m0-conexiuni-parity.spec.mjs",
          "line": 80,
          "column": 3
        },
        {
          "title": "retained one-away set survives board reorder and blocks button/Enter retries (reverse selection order)",
          "ok": true,
          "tags": [],
          "tests": [
            {
              "timeout": 45000,
              "annotations": [],
              "expectedStatus": "passed",
              "projectId": "mobile",
              "projectName": "mobile",
              "results": [],
              "status": "skipped"
            }
          ],
          "id": "2be9ddacf0d96460d99a-db5e37eace9e3500302b",
          "file": "gui-m0-conexiuni-parity.spec.mjs",
          "line": 80,
          "column": 3
        },
        {
          "title": "real mistakes gate both clues, count down the second and remove the exhausted action",
          "ok": true,
          "tags": [],
          "tests": [
            {
              "timeout": 45000,
              "annotations": [],
              "expectedStatus": "passed",
              "projectId": "mobile",
              "projectName": "mobile",
              "results": [],
              "status": "skipped"
            }
          ],
          "id": "2be9ddacf0d96460d99a-e76ce159660ed98b0a0b",
          "file": "gui-m0-conexiuni-parity.spec.mjs",
          "line": 146,
          "column": 1
        }
      ]
    },
    {
      "title": "gui-m0-contexto-lifecycle-parity.spec.mjs",
      "file": "gui-m0-contexto-lifecycle-parity.spec.mjs",
      "column": 0,
      "line": 0,
      "specs": [
        {
          "title": "a real corrected target win retains the actual server correction message in the result owner",
          "ok": true,
          "tags": [],
          "tests": [
            {
              "timeout": 45000,
              "annotations": [],
              "expectedStatus": "passed",
              "projectId": "desktop",
              "projectName": "desktop",
              "results": [],
              "status": "skipped"
            }
          ],
          "id": "3c9da0ce59162385b7b0-02b6d0b23f1280c2a7f2",
          "file": "gui-m0-contexto-lifecycle-parity.spec.mjs",
          "line": 43,
          "column": 1
        },
        {
          "title": "Escape clears actual unknown recovery and text without posting another guess",
          "ok": true,
          "tags": [],
          "tests": [
            {
              "timeout": 45000,
              "annotations": [],
              "expectedStatus": "passed",
              "projectId": "desktop",
              "projectName": "desktop",
              "results": [],
              "status": "skipped"
            }
          ],
          "id": "3c9da0ce59162385b7b0-edc61267c73532816bb0",
          "file": "gui-m0-contexto-lifecycle-parity.spec.mjs",
          "line": 69,
          "column": 1
        },
        {
          "title": "owned resume clears obsolete recovery and text while retaining the exact native round",
          "ok": true,
          "tags": [],
          "tests": [
            {
              "timeout": 45000,
              "annotations": [],
              "expectedStatus": "passed",
              "projectId": "desktop",
              "projectName": "desktop",
              "results": [],
              "status": "skipped"
            }
          ],
          "id": "3c9da0ce59162385b7b0-69ee5ceffb987fcfd8c4",
          "file": "gui-m0-contexto-lifecycle-parity.spec.mjs",
          "line": 79,
          "column": 1
        },
        {
          "title": "a real paid clue clears obsolete unknown recovery without converting it to another toast",
          "ok": true,
          "tags": [],
          "tests": [
            {
              "timeout": 45000,
              "annotations": [],
              "expectedStatus": "passed",
              "projectId": "desktop",
              "projectName": "desktop",
              "results": [],
              "status": "skipped"
            }
          ],
          "id": "3c9da0ce59162385b7b0-65f8387675ee57a9013a",
          "file": "gui-m0-contexto-lifecycle-parity.spec.mjs",
          "line": 88,
          "column": 1
        },
        {
          "title": "real giveup clears obsolete unknown recovery from the terminal result without posting another guess",
          "ok": true,
          "tags": [],
          "tests": [
            {
              "timeout": 45000,
              "annotations": [],
              "expectedStatus": "passed",
              "projectId": "desktop",
              "projectName": "desktop",
              "results": [],
              "status": "skipped"
            }
          ],
          "id": "3c9da0ce59162385b7b0-5d8e49d6e90aa331846e",
          "file": "gui-m0-contexto-lifecycle-parity.spec.mjs",
          "line": 106,
          "column": 1
        },
        {
          "title": "a real corrected target win retains the actual server correction message in the result owner",
          "ok": true,
          "tags": [],
          "tests": [
            {
              "timeout": 45000,
              "annotations": [],
              "expectedStatus": "passed",
              "projectId": "mobile",
              "projectName": "mobile",
              "results": [],
              "status": "skipped"
            }
          ],
          "id": "3c9da0ce59162385b7b0-3713faeb708f5d88a9fc",
          "file": "gui-m0-contexto-lifecycle-parity.spec.mjs",
          "line": 43,
          "column": 1
        },
        {
          "title": "Escape clears actual unknown recovery and text without posting another guess",
          "ok": true,
          "tags": [],
          "tests": [
            {
              "timeout": 45000,
              "annotations": [],
              "expectedStatus": "passed",
              "projectId": "mobile",
              "projectName": "mobile",
              "results": [],
              "status": "skipped"
            }
          ],
          "id": "3c9da0ce59162385b7b0-9cf7f5627bf358b3acc7",
          "file": "gui-m0-contexto-lifecycle-parity.spec.mjs",
          "line": 69,
          "column": 1
        },
        {
          "title": "owned resume clears obsolete recovery and text while retaining the exact native round",
          "ok": true,
          "tags": [],
          "tests": [
            {
              "timeout": 45000,
              "annotations": [],
              "expectedStatus": "passed",
              "projectId": "mobile",
              "projectName": "mobile",
              "results": [],
              "status": "skipped"
            }
          ],
          "id": "3c9da0ce59162385b7b0-93e3310522f2db3bedf5",
          "file": "gui-m0-contexto-lifecycle-parity.spec.mjs",
          "line": 79,
          "column": 1
        },
        {
          "title": "a real paid clue clears obsolete unknown recovery without converting it to another toast",
          "ok": true,
          "tags": [],
          "tests": [
            {
              "timeout": 45000,
              "annotations": [],
              "expectedStatus": "passed",
              "projectId": "mobile",
              "projectName": "mobile",
              "results": [],
              "status": "skipped"
            }
          ],
          "id": "3c9da0ce59162385b7b0-f008370d70d825236e46",
          "file": "gui-m0-contexto-lifecycle-parity.spec.mjs",
          "line": 88,
          "column": 1
        },
        {
          "title": "real giveup clears obsolete unknown recovery from the terminal result without posting another guess",
          "ok": true,
          "tags": [],
          "tests": [
            {
              "timeout": 45000,
              "annotations": [],
              "expectedStatus": "passed",
              "projectId": "mobile",
              "projectName": "mobile",
              "results": [],
              "status": "skipped"
            }
          ],
          "id": "3c9da0ce59162385b7b0-49b82085a184b4fdff3c",
          "file": "gui-m0-contexto-lifecycle-parity.spec.mjs",
          "line": 106,
          "column": 1
        }
      ]
    },
    {
      "title": "gui-m0-contexto-parity.spec.mjs",
      "file": "gui-m0-contexto-parity.spec.mjs",
      "column": 0,
      "line": 0,
      "specs": [
        {
          "title": "real warmer clue clears armed reveal, fills safely on coarse pointer and survives accepted/rejected guesses",
          "ok": true,
          "tags": [],
          "tests": [
            {
              "timeout": 45000,
              "annotations": [],
              "expectedStatus": "passed",
              "projectId": "desktop",
              "projectName": "desktop",
              "results": [],
              "status": "skipped"
            }
          ],
          "id": "a45d503e2f9debfb255e-b743ad2ca3970597755f",
          "file": "gui-m0-contexto-parity.spec.mjs",
          "line": 66,
          "column": 1
        },
        {
          "title": "each real latest accepted guess has one exact server-authored comparison announcement",
          "ok": true,
          "tags": [],
          "tests": [
            {
              "timeout": 45000,
              "annotations": [],
              "expectedStatus": "passed",
              "projectId": "desktop",
              "projectName": "desktop",
              "results": [],
              "status": "skipped"
            }
          ],
          "id": "a45d503e2f9debfb255e-df3e888534444fc23d9f",
          "file": "gui-m0-contexto-parity.spec.mjs",
          "line": 123,
          "column": 1
        },
        {
          "title": "public temperature presentation maps Fierbinte to the exact localized label/icon/color",
          "ok": true,
          "tags": [],
          "tests": [
            {
              "timeout": 45000,
              "annotations": [],
              "expectedStatus": "passed",
              "projectId": "desktop",
              "projectName": "desktop",
              "results": [],
              "status": "skipped"
            }
          ],
          "id": "a45d503e2f9debfb255e-787b96bee37111ccaac2",
          "file": "gui-m0-contexto-parity.spec.mjs",
          "line": 149,
          "column": 3
        },
        {
          "title": "public temperature presentation maps Cald to the exact localized label/icon/color",
          "ok": true,
          "tags": [],
          "tests": [
            {
              "timeout": 45000,
              "annotations": [],
              "expectedStatus": "passed",
              "projectId": "desktop",
              "projectName": "desktop",
              "results": [],
              "status": "skipped"
            }
          ],
          "id": "a45d503e2f9debfb255e-b4e0083093d3d677ad1c",
          "file": "gui-m0-contexto-parity.spec.mjs",
          "line": 149,
          "column": 3
        },
        {
          "title": "public temperature presentation maps Caldut to the exact localized label/icon/color",
          "ok": true,
          "tags": [],
          "tests": [
            {
              "timeout": 45000,
              "annotations": [],
              "expectedStatus": "passed",
              "projectId": "desktop",
              "projectName": "desktop",
              "results": [],
              "status": "skipped"
            }
          ],
          "id": "a45d503e2f9debfb255e-fcd3dbd00ded41385370",
          "file": "gui-m0-contexto-parity.spec.mjs",
          "line": 149,
          "column": 3
        },
        {
          "title": "public temperature presentation maps Rece to the exact localized label/icon/color",
          "ok": true,
          "tags": [],
          "tests": [
            {
              "timeout": 45000,
              "annotations": [],
              "expectedStatus": "passed",
              "projectId": "desktop",
              "projectName": "desktop",
              "results": [],
              "status": "skipped"
            }
          ],
          "id": "a45d503e2f9debfb255e-309288fb14b37c41870d",
          "file": "gui-m0-contexto-parity.spec.mjs",
          "line": 149,
          "column": 3
        },
        {
          "title": "public temperature presentation maps Foarte rece to the exact localized label/icon/color",
          "ok": true,
          "tags": [],
          "tests": [
            {
              "timeout": 45000,
              "annotations": [],
              "expectedStatus": "passed",
              "projectId": "desktop",
              "projectName": "desktop",
              "results": [],
              "status": "skipped"
            }
          ],
          "id": "a45d503e2f9debfb255e-0d037f0a9632afc8860c",
          "file": "gui-m0-contexto-parity.spec.mjs",
          "line": 149,
          "column": 3
        },
        {
          "title": "public temperature presentation maps Inghetat to the exact localized label/icon/color",
          "ok": true,
          "tags": [],
          "tests": [
            {
              "timeout": 45000,
              "annotations": [],
              "expectedStatus": "passed",
              "projectId": "desktop",
              "projectName": "desktop",
              "results": [],
              "status": "skipped"
            }
          ],
          "id": "a45d503e2f9debfb255e-bf8df139a78b0d77c251",
          "file": "gui-m0-contexto-parity.spec.mjs",
          "line": 149,
          "column": 3
        },
        {
          "title": "the real winning guess renders Gasit as Găsit with its exact icon/color and retires comparison",
          "ok": true,
          "tags": [],
          "tests": [
            {
              "timeout": 45000,
              "annotations": [],
              "expectedStatus": "passed",
              "projectId": "desktop",
              "projectName": "desktop",
              "results": [],
              "status": "skipped"
            }
          ],
          "id": "a45d503e2f9debfb255e-51a5f648163b3110c1ea",
          "file": "gui-m0-contexto-parity.spec.mjs",
          "line": 169,
          "column": 1
        },
        {
          "title": "real fuzzy correction preserves typed text, clears on editing and echoes the exact token only on confirmation",
          "ok": true,
          "tags": [],
          "tests": [
            {
              "timeout": 45000,
              "annotations": [],
              "expectedStatus": "passed",
              "projectId": "desktop",
              "projectName": "desktop",
              "results": [],
              "status": "skipped"
            }
          ],
          "id": "a45d503e2f9debfb255e-4255169a11ca6d73ed44",
          "file": "gui-m0-contexto-parity.spec.mjs",
          "line": 183,
          "column": 1
        },
        {
          "title": "a public safe-suggestion presentation fills/focuses without POST and dismisses an armed reveal",
          "ok": true,
          "tags": [],
          "tests": [
            {
              "timeout": 45000,
              "annotations": [],
              "expectedStatus": "passed",
              "projectId": "desktop",
              "projectName": "desktop",
              "results": [],
              "status": "skipped"
            }
          ],
          "id": "a45d503e2f9debfb255e-7d3328c09d25ab37434f",
          "file": "gui-m0-contexto-parity.spec.mjs",
          "line": 216,
          "column": 1
        },
        {
          "title": "typing and actual new-game/exit lifecycles dismiss reveal without giving up either round",
          "ok": true,
          "tags": [],
          "tests": [
            {
              "timeout": 45000,
              "annotations": [],
              "expectedStatus": "passed",
              "projectId": "desktop",
              "projectName": "desktop",
              "results": [],
              "status": "skipped"
            }
          ],
          "id": "a45d503e2f9debfb255e-6a7f80e2ed02688017c8",
          "file": "gui-m0-contexto-parity.spec.mjs",
          "line": 239,
          "column": 1
        },
        {
          "title": "real warmer clue clears armed reveal, fills safely on coarse pointer and survives accepted/rejected guesses",
          "ok": true,
          "tags": [],
          "tests": [
            {
              "timeout": 45000,
              "annotations": [],
              "expectedStatus": "passed",
              "projectId": "mobile",
              "projectName": "mobile",
              "results": [],
              "status": "skipped"
            }
          ],
          "id": "a45d503e2f9debfb255e-849338e070b27bad8b9c",
          "file": "gui-m0-contexto-parity.spec.mjs",
          "line": 66,
          "column": 1
        },
        {
          "title": "each real latest accepted guess has one exact server-authored comparison announcement",
          "ok": true,
          "tags": [],
          "tests": [
            {
              "timeout": 45000,
              "annotations": [],
              "expectedStatus": "passed",
              "projectId": "mobile",
              "projectName": "mobile",
              "results": [],
              "status": "skipped"
            }
          ],
          "id": "a45d503e2f9debfb255e-01ec3afae706f02b790c",
          "file": "gui-m0-contexto-parity.spec.mjs",
          "line": 123,
          "column": 1
        },
        {
          "title": "public temperature presentation maps Fierbinte to the exact localized label/icon/color",
          "ok": true,
          "tags": [],
          "tests": [
            {
              "timeout": 45000,
              "annotations": [],
              "expectedStatus": "passed",
              "projectId": "mobile",
              "projectName": "mobile",
              "results": [],
              "status": "skipped"
            }
          ],
          "id": "a45d503e2f9debfb255e-217aab543b456bd7ba20",
          "file": "gui-m0-contexto-parity.spec.mjs",
          "line": 149,
          "column": 3
        },
        {
          "title": "public temperature presentation maps Cald to the exact localized label/icon/color",
          "ok": true,
          "tags": [],
          "tests": [
            {
              "timeout": 45000,
              "annotations": [],
              "expectedStatus": "passed",
              "projectId": "mobile",
              "projectName": "mobile",
              "results": [],
              "status": "skipped"
            }
          ],
          "id": "a45d503e2f9debfb255e-eb65a37a09cd191ab36e",
          "file": "gui-m0-contexto-parity.spec.mjs",
          "line": 149,
          "column": 3
        },
        {
          "title": "public temperature presentation maps Caldut to the exact localized label/icon/color",
          "ok": true,
          "tags": [],
          "tests": [
            {
              "timeout": 45000,
              "annotations": [],
              "expectedStatus": "passed",
              "projectId": "mobile",
              "projectName": "mobile",
              "results": [],
              "status": "skipped"
            }
          ],
          "id": "a45d503e2f9debfb255e-cf1e995fb3b806c9368a",
          "file": "gui-m0-contexto-parity.spec.mjs",
          "line": 149,
          "column": 3
        },
        {
          "title": "public temperature presentation maps Rece to the exact localized label/icon/color",
          "ok": true,
          "tags": [],
          "tests": [
            {
              "timeout": 45000,
              "annotations": [],
              "expectedStatus": "passed",
              "projectId": "mobile",
              "projectName": "mobile",
              "results": [],
              "status": "skipped"
            }
          ],
          "id": "a45d503e2f9debfb255e-b0ad338f4fec6f52941a",
          "file": "gui-m0-contexto-parity.spec.mjs",
          "line": 149,
          "column": 3
        },
        {
          "title": "public temperature presentation maps Foarte rece to the exact localized label/icon/color",
          "ok": true,
          "tags": [],
          "tests": [
            {
              "timeout": 45000,
              "annotations": [],
              "expectedStatus": "passed",
              "projectId": "mobile",
              "projectName": "mobile",
              "results": [],
              "status": "skipped"
            }
          ],
          "id": "a45d503e2f9debfb255e-ab4cf99e7df886dae6ca",
          "file": "gui-m0-contexto-parity.spec.mjs",
          "line": 149,
          "column": 3
        },
        {
          "title": "public temperature presentation maps Inghetat to the exact localized label/icon/color",
          "ok": true,
          "tags": [],
          "tests": [
            {
              "timeout": 45000,
              "annotations": [],
              "expectedStatus": "passed",
              "projectId": "mobile",
              "projectName": "mobile",
              "results": [],
              "status": "skipped"
            }
          ],
          "id": "a45d503e2f9debfb255e-f33cb76485bb94a04c74",
          "file": "gui-m0-contexto-parity.spec.mjs",
          "line": 149,
          "column": 3
        },
        {
          "title": "the real winning guess renders Gasit as Găsit with its exact icon/color and retires comparison",
          "ok": true,
          "tags": [],
          "tests": [
            {
              "timeout": 45000,
              "annotations": [],
              "expectedStatus": "passed",
              "projectId": "mobile",
              "projectName": "mobile",
              "results": [],
              "status": "skipped"
            }
          ],
          "id": "a45d503e2f9debfb255e-f3bb0a6b5bf32f2320eb",
          "file": "gui-m0-contexto-parity.spec.mjs",
          "line": 169,
          "column": 1
        },
        {
          "title": "real fuzzy correction preserves typed text, clears on editing and echoes the exact token only on confirmation",
          "ok": true,
          "tags": [],
          "tests": [
            {
              "timeout": 45000,
              "annotations": [],
              "expectedStatus": "passed",
              "projectId": "mobile",
              "projectName": "mobile",
              "results": [],
              "status": "skipped"
            }
          ],
          "id": "a45d503e2f9debfb255e-5f5796bd3e34dfa62ed4",
          "file": "gui-m0-contexto-parity.spec.mjs",
          "line": 183,
          "column": 1
        },
        {
          "title": "a public safe-suggestion presentation fills/focuses without POST and dismisses an armed reveal",
          "ok": true,
          "tags": [],
          "tests": [
            {
              "timeout": 45000,
              "annotations": [],
              "expectedStatus": "passed",
              "projectId": "mobile",
              "projectName": "mobile",
              "results": [],
              "status": "skipped"
            }
          ],
          "id": "a45d503e2f9debfb255e-6382a0200aaacfa638e9",
          "file": "gui-m0-contexto-parity.spec.mjs",
          "line": 216,
          "column": 1
        },
        {
          "title": "typing and actual new-game/exit lifecycles dismiss reveal without giving up either round",
          "ok": true,
          "tags": [],
          "tests": [
            {
              "timeout": 45000,
              "annotations": [],
              "expectedStatus": "passed",
              "projectId": "mobile",
              "projectName": "mobile",
              "results": [],
              "status": "skipped"
            }
          ],
          "id": "a45d503e2f9debfb255e-510d5226be80dcb028c9",
          "file": "gui-m0-contexto-parity.spec.mjs",
          "line": 239,
          "column": 1
        }
      ]
    },
    {
      "title": "gui-m0-daily-intent-parity.spec.mjs",
      "file": "gui-m0-daily-intent-parity.spec.mjs",
      "column": 0,
      "line": 0,
      "specs": [
        {
          "title": "alchimie daily intent changes only intro action order and initial focus",
          "ok": true,
          "tags": [],
          "tests": [
            {
              "timeout": 45000,
              "annotations": [],
              "expectedStatus": "passed",
              "projectId": "desktop",
              "projectName": "desktop",
              "results": [],
              "status": "skipped"
            }
          ],
          "id": "20abc59502fc9fffd2ba-403cb592e9a0a001f7b6",
          "file": "gui-m0-daily-intent-parity.spec.mjs",
          "line": 104,
          "column": 3
        },
        {
          "title": "alchimie circuit resumes a real free round with the correct single notice, intent and supplied date",
          "ok": true,
          "tags": [],
          "tests": [
            {
              "timeout": 45000,
              "annotations": [],
              "expectedStatus": "passed",
              "projectId": "desktop",
              "projectName": "desktop",
              "results": [],
              "status": "skipped"
            }
          ],
          "id": "20abc59502fc9fffd2ba-9d4b9ef30bd9d650d9ed",
          "file": "gui-m0-daily-intent-parity.spec.mjs",
          "line": 124,
          "column": 5
        },
        {
          "title": "alchimie circuit resumes a real today round with the correct single notice, intent and supplied date",
          "ok": true,
          "tags": [],
          "tests": [
            {
              "timeout": 45000,
              "annotations": [],
              "expectedStatus": "passed",
              "projectId": "desktop",
              "projectName": "desktop",
              "results": [],
              "status": "skipped"
            }
          ],
          "id": "20abc59502fc9fffd2ba-6263b4730623937c35bc",
          "file": "gui-m0-daily-intent-parity.spec.mjs",
          "line": 124,
          "column": 5
        },
        {
          "title": "alchimie circuit resumes a real older round with the correct single notice, intent and supplied date",
          "ok": true,
          "tags": [],
          "tests": [
            {
              "timeout": 45000,
              "annotations": [],
              "expectedStatus": "passed",
              "projectId": "desktop",
              "projectName": "desktop",
              "results": [],
              "status": "skipped"
            }
          ],
          "id": "20abc59502fc9fffd2ba-851b8c1fe54c09e45150",
          "file": "gui-m0-daily-intent-parity.spec.mjs",
          "line": 124,
          "column": 5
        },
        {
          "title": "intrusul daily intent changes only intro action order and initial focus",
          "ok": true,
          "tags": [],
          "tests": [
            {
              "timeout": 45000,
              "annotations": [],
              "expectedStatus": "passed",
              "projectId": "desktop",
              "projectName": "desktop",
              "results": [],
              "status": "skipped"
            }
          ],
          "id": "20abc59502fc9fffd2ba-a548c07bb424a84899ea",
          "file": "gui-m0-daily-intent-parity.spec.mjs",
          "line": 104,
          "column": 3
        },
        {
          "title": "intrusul circuit resumes a real free round with the correct single notice, intent and supplied date",
          "ok": true,
          "tags": [],
          "tests": [
            {
              "timeout": 45000,
              "annotations": [],
              "expectedStatus": "passed",
              "projectId": "desktop",
              "projectName": "desktop",
              "results": [],
              "status": "skipped"
            }
          ],
          "id": "20abc59502fc9fffd2ba-cd0b17a2783034edf3d3",
          "file": "gui-m0-daily-intent-parity.spec.mjs",
          "line": 124,
          "column": 5
        },
        {
          "title": "intrusul circuit resumes a real today round with the correct single notice, intent and supplied date",
          "ok": true,
          "tags": [],
          "tests": [
            {
              "timeout": 45000,
              "annotations": [],
              "expectedStatus": "passed",
              "projectId": "desktop",
              "projectName": "desktop",
              "results": [],
              "status": "skipped"
            }
          ],
          "id": "20abc59502fc9fffd2ba-1668c96c0fc8cec9c704",
          "file": "gui-m0-daily-intent-parity.spec.mjs",
          "line": 124,
          "column": 5
        },
        {
          "title": "intrusul circuit resumes a real older round with the correct single notice, intent and supplied date",
          "ok": true,
          "tags": [],
          "tests": [
            {
              "timeout": 45000,
              "annotations": [],
              "expectedStatus": "passed",
              "projectId": "desktop",
              "projectName": "desktop",
              "results": [],
              "status": "skipped"
            }
          ],
          "id": "20abc59502fc9fffd2ba-2f568a5961c224b59c83",
          "file": "gui-m0-daily-intent-parity.spec.mjs",
          "line": 124,
          "column": 5
        },
        {
          "title": "perechi daily intent changes only intro action order and initial focus",
          "ok": true,
          "tags": [],
          "tests": [
            {
              "timeout": 45000,
              "annotations": [],
              "expectedStatus": "passed",
              "projectId": "desktop",
              "projectName": "desktop",
              "results": [],
              "status": "skipped"
            }
          ],
          "id": "20abc59502fc9fffd2ba-ce6bea52162d57c93a9d",
          "file": "gui-m0-daily-intent-parity.spec.mjs",
          "line": 104,
          "column": 3
        },
        {
          "title": "perechi circuit resumes a real free round with the correct single notice, intent and supplied date",
          "ok": true,
          "tags": [],
          "tests": [
            {
              "timeout": 45000,
              "annotations": [],
              "expectedStatus": "passed",
              "projectId": "desktop",
              "projectName": "desktop",
              "results": [],
              "status": "skipped"
            }
          ],
          "id": "20abc59502fc9fffd2ba-dfb79203233d4a491d73",
          "file": "gui-m0-daily-intent-parity.spec.mjs",
          "line": 124,
          "column": 5
        },
        {
          "title": "perechi circuit resumes a real today round with the correct single notice, intent and supplied date",
          "ok": true,
          "tags": [],
          "tests": [
            {
              "timeout": 45000,
              "annotations": [],
              "expectedStatus": "passed",
              "projectId": "desktop",
              "projectName": "desktop",
              "results": [],
              "status": "skipped"
            }
          ],
          "id": "20abc59502fc9fffd2ba-e374de0c759a6fdcec13",
          "file": "gui-m0-daily-intent-parity.spec.mjs",
          "line": 124,
          "column": 5
        },
        {
          "title": "perechi circuit resumes a real older round with the correct single notice, intent and supplied date",
          "ok": true,
          "tags": [],
          "tests": [
            {
              "timeout": 45000,
              "annotations": [],
              "expectedStatus": "passed",
              "projectId": "desktop",
              "projectName": "desktop",
              "results": [],
              "status": "skipped"
            }
          ],
          "id": "20abc59502fc9fffd2ba-8e2e4e10651e84c40bea",
          "file": "gui-m0-daily-intent-parity.spec.mjs",
          "line": 124,
          "column": 5
        },
        {
          "title": "conexiuni daily intent changes only intro action order and initial focus",
          "ok": true,
          "tags": [],
          "tests": [
            {
              "timeout": 45000,
              "annotations": [],
              "expectedStatus": "passed",
              "projectId": "desktop",
              "projectName": "desktop",
              "results": [],
              "status": "skipped"
            }
          ],
          "id": "20abc59502fc9fffd2ba-893a827ddddbfb39b22f",
          "file": "gui-m0-daily-intent-parity.spec.mjs",
          "line": 104,
          "column": 3
        },
        {
          "title": "conexiuni circuit resumes a real free round with the correct single notice, intent and supplied date",
          "ok": true,
          "tags": [],
          "tests": [
            {
              "timeout": 45000,
              "annotations": [],
              "expectedStatus": "passed",
              "projectId": "desktop",
              "projectName": "desktop",
              "results": [],
              "status": "skipped"
            }
          ],
          "id": "20abc59502fc9fffd2ba-8ac7340f170a940a5a14",
          "file": "gui-m0-daily-intent-parity.spec.mjs",
          "line": 124,
          "column": 5
        },
        {
          "title": "conexiuni circuit resumes a real today round with the correct single notice, intent and supplied date",
          "ok": true,
          "tags": [],
          "tests": [
            {
              "timeout": 45000,
              "annotations": [],
              "expectedStatus": "passed",
              "projectId": "desktop",
              "projectName": "desktop",
              "results": [],
              "status": "skipped"
            }
          ],
          "id": "20abc59502fc9fffd2ba-55fb2aa4c5e8120f1987",
          "file": "gui-m0-daily-intent-parity.spec.mjs",
          "line": 124,
          "column": 5
        },
        {
          "title": "conexiuni circuit resumes a real older round with the correct single notice, intent and supplied date",
          "ok": true,
          "tags": [],
          "tests": [
            {
              "timeout": 45000,
              "annotations": [],
              "expectedStatus": "passed",
              "projectId": "desktop",
              "projectName": "desktop",
              "results": [],
              "status": "skipped"
            }
          ],
          "id": "20abc59502fc9fffd2ba-5312d665ffcf79de9fd3",
          "file": "gui-m0-daily-intent-parity.spec.mjs",
          "line": 124,
          "column": 5
        },
        {
          "title": "contexto daily intent changes only intro action order and initial focus",
          "ok": true,
          "tags": [],
          "tests": [
            {
              "timeout": 45000,
              "annotations": [],
              "expectedStatus": "passed",
              "projectId": "desktop",
              "projectName": "desktop",
              "results": [],
              "status": "skipped"
            }
          ],
          "id": "20abc59502fc9fffd2ba-2a1b27bc05edd7e845b2",
          "file": "gui-m0-daily-intent-parity.spec.mjs",
          "line": 104,
          "column": 3
        },
        {
          "title": "contexto circuit resumes a real free round with the correct single notice, intent and supplied date",
          "ok": true,
          "tags": [],
          "tests": [
            {
              "timeout": 45000,
              "annotations": [],
              "expectedStatus": "passed",
              "projectId": "desktop",
              "projectName": "desktop",
              "results": [],
              "status": "skipped"
            }
          ],
          "id": "20abc59502fc9fffd2ba-180b89f44559b7cf3bb4",
          "file": "gui-m0-daily-intent-parity.spec.mjs",
          "line": 124,
          "column": 5
        },
        {
          "title": "contexto circuit resumes a real today round with the correct single notice, intent and supplied date",
          "ok": true,
          "tags": [],
          "tests": [
            {
              "timeout": 45000,
              "annotations": [],
              "expectedStatus": "passed",
              "projectId": "desktop",
              "projectName": "desktop",
              "results": [],
              "status": "skipped"
            }
          ],
          "id": "20abc59502fc9fffd2ba-b8571e561dcf054b8678",
          "file": "gui-m0-daily-intent-parity.spec.mjs",
          "line": 124,
          "column": 5
        },
        {
          "title": "contexto circuit resumes a real older round with the correct single notice, intent and supplied date",
          "ok": true,
          "tags": [],
          "tests": [
            {
              "timeout": 45000,
              "annotations": [],
              "expectedStatus": "passed",
              "projectId": "desktop",
              "projectName": "desktop",
              "results": [],
              "status": "skipped"
            }
          ],
          "id": "20abc59502fc9fffd2ba-a8420884f84a5fb0e567",
          "file": "gui-m0-daily-intent-parity.spec.mjs",
          "line": 124,
          "column": 5
        },
        {
          "title": "lant daily intent changes only intro action order and initial focus",
          "ok": true,
          "tags": [],
          "tests": [
            {
              "timeout": 45000,
              "annotations": [],
              "expectedStatus": "passed",
              "projectId": "desktop",
              "projectName": "desktop",
              "results": [],
              "status": "skipped"
            }
          ],
          "id": "20abc59502fc9fffd2ba-fbaa6f7897e2d15e5ae9",
          "file": "gui-m0-daily-intent-parity.spec.mjs",
          "line": 104,
          "column": 3
        },
        {
          "title": "lant circuit resumes a real free round with the correct single notice, intent and supplied date",
          "ok": true,
          "tags": [],
          "tests": [
            {
              "timeout": 45000,
              "annotations": [],
              "expectedStatus": "passed",
              "projectId": "desktop",
              "projectName": "desktop",
              "results": [],
              "status": "skipped"
            }
          ],
          "id": "20abc59502fc9fffd2ba-15b9341891dc699320f8",
          "file": "gui-m0-daily-intent-parity.spec.mjs",
          "line": 124,
          "column": 5
        },
        {
          "title": "lant circuit resumes a real today round with the correct single notice, intent and supplied date",
          "ok": true,
          "tags": [],
          "tests": [
            {
              "timeout": 45000,
              "annotations": [],
              "expectedStatus": "passed",
              "projectId": "desktop",
              "projectName": "desktop",
              "results": [],
              "status": "skipped"
            }
          ],
          "id": "20abc59502fc9fffd2ba-1d031bba442e7ad9c0cd",
          "file": "gui-m0-daily-intent-parity.spec.mjs",
          "line": 124,
          "column": 5
        },
        {
          "title": "lant circuit resumes a real older round with the correct single notice, intent and supplied date",
          "ok": true,
          "tags": [],
          "tests": [
            {
              "timeout": 45000,
              "annotations": [],
              "expectedStatus": "passed",
              "projectId": "desktop",
              "projectName": "desktop",
              "results": [],
              "status": "skipped"
            }
          ],
          "id": "20abc59502fc9fffd2ba-2d3d6bce03809627ad39",
          "file": "gui-m0-daily-intent-parity.spec.mjs",
          "line": 124,
          "column": 5
        },
        {
          "title": "conexiuni daily create carries the player's real Normal choice without a category query",
          "ok": true,
          "tags": [],
          "tests": [
            {
              "timeout": 45000,
              "annotations": [],
              "expectedStatus": "passed",
              "projectId": "desktop",
              "projectName": "desktop",
              "results": [],
              "status": "skipped"
            }
          ],
          "id": "20abc59502fc9fffd2ba-c2f615eb99e32fc4f536",
          "file": "gui-m0-daily-intent-parity.spec.mjs",
          "line": 178,
          "column": 3
        },
        {
          "title": "contexto daily create carries the player's real Normal choice without a category query",
          "ok": true,
          "tags": [],
          "tests": [
            {
              "timeout": 45000,
              "annotations": [],
              "expectedStatus": "passed",
              "projectId": "desktop",
              "projectName": "desktop",
              "results": [],
              "status": "skipped"
            }
          ],
          "id": "20abc59502fc9fffd2ba-2161ea63136e79172028",
          "file": "gui-m0-daily-intent-parity.spec.mjs",
          "line": 178,
          "column": 3
        },
        {
          "title": "lant daily create carries the player's real Normal choice without a category query",
          "ok": true,
          "tags": [],
          "tests": [
            {
              "timeout": 45000,
              "annotations": [],
              "expectedStatus": "passed",
              "projectId": "desktop",
              "projectName": "desktop",
              "results": [],
              "status": "skipped"
            }
          ],
          "id": "20abc59502fc9fffd2ba-5d0e3eb86695d9fd3634",
          "file": "gui-m0-daily-intent-parity.spec.mjs",
          "line": 178,
          "column": 3
        },
        {
          "title": "intrusul failed daily create retains the result offer until real success and normal free replay",
          "ok": true,
          "tags": [],
          "tests": [
            {
              "timeout": 45000,
              "annotations": [],
              "expectedStatus": "passed",
              "projectId": "desktop",
              "projectName": "desktop",
              "results": [],
              "status": "skipped"
            }
          ],
          "id": "20abc59502fc9fffd2ba-840d34ad1fdf0b9d9082",
          "file": "gui-m0-daily-intent-parity.spec.mjs",
          "line": 203,
          "column": 3
        },
        {
          "title": "perechi failed daily create retains the result offer until real success and normal free replay",
          "ok": true,
          "tags": [],
          "tests": [
            {
              "timeout": 45000,
              "annotations": [],
              "expectedStatus": "passed",
              "projectId": "desktop",
              "projectName": "desktop",
              "results": [],
              "status": "skipped"
            }
          ],
          "id": "20abc59502fc9fffd2ba-278079e1ab3c24d5931f",
          "file": "gui-m0-daily-intent-parity.spec.mjs",
          "line": 203,
          "column": 3
        },
        {
          "title": "intrusul an already completed real daily suppresses the daily offer after a saved free win with active intent",
          "ok": true,
          "tags": [],
          "tests": [
            {
              "timeout": 45000,
              "annotations": [],
              "expectedStatus": "passed",
              "projectId": "desktop",
              "projectName": "desktop",
              "results": [],
              "status": "skipped"
            }
          ],
          "id": "20abc59502fc9fffd2ba-6e9ac274bbcb5605c137",
          "file": "gui-m0-daily-intent-parity.spec.mjs",
          "line": 269,
          "column": 3
        },
        {
          "title": "perechi an already completed real daily suppresses the daily offer after a saved free win with active intent",
          "ok": true,
          "tags": [],
          "tests": [
            {
              "timeout": 45000,
              "annotations": [],
              "expectedStatus": "passed",
              "projectId": "desktop",
              "projectName": "desktop",
              "results": [],
              "status": "skipped"
            }
          ],
          "id": "20abc59502fc9fffd2ba-68f4343d77d49725120b",
          "file": "gui-m0-daily-intent-parity.spec.mjs",
          "line": 269,
          "column": 3
        },
        {
          "title": "alchimie daily intent changes only intro action order and initial focus",
          "ok": true,
          "tags": [],
          "tests": [
            {
              "timeout": 45000,
              "annotations": [],
              "expectedStatus": "passed",
              "projectId": "mobile",
              "projectName": "mobile",
              "results": [],
              "status": "skipped"
            }
          ],
          "id": "20abc59502fc9fffd2ba-86ebc8bd92547abfbb9a",
          "file": "gui-m0-daily-intent-parity.spec.mjs",
          "line": 104,
          "column": 3
        },
        {
          "title": "alchimie circuit resumes a real free round with the correct single notice, intent and supplied date",
          "ok": true,
          "tags": [],
          "tests": [
            {
              "timeout": 45000,
              "annotations": [],
              "expectedStatus": "passed",
              "projectId": "mobile",
              "projectName": "mobile",
              "results": [],
              "status": "skipped"
            }
          ],
          "id": "20abc59502fc9fffd2ba-c27c1edad5121161d21f",
          "file": "gui-m0-daily-intent-parity.spec.mjs",
          "line": 124,
          "column": 5
        },
        {
          "title": "alchimie circuit resumes a real today round with the correct single notice, intent and supplied date",
          "ok": true,
          "tags": [],
          "tests": [
            {
              "timeout": 45000,
              "annotations": [],
              "expectedStatus": "passed",
              "projectId": "mobile",
              "projectName": "mobile",
              "results": [],
              "status": "skipped"
            }
          ],
          "id": "20abc59502fc9fffd2ba-ff6965416eaec15176f8",
          "file": "gui-m0-daily-intent-parity.spec.mjs",
          "line": 124,
          "column": 5
        },
        {
          "title": "alchimie circuit resumes a real older round with the correct single notice, intent and supplied date",
          "ok": true,
          "tags": [],
          "tests": [
            {
              "timeout": 45000,
              "annotations": [],
              "expectedStatus": "passed",
              "projectId": "mobile",
              "projectName": "mobile",
              "results": [],
              "status": "skipped"
            }
          ],
          "id": "20abc59502fc9fffd2ba-42ca01fb3c7ebfe547ed",
          "file": "gui-m0-daily-intent-parity.spec.mjs",
          "line": 124,
          "column": 5
        },
        {
          "title": "intrusul daily intent changes only intro action order and initial focus",
          "ok": true,
          "tags": [],
          "tests": [
            {
              "timeout": 45000,
              "annotations": [],
              "expectedStatus": "passed",
              "projectId": "mobile",
              "projectName": "mobile",
              "results": [],
              "status": "skipped"
            }
          ],
          "id": "20abc59502fc9fffd2ba-705adc4c6239ee9c85bd",
          "file": "gui-m0-daily-intent-parity.spec.mjs",
          "line": 104,
          "column": 3
        },
        {
          "title": "intrusul circuit resumes a real free round with the correct single notice, intent and supplied date",
          "ok": true,
          "tags": [],
          "tests": [
            {
              "timeout": 45000,
              "annotations": [],
              "expectedStatus": "passed",
              "projectId": "mobile",
              "projectName": "mobile",
              "results": [],
              "status": "skipped"
            }
          ],
          "id": "20abc59502fc9fffd2ba-1ca38bcd0da92aac111b",
          "file": "gui-m0-daily-intent-parity.spec.mjs",
          "line": 124,
          "column": 5
        },
        {
          "title": "intrusul circuit resumes a real today round with the correct single notice, intent and supplied date",
          "ok": true,
          "tags": [],
          "tests": [
            {
              "timeout": 45000,
              "annotations": [],
              "expectedStatus": "passed",
              "projectId": "mobile",
              "projectName": "mobile",
              "results": [],
              "status": "skipped"
            }
          ],
          "id": "20abc59502fc9fffd2ba-fac6a08d8360437018bf",
          "file": "gui-m0-daily-intent-parity.spec.mjs",
          "line": 124,
          "column": 5
        },
        {
          "title": "intrusul circuit resumes a real older round with the correct single notice, intent and supplied date",
          "ok": true,
          "tags": [],
          "tests": [
            {
              "timeout": 45000,
              "annotations": [],
              "expectedStatus": "passed",
              "projectId": "mobile",
              "projectName": "mobile",
              "results": [],
              "status": "skipped"
            }
          ],
          "id": "20abc59502fc9fffd2ba-5beb518f4ec375f941c7",
          "file": "gui-m0-daily-intent-parity.spec.mjs",
          "line": 124,
          "column": 5
        },
        {
          "title": "perechi daily intent changes only intro action order and initial focus",
          "ok": true,
          "tags": [],
          "tests": [
            {
              "timeout": 45000,
              "annotations": [],
              "expectedStatus": "passed",
              "projectId": "mobile",
              "projectName": "mobile",
              "results": [],
              "status": "skipped"
            }
          ],
          "id": "20abc59502fc9fffd2ba-dd80c8ee618daf83bb5e",
          "file": "gui-m0-daily-intent-parity.spec.mjs",
          "line": 104,
          "column": 3
        },
        {
          "title": "perechi circuit resumes a real free round with the correct single notice, intent and supplied date",
          "ok": true,
          "tags": [],
          "tests": [
            {
              "timeout": 45000,
              "annotations": [],
              "expectedStatus": "passed",
              "projectId": "mobile",
              "projectName": "mobile",
              "results": [],
              "status": "skipped"
            }
          ],
          "id": "20abc59502fc9fffd2ba-78071e1861a7da15928e",
          "file": "gui-m0-daily-intent-parity.spec.mjs",
          "line": 124,
          "column": 5
        },
        {
          "title": "perechi circuit resumes a real today round with the correct single notice, intent and supplied date",
          "ok": true,
          "tags": [],
          "tests": [
            {
              "timeout": 45000,
              "annotations": [],
              "expectedStatus": "passed",
              "projectId": "mobile",
              "projectName": "mobile",
              "results": [],
              "status": "skipped"
            }
          ],
          "id": "20abc59502fc9fffd2ba-a8c372175434e5fcdf8a",
          "file": "gui-m0-daily-intent-parity.spec.mjs",
          "line": 124,
          "column": 5
        },
        {
          "title": "perechi circuit resumes a real older round with the correct single notice, intent and supplied date",
          "ok": true,
          "tags": [],
          "tests": [
            {
              "timeout": 45000,
              "annotations": [],
              "expectedStatus": "passed",
              "projectId": "mobile",
              "projectName": "mobile",
              "results": [],
              "status": "skipped"
            }
          ],
          "id": "20abc59502fc9fffd2ba-2fe9c916434ed5f78cbf",
          "file": "gui-m0-daily-intent-parity.spec.mjs",
          "line": 124,
          "column": 5
        },
        {
          "title": "conexiuni daily intent changes only intro action order and initial focus",
          "ok": true,
          "tags": [],
          "tests": [
            {
              "timeout": 45000,
              "annotations": [],
              "expectedStatus": "passed",
              "projectId": "mobile",
              "projectName": "mobile",
              "results": [],
              "status": "skipped"
            }
          ],
          "id": "20abc59502fc9fffd2ba-4fb1716c35fc0bee71c4",
          "file": "gui-m0-daily-intent-parity.spec.mjs",
          "line": 104,
          "column": 3
        },
        {
          "title": "conexiuni circuit resumes a real free round with the correct single notice, intent and supplied date",
          "ok": true,
          "tags": [],
          "tests": [
            {
              "timeout": 45000,
              "annotations": [],
              "expectedStatus": "passed",
              "projectId": "mobile",
              "projectName": "mobile",
              "results": [],
              "status": "skipped"
            }
          ],
          "id": "20abc59502fc9fffd2ba-0758267b46663347c0f0",
          "file": "gui-m0-daily-intent-parity.spec.mjs",
          "line": 124,
          "column": 5
        },
        {
          "title": "conexiuni circuit resumes a real today round with the correct single notice, intent and supplied date",
          "ok": true,
          "tags": [],
          "tests": [
            {
              "timeout": 45000,
              "annotations": [],
              "expectedStatus": "passed",
              "projectId": "mobile",
              "projectName": "mobile",
              "results": [],
              "status": "skipped"
            }
          ],
          "id": "20abc59502fc9fffd2ba-722b2299dc44edfc5e15",
          "file": "gui-m0-daily-intent-parity.spec.mjs",
          "line": 124,
          "column": 5
        },
        {
          "title": "conexiuni circuit resumes a real older round with the correct single notice, intent and supplied date",
          "ok": true,
          "tags": [],
          "tests": [
            {
              "timeout": 45000,
              "annotations": [],
              "expectedStatus": "passed",
              "projectId": "mobile",
              "projectName": "mobile",
              "results": [],
              "status": "skipped"
            }
          ],
          "id": "20abc59502fc9fffd2ba-b67e2e2cdf9e89abaf9f",
          "file": "gui-m0-daily-intent-parity.spec.mjs",
          "line": 124,
          "column": 5
        },
        {
          "title": "contexto daily intent changes only intro action order and initial focus",
          "ok": true,
          "tags": [],
          "tests": [
            {
              "timeout": 45000,
              "annotations": [],
              "expectedStatus": "passed",
              "projectId": "mobile",
              "projectName": "mobile",
              "results": [],
              "status": "skipped"
            }
          ],
          "id": "20abc59502fc9fffd2ba-1fbc62c70e581e167656",
          "file": "gui-m0-daily-intent-parity.spec.mjs",
          "line": 104,
          "column": 3
        },
        {
          "title": "contexto circuit resumes a real free round with the correct single notice, intent and supplied date",
          "ok": true,
          "tags": [],
          "tests": [
            {
              "timeout": 45000,
              "annotations": [],
              "expectedStatus": "passed",
              "projectId": "mobile",
              "projectName": "mobile",
              "results": [],
              "status": "skipped"
            }
          ],
          "id": "20abc59502fc9fffd2ba-6a40f2de32e3388ff74e",
          "file": "gui-m0-daily-intent-parity.spec.mjs",
          "line": 124,
          "column": 5
        },
        {
          "title": "contexto circuit resumes a real today round with the correct single notice, intent and supplied date",
          "ok": true,
          "tags": [],
          "tests": [
            {
              "timeout": 45000,
              "annotations": [],
              "expectedStatus": "passed",
              "projectId": "mobile",
              "projectName": "mobile",
              "results": [],
              "status": "skipped"
            }
          ],
          "id": "20abc59502fc9fffd2ba-adedd80877abc29720aa",
          "file": "gui-m0-daily-intent-parity.spec.mjs",
          "line": 124,
          "column": 5
        },
        {
          "title": "contexto circuit resumes a real older round with the correct single notice, intent and supplied date",
          "ok": true,
          "tags": [],
          "tests": [
            {
              "timeout": 45000,
              "annotations": [],
              "expectedStatus": "passed",
              "projectId": "mobile",
              "projectName": "mobile",
              "results": [],
              "status": "skipped"
            }
          ],
          "id": "20abc59502fc9fffd2ba-dbc427b5a1f9d714ff98",
          "file": "gui-m0-daily-intent-parity.spec.mjs",
          "line": 124,
          "column": 5
        },
        {
          "title": "lant daily intent changes only intro action order and initial focus",
          "ok": true,
          "tags": [],
          "tests": [
            {
              "timeout": 45000,
              "annotations": [],
              "expectedStatus": "passed",
              "projectId": "mobile",
              "projectName": "mobile",
              "results": [],
              "status": "skipped"
            }
          ],
          "id": "20abc59502fc9fffd2ba-5a75153cbbe03f0cf12e",
          "file": "gui-m0-daily-intent-parity.spec.mjs",
          "line": 104,
          "column": 3
        },
        {
          "title": "lant circuit resumes a real free round with the correct single notice, intent and supplied date",
          "ok": true,
          "tags": [],
          "tests": [
            {
              "timeout": 45000,
              "annotations": [],
              "expectedStatus": "passed",
              "projectId": "mobile",
              "projectName": "mobile",
              "results": [],
              "status": "skipped"
            }
          ],
          "id": "20abc59502fc9fffd2ba-743b1d1d2de80cfa7636",
          "file": "gui-m0-daily-intent-parity.spec.mjs",
          "line": 124,
          "column": 5
        },
        {
          "title": "lant circuit resumes a real today round with the correct single notice, intent and supplied date",
          "ok": true,
          "tags": [],
          "tests": [
            {
              "timeout": 45000,
              "annotations": [],
              "expectedStatus": "passed",
              "projectId": "mobile",
              "projectName": "mobile",
              "results": [],
              "status": "skipped"
            }
          ],
          "id": "20abc59502fc9fffd2ba-4fa2633d5388516178f7",
          "file": "gui-m0-daily-intent-parity.spec.mjs",
          "line": 124,
          "column": 5
        },
        {
          "title": "lant circuit resumes a real older round with the correct single notice, intent and supplied date",
          "ok": true,
          "tags": [],
          "tests": [
            {
              "timeout": 45000,
              "annotations": [],
              "expectedStatus": "passed",
              "projectId": "mobile",
              "projectName": "mobile",
              "results": [],
              "status": "skipped"
            }
          ],
          "id": "20abc59502fc9fffd2ba-7627053a555089e5f9af",
          "file": "gui-m0-daily-intent-parity.spec.mjs",
          "line": 124,
          "column": 5
        },
        {
          "title": "conexiuni daily create carries the player's real Normal choice without a category query",
          "ok": true,
          "tags": [],
          "tests": [
            {
              "timeout": 45000,
              "annotations": [],
              "expectedStatus": "passed",
              "projectId": "mobile",
              "projectName": "mobile",
              "results": [],
              "status": "skipped"
            }
          ],
          "id": "20abc59502fc9fffd2ba-8d6a689c92045d0204be",
          "file": "gui-m0-daily-intent-parity.spec.mjs",
          "line": 178,
          "column": 3
        },
        {
          "title": "contexto daily create carries the player's real Normal choice without a category query",
          "ok": true,
          "tags": [],
          "tests": [
            {
              "timeout": 45000,
              "annotations": [],
              "expectedStatus": "passed",
              "projectId": "mobile",
              "projectName": "mobile",
              "results": [],
              "status": "skipped"
            }
          ],
          "id": "20abc59502fc9fffd2ba-9ac68b7a91cb3316bfa6",
          "file": "gui-m0-daily-intent-parity.spec.mjs",
          "line": 178,
          "column": 3
        },
        {
          "title": "lant daily create carries the player's real Normal choice without a category query",
          "ok": true,
          "tags": [],
          "tests": [
            {
              "timeout": 45000,
              "annotations": [],
              "expectedStatus": "passed",
              "projectId": "mobile",
              "projectName": "mobile",
              "results": [],
              "status": "skipped"
            }
          ],
          "id": "20abc59502fc9fffd2ba-659b6774443779c933e3",
          "file": "gui-m0-daily-intent-parity.spec.mjs",
          "line": 178,
          "column": 3
        },
        {
          "title": "intrusul failed daily create retains the result offer until real success and normal free replay",
          "ok": true,
          "tags": [],
          "tests": [
            {
              "timeout": 45000,
              "annotations": [],
              "expectedStatus": "passed",
              "projectId": "mobile",
              "projectName": "mobile",
              "results": [],
              "status": "skipped"
            }
          ],
          "id": "20abc59502fc9fffd2ba-1266cc15f84ea8ba9fe1",
          "file": "gui-m0-daily-intent-parity.spec.mjs",
          "line": 203,
          "column": 3
        },
        {
          "title": "perechi failed daily create retains the result offer until real success and normal free replay",
          "ok": true,
          "tags": [],
          "tests": [
            {
              "timeout": 45000,
              "annotations": [],
              "expectedStatus": "passed",
              "projectId": "mobile",
              "projectName": "mobile",
              "results": [],
              "status": "skipped"
            }
          ],
          "id": "20abc59502fc9fffd2ba-483cbf33766e272a3c3c",
          "file": "gui-m0-daily-intent-parity.spec.mjs",
          "line": 203,
          "column": 3
        },
        {
          "title": "intrusul an already completed real daily suppresses the daily offer after a saved free win with active intent",
          "ok": true,
          "tags": [],
          "tests": [
            {
              "timeout": 45000,
              "annotations": [],
              "expectedStatus": "passed",
              "projectId": "mobile",
              "projectName": "mobile",
              "results": [],
              "status": "skipped"
            }
          ],
          "id": "20abc59502fc9fffd2ba-aed66962269746ed940e",
          "file": "gui-m0-daily-intent-parity.spec.mjs",
          "line": 269,
          "column": 3
        },
        {
          "title": "perechi an already completed real daily suppresses the daily offer after a saved free win with active intent",
          "ok": true,
          "tags": [],
          "tests": [
            {
              "timeout": 45000,
              "annotations": [],
              "expectedStatus": "passed",
              "projectId": "mobile",
              "projectName": "mobile",
              "results": [],
              "status": "skipped"
            }
          ],
          "id": "20abc59502fc9fffd2ba-296406fa9dbf83fe52af",
          "file": "gui-m0-daily-intent-parity.spec.mjs",
          "line": 269,
          "column": 3
        }
      ]
    },
    {
      "title": "gui-m0-derived-presentation-parity.spec.mjs",
      "file": "gui-m0-derived-presentation-parity.spec.mjs",
      "column": 0,
      "line": 0,
      "specs": [
        {
          "title": "intrusul exposes its exact initial locked-hint threshold and only prices the unlocked action",
          "ok": true,
          "tags": [],
          "tests": [
            {
              "timeout": 45000,
              "annotations": [],
              "expectedStatus": "passed",
              "projectId": "desktop",
              "projectName": "desktop",
              "results": [],
              "status": "skipped"
            }
          ],
          "id": "63741675440ee783bc3e-c7e0d6778cdca7b17877",
          "file": "gui-m0-derived-presentation-parity.spec.mjs",
          "line": 39,
          "column": 3
        },
        {
          "title": "intrusul successful held creation has exact busy header copy and one native create",
          "ok": true,
          "tags": [],
          "tests": [
            {
              "timeout": 45000,
              "annotations": [],
              "expectedStatus": "passed",
              "projectId": "desktop",
              "projectName": "desktop",
              "results": [],
              "status": "skipped"
            }
          ],
          "id": "63741675440ee783bc3e-e58903ad6d5a101d5a2f",
          "file": "gui-m0-derived-presentation-parity.spec.mjs",
          "line": 74,
          "column": 3
        },
        {
          "title": "intrusul successful held replay disables result actions and retains exact pending labels with one create",
          "ok": true,
          "tags": [],
          "tests": [
            {
              "timeout": 45000,
              "annotations": [],
              "expectedStatus": "passed",
              "projectId": "desktop",
              "projectName": "desktop",
              "results": [],
              "status": "skipped"
            }
          ],
          "id": "63741675440ee783bc3e-25cd6a849ff68175d1d0",
          "file": "gui-m0-derived-presentation-parity.spec.mjs",
          "line": 96,
          "column": 3
        },
        {
          "title": "intrusul starter explanation is visible before graduation and absent on its later intro",
          "ok": true,
          "tags": [],
          "tests": [
            {
              "timeout": 45000,
              "annotations": [],
              "expectedStatus": "passed",
              "projectId": "desktop",
              "projectName": "desktop",
              "results": [],
              "status": "skipped"
            }
          ],
          "id": "63741675440ee783bc3e-00e52b1b104279f95913",
          "file": "gui-m0-derived-presentation-parity.spec.mjs",
          "line": 119,
          "column": 3
        },
        {
          "title": "perechi exposes its exact initial locked-hint threshold and only prices the unlocked action",
          "ok": true,
          "tags": [],
          "tests": [
            {
              "timeout": 45000,
              "annotations": [],
              "expectedStatus": "passed",
              "projectId": "desktop",
              "projectName": "desktop",
              "results": [],
              "status": "skipped"
            }
          ],
          "id": "63741675440ee783bc3e-174293f229100bfc10f2",
          "file": "gui-m0-derived-presentation-parity.spec.mjs",
          "line": 39,
          "column": 3
        },
        {
          "title": "perechi successful held creation has exact busy header copy and one native create",
          "ok": true,
          "tags": [],
          "tests": [
            {
              "timeout": 45000,
              "annotations": [],
              "expectedStatus": "passed",
              "projectId": "desktop",
              "projectName": "desktop",
              "results": [],
              "status": "skipped"
            }
          ],
          "id": "63741675440ee783bc3e-84b8e45234619a7c04df",
          "file": "gui-m0-derived-presentation-parity.spec.mjs",
          "line": 74,
          "column": 3
        },
        {
          "title": "perechi successful held replay disables result actions and retains exact pending labels with one create",
          "ok": true,
          "tags": [],
          "tests": [
            {
              "timeout": 45000,
              "annotations": [],
              "expectedStatus": "passed",
              "projectId": "desktop",
              "projectName": "desktop",
              "results": [],
              "status": "skipped"
            }
          ],
          "id": "63741675440ee783bc3e-edf48f8d40680806830d",
          "file": "gui-m0-derived-presentation-parity.spec.mjs",
          "line": 96,
          "column": 3
        },
        {
          "title": "perechi starter explanation is visible before graduation and absent on its later intro",
          "ok": true,
          "tags": [],
          "tests": [
            {
              "timeout": 45000,
              "annotations": [],
              "expectedStatus": "passed",
              "projectId": "desktop",
              "projectName": "desktop",
              "results": [],
              "status": "skipped"
            }
          ],
          "id": "63741675440ee783bc3e-7d808faf742c77a3860f",
          "file": "gui-m0-derived-presentation-parity.spec.mjs",
          "line": 119,
          "column": 3
        },
        {
          "title": "Intrusul daily HUD shows only daily/error state without an invented level badge",
          "ok": true,
          "tags": [],
          "tests": [
            {
              "timeout": 45000,
              "annotations": [],
              "expectedStatus": "passed",
              "projectId": "desktop",
              "projectName": "desktop",
              "results": [],
              "status": "skipped"
            }
          ],
          "id": "63741675440ee783bc3e-4dff543e3990b626999e",
          "file": "gui-m0-derived-presentation-parity.spec.mjs",
          "line": 131,
          "column": 1
        },
        {
          "title": "real Perechi earned pairs leave the grid and keyboard focus follows next, wrap and the result owner",
          "ok": true,
          "tags": [],
          "tests": [
            {
              "timeout": 45000,
              "annotations": [],
              "expectedStatus": "passed",
              "projectId": "desktop",
              "projectName": "desktop",
              "results": [],
              "status": "skipped"
            }
          ],
          "id": "63741675440ee783bc3e-454eac40a5b931763937",
          "file": "gui-m0-derived-presentation-parity.spec.mjs",
          "line": 156,
          "column": 1
        },
        {
          "title": "Perechi preserves deliberately moved help focus while a real keyboard match response is held",
          "ok": true,
          "tags": [],
          "tests": [
            {
              "timeout": 45000,
              "annotations": [],
              "expectedStatus": "passed",
              "projectId": "desktop",
              "projectName": "desktop",
              "results": [],
              "status": "skipped"
            }
          ],
          "id": "63741675440ee783bc3e-9c99405a1ea2bebcfa75",
          "file": "gui-m0-derived-presentation-parity.spec.mjs",
          "line": 192,
          "column": 1
        },
        {
          "title": "real Perechi terminal loss moves keyboard-owned tile focus to the authoritative result owner",
          "ok": true,
          "tags": [],
          "tests": [
            {
              "timeout": 45000,
              "annotations": [],
              "expectedStatus": "passed",
              "projectId": "desktop",
              "projectName": "desktop",
              "results": [],
              "status": "skipped"
            }
          ],
          "id": "63741675440ee783bc3e-cf74868bbaa48b3908dd",
          "file": "gui-m0-derived-presentation-parity.spec.mjs",
          "line": 216,
          "column": 1
        },
        {
          "title": "intrusul exposes its exact initial locked-hint threshold and only prices the unlocked action",
          "ok": true,
          "tags": [],
          "tests": [
            {
              "timeout": 45000,
              "annotations": [],
              "expectedStatus": "passed",
              "projectId": "mobile",
              "projectName": "mobile",
              "results": [],
              "status": "skipped"
            }
          ],
          "id": "63741675440ee783bc3e-93e552ff68dd7689beac",
          "file": "gui-m0-derived-presentation-parity.spec.mjs",
          "line": 39,
          "column": 3
        },
        {
          "title": "intrusul successful held creation has exact busy header copy and one native create",
          "ok": true,
          "tags": [],
          "tests": [
            {
              "timeout": 45000,
              "annotations": [],
              "expectedStatus": "passed",
              "projectId": "mobile",
              "projectName": "mobile",
              "results": [],
              "status": "skipped"
            }
          ],
          "id": "63741675440ee783bc3e-15652299745c1cafedf6",
          "file": "gui-m0-derived-presentation-parity.spec.mjs",
          "line": 74,
          "column": 3
        },
        {
          "title": "intrusul successful held replay disables result actions and retains exact pending labels with one create",
          "ok": true,
          "tags": [],
          "tests": [
            {
              "timeout": 45000,
              "annotations": [],
              "expectedStatus": "passed",
              "projectId": "mobile",
              "projectName": "mobile",
              "results": [],
              "status": "skipped"
            }
          ],
          "id": "63741675440ee783bc3e-55765235cd326ae67a88",
          "file": "gui-m0-derived-presentation-parity.spec.mjs",
          "line": 96,
          "column": 3
        },
        {
          "title": "intrusul starter explanation is visible before graduation and absent on its later intro",
          "ok": true,
          "tags": [],
          "tests": [
            {
              "timeout": 45000,
              "annotations": [],
              "expectedStatus": "passed",
              "projectId": "mobile",
              "projectName": "mobile",
              "results": [],
              "status": "skipped"
            }
          ],
          "id": "63741675440ee783bc3e-8a98028f9154c8b62601",
          "file": "gui-m0-derived-presentation-parity.spec.mjs",
          "line": 119,
          "column": 3
        },
        {
          "title": "perechi exposes its exact initial locked-hint threshold and only prices the unlocked action",
          "ok": true,
          "tags": [],
          "tests": [
            {
              "timeout": 45000,
              "annotations": [],
              "expectedStatus": "passed",
              "projectId": "mobile",
              "projectName": "mobile",
              "results": [],
              "status": "skipped"
            }
          ],
          "id": "63741675440ee783bc3e-9151e62260691accb633",
          "file": "gui-m0-derived-presentation-parity.spec.mjs",
          "line": 39,
          "column": 3
        },
        {
          "title": "perechi successful held creation has exact busy header copy and one native create",
          "ok": true,
          "tags": [],
          "tests": [
            {
              "timeout": 45000,
              "annotations": [],
              "expectedStatus": "passed",
              "projectId": "mobile",
              "projectName": "mobile",
              "results": [],
              "status": "skipped"
            }
          ],
          "id": "63741675440ee783bc3e-3b99dd1b9ed8c87dfdab",
          "file": "gui-m0-derived-presentation-parity.spec.mjs",
          "line": 74,
          "column": 3
        },
        {
          "title": "perechi successful held replay disables result actions and retains exact pending labels with one create",
          "ok": true,
          "tags": [],
          "tests": [
            {
              "timeout": 45000,
              "annotations": [],
              "expectedStatus": "passed",
              "projectId": "mobile",
              "projectName": "mobile",
              "results": [],
              "status": "skipped"
            }
          ],
          "id": "63741675440ee783bc3e-ba1c61612ec8941bab1c",
          "file": "gui-m0-derived-presentation-parity.spec.mjs",
          "line": 96,
          "column": 3
        },
        {
          "title": "perechi starter explanation is visible before graduation and absent on its later intro",
          "ok": true,
          "tags": [],
          "tests": [
            {
              "timeout": 45000,
              "annotations": [],
              "expectedStatus": "passed",
              "projectId": "mobile",
              "projectName": "mobile",
              "results": [],
              "status": "skipped"
            }
          ],
          "id": "63741675440ee783bc3e-87fc688a300da5448676",
          "file": "gui-m0-derived-presentation-parity.spec.mjs",
          "line": 119,
          "column": 3
        },
        {
          "title": "Intrusul daily HUD shows only daily/error state without an invented level badge",
          "ok": true,
          "tags": [],
          "tests": [
            {
              "timeout": 45000,
              "annotations": [],
              "expectedStatus": "passed",
              "projectId": "mobile",
              "projectName": "mobile",
              "results": [],
              "status": "skipped"
            }
          ],
          "id": "63741675440ee783bc3e-8038aa3eff915534834c",
          "file": "gui-m0-derived-presentation-parity.spec.mjs",
          "line": 131,
          "column": 1
        },
        {
          "title": "real Perechi earned pairs leave the grid and keyboard focus follows next, wrap and the result owner",
          "ok": true,
          "tags": [],
          "tests": [
            {
              "timeout": 45000,
              "annotations": [],
              "expectedStatus": "passed",
              "projectId": "mobile",
              "projectName": "mobile",
              "results": [],
              "status": "skipped"
            }
          ],
          "id": "63741675440ee783bc3e-c003bd08cbc87be2625e",
          "file": "gui-m0-derived-presentation-parity.spec.mjs",
          "line": 156,
          "column": 1
        },
        {
          "title": "Perechi preserves deliberately moved help focus while a real keyboard match response is held",
          "ok": true,
          "tags": [],
          "tests": [
            {
              "timeout": 45000,
              "annotations": [],
              "expectedStatus": "passed",
              "projectId": "mobile",
              "projectName": "mobile",
              "results": [],
              "status": "skipped"
            }
          ],
          "id": "63741675440ee783bc3e-211a3176e2a7ff30d21d",
          "file": "gui-m0-derived-presentation-parity.spec.mjs",
          "line": 192,
          "column": 1
        },
        {
          "title": "real Perechi terminal loss moves keyboard-owned tile focus to the authoritative result owner",
          "ok": true,
          "tags": [],
          "tests": [
            {
              "timeout": 45000,
              "annotations": [],
              "expectedStatus": "passed",
              "projectId": "mobile",
              "projectName": "mobile",
              "results": [],
              "status": "skipped"
            }
          ],
          "id": "63741675440ee783bc3e-3f0726e6c14c9cd2c24d",
          "file": "gui-m0-derived-presentation-parity.spec.mjs",
          "line": 216,
          "column": 1
        }
      ]
    },
    {
      "title": "gui-m0-home-parity.spec.mjs",
      "file": "gui-m0-home-parity.spec.mjs",
      "column": 0,
      "line": 0,
      "specs": [
        {
          "title": "Home presents exactly six local daily rows and completed rows remain read-only",
          "ok": true,
          "tags": [],
          "tests": [
            {
              "timeout": 45000,
              "annotations": [],
              "expectedStatus": "passed",
              "projectId": "desktop",
              "projectName": "desktop",
              "results": [],
              "status": "skipped"
            }
          ],
          "id": "91a35f5b3855fc3e97c8-20984184e2428f9a778f",
          "file": "gui-m0-home-parity.spec.mjs",
          "line": 43,
          "column": 1
        },
        {
          "title": "daily circuit has 2 complete columns at 320px with visible keyboard focus and no overflow",
          "ok": true,
          "tags": [],
          "tests": [
            {
              "timeout": 45000,
              "annotations": [],
              "expectedStatus": "passed",
              "projectId": "desktop",
              "projectName": "desktop",
              "results": [],
              "status": "skipped"
            }
          ],
          "id": "91a35f5b3855fc3e97c8-0db18b38ef0ea8fe0f57",
          "file": "gui-m0-home-parity.spec.mjs",
          "line": 80,
          "column": 3
        },
        {
          "title": "daily circuit has 2 complete columns at 699px with visible keyboard focus and no overflow",
          "ok": true,
          "tags": [],
          "tests": [
            {
              "timeout": 45000,
              "annotations": [],
              "expectedStatus": "passed",
              "projectId": "desktop",
              "projectName": "desktop",
              "results": [],
              "status": "skipped"
            }
          ],
          "id": "91a35f5b3855fc3e97c8-cc44b65ccb06ceceb28c",
          "file": "gui-m0-home-parity.spec.mjs",
          "line": 80,
          "column": 3
        },
        {
          "title": "daily circuit has 3 complete columns at 700px with visible keyboard focus and no overflow",
          "ok": true,
          "tags": [],
          "tests": [
            {
              "timeout": 45000,
              "annotations": [],
              "expectedStatus": "passed",
              "projectId": "desktop",
              "projectName": "desktop",
              "results": [],
              "status": "skipped"
            }
          ],
          "id": "91a35f5b3855fc3e97c8-7f75acfbf368f6556cae",
          "file": "gui-m0-home-parity.spec.mjs",
          "line": 80,
          "column": 3
        },
        {
          "title": "daily circuit has 3 complete columns at 979px with visible keyboard focus and no overflow",
          "ok": true,
          "tags": [],
          "tests": [
            {
              "timeout": 45000,
              "annotations": [],
              "expectedStatus": "passed",
              "projectId": "desktop",
              "projectName": "desktop",
              "results": [],
              "status": "skipped"
            }
          ],
          "id": "91a35f5b3855fc3e97c8-3bb29d439eeedc0e582a",
          "file": "gui-m0-home-parity.spec.mjs",
          "line": 80,
          "column": 3
        },
        {
          "title": "daily circuit has 6 complete columns at 980px with visible keyboard focus and no overflow",
          "ok": true,
          "tags": [],
          "tests": [
            {
              "timeout": 45000,
              "annotations": [],
              "expectedStatus": "passed",
              "projectId": "desktop",
              "projectName": "desktop",
              "results": [],
              "status": "skipped"
            }
          ],
          "id": "91a35f5b3855fc3e97c8-c0ee77894618315e1079",
          "file": "gui-m0-home-parity.spec.mjs",
          "line": 80,
          "column": 3
        },
        {
          "title": "daily circuit has 6 complete columns at 1280px with visible keyboard focus and no overflow",
          "ok": true,
          "tags": [],
          "tests": [
            {
              "timeout": 45000,
              "annotations": [],
              "expectedStatus": "passed",
              "projectId": "desktop",
              "projectName": "desktop",
              "results": [],
              "status": "skipped"
            }
          ],
          "id": "91a35f5b3855fc3e97c8-5fccf3885522e8cef581",
          "file": "gui-m0-home-parity.spec.mjs",
          "line": 80,
          "column": 3
        },
        {
          "title": "Home's hero states its actual cultural range under the unchanged accessible brand",
          "ok": true,
          "tags": [],
          "tests": [
            {
              "timeout": 45000,
              "annotations": [],
              "expectedStatus": "passed",
              "projectId": "desktop",
              "projectName": "desktop",
              "results": [],
              "status": "skipped"
            }
          ],
          "id": "91a35f5b3855fc3e97c8-4b4074d631f87da79afa",
          "file": "gui-m0-home-parity.spec.mjs",
          "line": 116,
          "column": 1
        },
        {
          "title": "Home shows starter chips only on the two unplayed derived cards",
          "ok": true,
          "tags": [],
          "tests": [
            {
              "timeout": 45000,
              "annotations": [],
              "expectedStatus": "passed",
              "projectId": "desktop",
              "projectName": "desktop",
              "results": [],
              "status": "skipped"
            }
          ],
          "id": "91a35f5b3855fc3e97c8-31577581cae5418b1b10",
          "file": "gui-m0-home-parity.spec.mjs",
          "line": 124,
          "column": 3
        },
        {
          "title": "Home removes both derived starter chips for explicit local graduation history",
          "ok": true,
          "tags": [],
          "tests": [
            {
              "timeout": 45000,
              "annotations": [],
              "expectedStatus": "passed",
              "projectId": "desktop",
              "projectName": "desktop",
              "results": [],
              "status": "skipped"
            }
          ],
          "id": "91a35f5b3855fc3e97c8-3cdce3e6d42d1b9e2eec",
          "file": "gui-m0-home-parity.spec.mjs",
          "line": 124,
          "column": 3
        },
        {
          "title": "the actual served build keeps optional account/game chunks outside static imports while binding emitted bytes",
          "ok": true,
          "tags": [],
          "tests": [
            {
              "timeout": 45000,
              "annotations": [],
              "expectedStatus": "passed",
              "projectId": "desktop",
              "projectName": "desktop",
              "results": [],
              "status": "skipped"
            }
          ],
          "id": "91a35f5b3855fc3e97c8-179326f285eb45ed8f83",
          "file": "gui-m0-home-parity.spec.mjs",
          "line": 166,
          "column": 1
        },
        {
          "title": "Home presents exactly six local daily rows and completed rows remain read-only",
          "ok": true,
          "tags": [],
          "tests": [
            {
              "timeout": 45000,
              "annotations": [],
              "expectedStatus": "passed",
              "projectId": "mobile",
              "projectName": "mobile",
              "results": [],
              "status": "skipped"
            }
          ],
          "id": "91a35f5b3855fc3e97c8-e39634dd301aaf9cde4d",
          "file": "gui-m0-home-parity.spec.mjs",
          "line": 43,
          "column": 1
        },
        {
          "title": "daily circuit has 2 complete columns at 320px with visible keyboard focus and no overflow",
          "ok": true,
          "tags": [],
          "tests": [
            {
              "timeout": 45000,
              "annotations": [],
              "expectedStatus": "passed",
              "projectId": "mobile",
              "projectName": "mobile",
              "results": [],
              "status": "skipped"
            }
          ],
          "id": "91a35f5b3855fc3e97c8-5c2b81b2d43a4e7ae303",
          "file": "gui-m0-home-parity.spec.mjs",
          "line": 80,
          "column": 3
        },
        {
          "title": "daily circuit has 2 complete columns at 699px with visible keyboard focus and no overflow",
          "ok": true,
          "tags": [],
          "tests": [
            {
              "timeout": 45000,
              "annotations": [],
              "expectedStatus": "passed",
              "projectId": "mobile",
              "projectName": "mobile",
              "results": [],
              "status": "skipped"
            }
          ],
          "id": "91a35f5b3855fc3e97c8-bb7a302ce0cab0116043",
          "file": "gui-m0-home-parity.spec.mjs",
          "line": 80,
          "column": 3
        },
        {
          "title": "daily circuit has 3 complete columns at 700px with visible keyboard focus and no overflow",
          "ok": true,
          "tags": [],
          "tests": [
            {
              "timeout": 45000,
              "annotations": [],
              "expectedStatus": "passed",
              "projectId": "mobile",
              "projectName": "mobile",
              "results": [],
              "status": "skipped"
            }
          ],
          "id": "91a35f5b3855fc3e97c8-8bbacb65158dcffb5bd7",
          "file": "gui-m0-home-parity.spec.mjs",
          "line": 80,
          "column": 3
        },
        {
          "title": "daily circuit has 3 complete columns at 979px with visible keyboard focus and no overflow",
          "ok": true,
          "tags": [],
          "tests": [
            {
              "timeout": 45000,
              "annotations": [],
              "expectedStatus": "passed",
              "projectId": "mobile",
              "projectName": "mobile",
              "results": [],
              "status": "skipped"
            }
          ],
          "id": "91a35f5b3855fc3e97c8-e3a17986107a26ddf2fa",
          "file": "gui-m0-home-parity.spec.mjs",
          "line": 80,
          "column": 3
        },
        {
          "title": "daily circuit has 6 complete columns at 980px with visible keyboard focus and no overflow",
          "ok": true,
          "tags": [],
          "tests": [
            {
              "timeout": 45000,
              "annotations": [],
              "expectedStatus": "passed",
              "projectId": "mobile",
              "projectName": "mobile",
              "results": [],
              "status": "skipped"
            }
          ],
          "id": "91a35f5b3855fc3e97c8-ae70df7d3bf1584616c3",
          "file": "gui-m0-home-parity.spec.mjs",
          "line": 80,
          "column": 3
        },
        {
          "title": "daily circuit has 6 complete columns at 1280px with visible keyboard focus and no overflow",
          "ok": true,
          "tags": [],
          "tests": [
            {
              "timeout": 45000,
              "annotations": [],
              "expectedStatus": "passed",
              "projectId": "mobile",
              "projectName": "mobile",
              "results": [],
              "status": "skipped"
            }
          ],
          "id": "91a35f5b3855fc3e97c8-9cc056e3d7ba3375a8f6",
          "file": "gui-m0-home-parity.spec.mjs",
          "line": 80,
          "column": 3
        },
        {
          "title": "Home's hero states its actual cultural range under the unchanged accessible brand",
          "ok": true,
          "tags": [],
          "tests": [
            {
              "timeout": 45000,
              "annotations": [],
              "expectedStatus": "passed",
              "projectId": "mobile",
              "projectName": "mobile",
              "results": [],
              "status": "skipped"
            }
          ],
          "id": "91a35f5b3855fc3e97c8-386e40adfd571d969e59",
          "file": "gui-m0-home-parity.spec.mjs",
          "line": 116,
          "column": 1
        },
        {
          "title": "Home shows starter chips only on the two unplayed derived cards",
          "ok": true,
          "tags": [],
          "tests": [
            {
              "timeout": 45000,
              "annotations": [],
              "expectedStatus": "passed",
              "projectId": "mobile",
              "projectName": "mobile",
              "results": [],
              "status": "skipped"
            }
          ],
          "id": "91a35f5b3855fc3e97c8-5a829d6993d6fd6413be",
          "file": "gui-m0-home-parity.spec.mjs",
          "line": 124,
          "column": 3
        },
        {
          "title": "Home removes both derived starter chips for explicit local graduation history",
          "ok": true,
          "tags": [],
          "tests": [
            {
              "timeout": 45000,
              "annotations": [],
              "expectedStatus": "passed",
              "projectId": "mobile",
              "projectName": "mobile",
              "results": [],
              "status": "skipped"
            }
          ],
          "id": "91a35f5b3855fc3e97c8-65ba506d1c554a71daae",
          "file": "gui-m0-home-parity.spec.mjs",
          "line": 124,
          "column": 3
        },
        {
          "title": "the actual served build keeps optional account/game chunks outside static imports while binding emitted bytes",
          "ok": true,
          "tags": [],
          "tests": [
            {
              "timeout": 45000,
              "annotations": [],
              "expectedStatus": "passed",
              "projectId": "mobile",
              "projectName": "mobile",
              "results": [],
              "status": "skipped"
            }
          ],
          "id": "91a35f5b3855fc3e97c8-15279d284eaa9da7e601",
          "file": "gui-m0-home-parity.spec.mjs",
          "line": 166,
          "column": 1
        }
      ]
    },
    {
      "title": "gui-m0-lant-parity.spec.mjs",
      "file": "gui-m0-lant-parity.spec.mjs",
      "column": 0,
      "line": 0,
      "specs": [
        {
          "title": "Lanț intro disclosure is optional, keyboard operated and states all four rules",
          "ok": true,
          "tags": [],
          "tests": [
            {
              "timeout": 45000,
              "annotations": [],
              "expectedStatus": "passed",
              "projectId": "desktop",
              "projectName": "desktop",
              "results": [],
              "status": "skipped"
            }
          ],
          "id": "de1b57317d598fd9a416-0c1fe36090836a85d608",
          "file": "gui-m0-lant-parity.spec.mjs",
          "line": 77,
          "column": 1
        },
        {
          "title": "a genuinely corrected winning hop retains the server's spelling message in the result",
          "ok": true,
          "tags": [],
          "tests": [
            {
              "timeout": 45000,
              "annotations": [],
              "expectedStatus": "passed",
              "projectId": "desktop",
              "projectName": "desktop",
              "results": [],
              "status": "skipped"
            }
          ],
          "id": "de1b57317d598fd9a416-81e9380f5638cfd378d3",
          "file": "gui-m0-lant-parity.spec.mjs",
          "line": 107,
          "column": 1
        },
        {
          "title": "two real farther hops recommend the existing free undo and undo clears the cue",
          "ok": true,
          "tags": [],
          "tests": [
            {
              "timeout": 45000,
              "annotations": [],
              "expectedStatus": "passed",
              "projectId": "desktop",
              "projectName": "desktop",
              "results": [],
              "status": "skipped"
            }
          ],
          "id": "de1b57317d598fd9a416-9e64177cf05a19ff863d",
          "file": "gui-m0-lant-parity.spec.mjs",
          "line": 131,
          "column": 1
        },
        {
          "title": "normal difficulty renders real server progress without inventing an easy-only recommendation",
          "ok": true,
          "tags": [],
          "tests": [
            {
              "timeout": 45000,
              "annotations": [],
              "expectedStatus": "passed",
              "projectId": "desktop",
              "projectName": "desktop",
              "results": [],
              "status": "skipped"
            }
          ],
          "id": "de1b57317d598fd9a416-f73876458af8ba7021ce",
          "file": "gui-m0-lant-parity.spec.mjs",
          "line": 167,
          "column": 1
        },
        {
          "title": "a server-earned backtrack hint highlights free undo and clears when a real hop is undone",
          "ok": true,
          "tags": [],
          "tests": [
            {
              "timeout": 45000,
              "annotations": [],
              "expectedStatus": "passed",
              "projectId": "desktop",
              "projectName": "desktop",
              "results": [],
              "status": "skipped"
            }
          ],
          "id": "de1b57317d598fd9a416-17bfbb92a32f93f43fac",
          "file": "gui-m0-lant-parity.spec.mjs",
          "line": 185,
          "column": 1
        },
        {
          "title": "optimal win uses authoritative hop counts in recap, round details and copied result",
          "ok": true,
          "tags": [],
          "tests": [
            {
              "timeout": 45000,
              "annotations": [],
              "expectedStatus": "passed",
              "projectId": "desktop",
              "projectName": "desktop",
              "results": [],
              "status": "skipped"
            }
          ],
          "id": "de1b57317d598fd9a416-9def063d3f7fc2dabc7c",
          "file": "gui-m0-lant-parity.spec.mjs",
          "line": 237,
          "column": 3
        },
        {
          "title": "detour win uses authoritative hop counts in recap, round details and copied result",
          "ok": true,
          "tags": [],
          "tests": [
            {
              "timeout": 45000,
              "annotations": [],
              "expectedStatus": "passed",
              "projectId": "desktop",
              "projectName": "desktop",
              "results": [],
              "status": "skipped"
            }
          ],
          "id": "de1b57317d598fd9a416-566311e522ca70bddc99",
          "file": "gui-m0-lant-parity.spec.mjs",
          "line": 237,
          "column": 3
        },
        {
          "title": "Lanț intro disclosure is optional, keyboard operated and states all four rules",
          "ok": true,
          "tags": [],
          "tests": [
            {
              "timeout": 45000,
              "annotations": [],
              "expectedStatus": "passed",
              "projectId": "mobile",
              "projectName": "mobile",
              "results": [],
              "status": "skipped"
            }
          ],
          "id": "de1b57317d598fd9a416-1c40e12e07ddfa4ae877",
          "file": "gui-m0-lant-parity.spec.mjs",
          "line": 77,
          "column": 1
        },
        {
          "title": "a genuinely corrected winning hop retains the server's spelling message in the result",
          "ok": true,
          "tags": [],
          "tests": [
            {
              "timeout": 45000,
              "annotations": [],
              "expectedStatus": "passed",
              "projectId": "mobile",
              "projectName": "mobile",
              "results": [],
              "status": "skipped"
            }
          ],
          "id": "de1b57317d598fd9a416-7551765ddad0285fb3a4",
          "file": "gui-m0-lant-parity.spec.mjs",
          "line": 107,
          "column": 1
        },
        {
          "title": "two real farther hops recommend the existing free undo and undo clears the cue",
          "ok": true,
          "tags": [],
          "tests": [
            {
              "timeout": 45000,
              "annotations": [],
              "expectedStatus": "passed",
              "projectId": "mobile",
              "projectName": "mobile",
              "results": [],
              "status": "skipped"
            }
          ],
          "id": "de1b57317d598fd9a416-94c0fa2f61ecb6008539",
          "file": "gui-m0-lant-parity.spec.mjs",
          "line": 131,
          "column": 1
        },
        {
          "title": "normal difficulty renders real server progress without inventing an easy-only recommendation",
          "ok": true,
          "tags": [],
          "tests": [
            {
              "timeout": 45000,
              "annotations": [],
              "expectedStatus": "passed",
              "projectId": "mobile",
              "projectName": "mobile",
              "results": [],
              "status": "skipped"
            }
          ],
          "id": "de1b57317d598fd9a416-bdd13fe8466803cf6c7e",
          "file": "gui-m0-lant-parity.spec.mjs",
          "line": 167,
          "column": 1
        },
        {
          "title": "a server-earned backtrack hint highlights free undo and clears when a real hop is undone",
          "ok": true,
          "tags": [],
          "tests": [
            {
              "timeout": 45000,
              "annotations": [],
              "expectedStatus": "passed",
              "projectId": "mobile",
              "projectName": "mobile",
              "results": [],
              "status": "skipped"
            }
          ],
          "id": "de1b57317d598fd9a416-2f9f1ce829f2f5d04d62",
          "file": "gui-m0-lant-parity.spec.mjs",
          "line": 185,
          "column": 1
        },
        {
          "title": "optimal win uses authoritative hop counts in recap, round details and copied result",
          "ok": true,
          "tags": [],
          "tests": [
            {
              "timeout": 45000,
              "annotations": [],
              "expectedStatus": "passed",
              "projectId": "mobile",
              "projectName": "mobile",
              "results": [],
              "status": "skipped"
            }
          ],
          "id": "de1b57317d598fd9a416-c701bbb3ebea834c9af8",
          "file": "gui-m0-lant-parity.spec.mjs",
          "line": 237,
          "column": 3
        },
        {
          "title": "detour win uses authoritative hop counts in recap, round details and copied result",
          "ok": true,
          "tags": [],
          "tests": [
            {
              "timeout": 45000,
              "annotations": [],
              "expectedStatus": "passed",
              "projectId": "mobile",
              "projectName": "mobile",
              "results": [],
              "status": "skipped"
            }
          ],
          "id": "de1b57317d598fd9a416-747bed15f594d728d465",
          "file": "gui-m0-lant-parity.spec.mjs",
          "line": 237,
          "column": 3
        }
      ]
    },
    {
      "title": "gui-m0-replacement-parity.spec.mjs",
      "file": "gui-m0-replacement-parity.spec.mjs",
      "column": 0,
      "line": 0,
      "specs": [
        {
          "title": "an eligible fictional adult uploads private rows by POST without restoring injected history or receipts",
          "ok": true,
          "tags": [],
          "tests": [
            {
              "timeout": 45000,
              "annotations": [],
              "expectedStatus": "passed",
              "projectId": "desktop",
              "projectName": "desktop",
              "results": [],
              "status": "skipped"
            }
          ],
          "id": "66551dc33c42639d0672-b904bae69a7c101aeaa4",
          "file": "gui-m0-replacement-parity.spec.mjs",
          "line": 67,
          "column": 1
        },
        {
          "title": "Home keeps the exact six-card order and sole Intrusul highlight without an empty history wall",
          "ok": true,
          "tags": [],
          "tests": [
            {
              "timeout": 45000,
              "annotations": [],
              "expectedStatus": "passed",
              "projectId": "desktop",
              "projectName": "desktop",
              "results": [],
              "status": "skipped"
            }
          ],
          "id": "66551dc33c42639d0672-4141986a42f5a8169988",
          "file": "gui-m0-replacement-parity.spec.mjs",
          "line": 125,
          "column": 1
        },
        {
          "title": "Home shows actual retained history instead of its first-play import action",
          "ok": true,
          "tags": [],
          "tests": [
            {
              "timeout": 45000,
              "annotations": [],
              "expectedStatus": "passed",
              "projectId": "desktop",
              "projectName": "desktop",
              "results": [],
              "status": "skipped"
            }
          ],
          "id": "66551dc33c42639d0672-c8130bfed76b3d60abc1",
          "file": "gui-m0-replacement-parity.spec.mjs",
          "line": 146,
          "column": 1
        },
        {
          "title": "Home retains one whole card column and a usable import control at 320px",
          "ok": true,
          "tags": [],
          "tests": [
            {
              "timeout": 45000,
              "annotations": [],
              "expectedStatus": "passed",
              "projectId": "desktop",
              "projectName": "desktop",
              "results": [],
              "status": "skipped"
            }
          ],
          "id": "66551dc33c42639d0672-54ce4cde52dbce5e6bf4",
          "file": "gui-m0-replacement-parity.spec.mjs",
          "line": 159,
          "column": 3
        },
        {
          "title": "Home retains one whole card column and a usable import control at 390px",
          "ok": true,
          "tags": [],
          "tests": [
            {
              "timeout": 45000,
              "annotations": [],
              "expectedStatus": "passed",
              "projectId": "desktop",
              "projectName": "desktop",
              "results": [],
              "status": "skipped"
            }
          ],
          "id": "66551dc33c42639d0672-11fbf3672a68371a4752",
          "file": "gui-m0-replacement-parity.spec.mjs",
          "line": 159,
          "column": 3
        },
        {
          "title": "Home retains one whole card column and a usable import control at 640px",
          "ok": true,
          "tags": [],
          "tests": [
            {
              "timeout": 45000,
              "annotations": [],
              "expectedStatus": "passed",
              "projectId": "desktop",
              "projectName": "desktop",
              "results": [],
              "status": "skipped"
            }
          ],
          "id": "66551dc33c42639d0672-bd7dcffc90340b4bffdf",
          "file": "gui-m0-replacement-parity.spec.mjs",
          "line": 159,
          "column": 3
        },
        {
          "title": "intrusul sends starter state and the actual previous free ID on immediate replay",
          "ok": true,
          "tags": [],
          "tests": [
            {
              "timeout": 45000,
              "annotations": [],
              "expectedStatus": "passed",
              "projectId": "desktop",
              "projectName": "desktop",
              "results": [],
              "status": "skipped"
            }
          ],
          "id": "66551dc33c42639d0672-59d7fcc6e8bb281e2215",
          "file": "gui-m0-replacement-parity.spec.mjs",
          "line": 182,
          "column": 3
        },
        {
          "title": "intrusul retains its actual completed free ID across Home reload for the next free start",
          "ok": true,
          "tags": [],
          "tests": [
            {
              "timeout": 45000,
              "annotations": [],
              "expectedStatus": "passed",
              "projectId": "desktop",
              "projectName": "desktop",
              "results": [],
              "status": "skipped"
            }
          ],
          "id": "66551dc33c42639d0672-b21b51180f74d6304d8d",
          "file": "gui-m0-replacement-parity.spec.mjs",
          "line": 204,
          "column": 3
        },
        {
          "title": "intrusul omits personalization for a daily even when a completed free ID is remembered",
          "ok": true,
          "tags": [],
          "tests": [
            {
              "timeout": 45000,
              "annotations": [],
              "expectedStatus": "passed",
              "projectId": "desktop",
              "projectName": "desktop",
              "results": [],
              "status": "skipped"
            }
          ],
          "id": "66551dc33c42639d0672-299ffb0d0f78e980e897",
          "file": "gui-m0-replacement-parity.spec.mjs",
          "line": 222,
          "column": 3
        },
        {
          "title": "perechi sends starter state and the actual previous free ID on immediate replay",
          "ok": true,
          "tags": [],
          "tests": [
            {
              "timeout": 45000,
              "annotations": [],
              "expectedStatus": "passed",
              "projectId": "desktop",
              "projectName": "desktop",
              "results": [],
              "status": "skipped"
            }
          ],
          "id": "66551dc33c42639d0672-4ba9062d07131e64fcce",
          "file": "gui-m0-replacement-parity.spec.mjs",
          "line": 182,
          "column": 3
        },
        {
          "title": "perechi retains its actual completed free ID across Home reload for the next free start",
          "ok": true,
          "tags": [],
          "tests": [
            {
              "timeout": 45000,
              "annotations": [],
              "expectedStatus": "passed",
              "projectId": "desktop",
              "projectName": "desktop",
              "results": [],
              "status": "skipped"
            }
          ],
          "id": "66551dc33c42639d0672-150b77d9b0d788c31f07",
          "file": "gui-m0-replacement-parity.spec.mjs",
          "line": 204,
          "column": 3
        },
        {
          "title": "perechi omits personalization for a daily even when a completed free ID is remembered",
          "ok": true,
          "tags": [],
          "tests": [
            {
              "timeout": 45000,
              "annotations": [],
              "expectedStatus": "passed",
              "projectId": "desktop",
              "projectName": "desktop",
              "results": [],
              "status": "skipped"
            }
          ],
          "id": "66551dc33c42639d0672-9e19fba16b2deced725f",
          "file": "gui-m0-replacement-parity.spec.mjs",
          "line": 222,
          "column": 3
        },
        {
          "title": "an eligible fictional adult uploads private rows by POST without restoring injected history or receipts",
          "ok": true,
          "tags": [],
          "tests": [
            {
              "timeout": 45000,
              "annotations": [],
              "expectedStatus": "passed",
              "projectId": "mobile",
              "projectName": "mobile",
              "results": [],
              "status": "skipped"
            }
          ],
          "id": "66551dc33c42639d0672-100289b8eba7b120925d",
          "file": "gui-m0-replacement-parity.spec.mjs",
          "line": 67,
          "column": 1
        },
        {
          "title": "Home keeps the exact six-card order and sole Intrusul highlight without an empty history wall",
          "ok": true,
          "tags": [],
          "tests": [
            {
              "timeout": 45000,
              "annotations": [],
              "expectedStatus": "passed",
              "projectId": "mobile",
              "projectName": "mobile",
              "results": [],
              "status": "skipped"
            }
          ],
          "id": "66551dc33c42639d0672-d9083a92039c79de5427",
          "file": "gui-m0-replacement-parity.spec.mjs",
          "line": 125,
          "column": 1
        },
        {
          "title": "Home shows actual retained history instead of its first-play import action",
          "ok": true,
          "tags": [],
          "tests": [
            {
              "timeout": 45000,
              "annotations": [],
              "expectedStatus": "passed",
              "projectId": "mobile",
              "projectName": "mobile",
              "results": [],
              "status": "skipped"
            }
          ],
          "id": "66551dc33c42639d0672-1a9aaac7dff112c879d1",
          "file": "gui-m0-replacement-parity.spec.mjs",
          "line": 146,
          "column": 1
        },
        {
          "title": "Home retains one whole card column and a usable import control at 320px",
          "ok": true,
          "tags": [],
          "tests": [
            {
              "timeout": 45000,
              "annotations": [],
              "expectedStatus": "passed",
              "projectId": "mobile",
              "projectName": "mobile",
              "results": [],
              "status": "skipped"
            }
          ],
          "id": "66551dc33c42639d0672-7a7a18b1a22905f05cba",
          "file": "gui-m0-replacement-parity.spec.mjs",
          "line": 159,
          "column": 3
        },
        {
          "title": "Home retains one whole card column and a usable import control at 390px",
          "ok": true,
          "tags": [],
          "tests": [
            {
              "timeout": 45000,
              "annotations": [],
              "expectedStatus": "passed",
              "projectId": "mobile",
              "projectName": "mobile",
              "results": [],
              "status": "skipped"
            }
          ],
          "id": "66551dc33c42639d0672-07904f91cb4e05a75909",
          "file": "gui-m0-replacement-parity.spec.mjs",
          "line": 159,
          "column": 3
        },
        {
          "title": "Home retains one whole card column and a usable import control at 640px",
          "ok": true,
          "tags": [],
          "tests": [
            {
              "timeout": 45000,
              "annotations": [],
              "expectedStatus": "passed",
              "projectId": "mobile",
              "projectName": "mobile",
              "results": [],
              "status": "skipped"
            }
          ],
          "id": "66551dc33c42639d0672-98f5f5e1e61e1d43603c",
          "file": "gui-m0-replacement-parity.spec.mjs",
          "line": 159,
          "column": 3
        },
        {
          "title": "intrusul sends starter state and the actual previous free ID on immediate replay",
          "ok": true,
          "tags": [],
          "tests": [
            {
              "timeout": 45000,
              "annotations": [],
              "expectedStatus": "passed",
              "projectId": "mobile",
              "projectName": "mobile",
              "results": [],
              "status": "skipped"
            }
          ],
          "id": "66551dc33c42639d0672-21aa6b89257af3bbffed",
          "file": "gui-m0-replacement-parity.spec.mjs",
          "line": 182,
          "column": 3
        },
        {
          "title": "intrusul retains its actual completed free ID across Home reload for the next free start",
          "ok": true,
          "tags": [],
          "tests": [
            {
              "timeout": 45000,
              "annotations": [],
              "expectedStatus": "passed",
              "projectId": "mobile",
              "projectName": "mobile",
              "results": [],
              "status": "skipped"
            }
          ],
          "id": "66551dc33c42639d0672-d76a8d1a379029a435bd",
          "file": "gui-m0-replacement-parity.spec.mjs",
          "line": 204,
          "column": 3
        },
        {
          "title": "intrusul omits personalization for a daily even when a completed free ID is remembered",
          "ok": true,
          "tags": [],
          "tests": [
            {
              "timeout": 45000,
              "annotations": [],
              "expectedStatus": "passed",
              "projectId": "mobile",
              "projectName": "mobile",
              "results": [],
              "status": "skipped"
            }
          ],
          "id": "66551dc33c42639d0672-2a7b414eea96def6f1c9",
          "file": "gui-m0-replacement-parity.spec.mjs",
          "line": 222,
          "column": 3
        },
        {
          "title": "perechi sends starter state and the actual previous free ID on immediate replay",
          "ok": true,
          "tags": [],
          "tests": [
            {
              "timeout": 45000,
              "annotations": [],
              "expectedStatus": "passed",
              "projectId": "mobile",
              "projectName": "mobile",
              "results": [],
              "status": "skipped"
            }
          ],
          "id": "66551dc33c42639d0672-eb7bba3881152a830a28",
          "file": "gui-m0-replacement-parity.spec.mjs",
          "line": 182,
          "column": 3
        },
        {
          "title": "perechi retains its actual completed free ID across Home reload for the next free start",
          "ok": true,
          "tags": [],
          "tests": [
            {
              "timeout": 45000,
              "annotations": [],
              "expectedStatus": "passed",
              "projectId": "mobile",
              "projectName": "mobile",
              "results": [],
              "status": "skipped"
            }
          ],
          "id": "66551dc33c42639d0672-37e8538f964d68e35995",
          "file": "gui-m0-replacement-parity.spec.mjs",
          "line": 204,
          "column": 3
        },
        {
          "title": "perechi omits personalization for a daily even when a completed free ID is remembered",
          "ok": true,
          "tags": [],
          "tests": [
            {
              "timeout": 45000,
              "annotations": [],
              "expectedStatus": "passed",
              "projectId": "mobile",
              "projectName": "mobile",
              "results": [],
              "status": "skipped"
            }
          ],
          "id": "66551dc33c42639d0672-309796468f33f5c0c467",
          "file": "gui-m0-replacement-parity.spec.mjs",
          "line": 222,
          "column": 3
        }
      ]
    },
    {
      "title": "gui-replacement-contracts.spec.mjs",
      "file": "gui-replacement-contracts.spec.mjs",
      "column": 0,
      "line": 0,
      "specs": [
        {
          "title": "ranking clears old rows, announces a held failure and retries the selected game once",
          "ok": true,
          "tags": [],
          "tests": [
            {
              "timeout": 45000,
              "annotations": [],
              "expectedStatus": "passed",
              "projectId": "desktop",
              "projectName": "desktop",
              "results": [],
              "status": "skipped"
            }
          ],
          "id": "1cde52269eedbbbb54a0-159b16341eef0511b800",
          "file": "gui-replacement-contracts.spec.mjs",
          "line": 41,
          "column": 1
        },
        {
          "title": "an unavailable ranking offers Home instead of an ineffective retry",
          "ok": true,
          "tags": [],
          "tests": [
            {
              "timeout": 45000,
              "annotations": [],
              "expectedStatus": "passed",
              "projectId": "desktop",
              "projectName": "desktop",
              "results": [],
              "status": "skipped"
            }
          ],
          "id": "1cde52269eedbbbb54a0-76c3b925980363c91ef3",
          "file": "gui-replacement-contracts.spec.mjs",
          "line": 87,
          "column": 1
        },
        {
          "title": "ranking identifies the viewer by is_me and retains an off-list self card despite tied ranks",
          "ok": true,
          "tags": [],
          "tests": [
            {
              "timeout": 45000,
              "annotations": [],
              "expectedStatus": "passed",
              "projectId": "desktop",
              "projectName": "desktop",
              "results": [],
              "status": "skipped"
            }
          ],
          "id": "1cde52269eedbbbb54a0-59367b82094b44f7f98f",
          "file": "gui-replacement-contracts.spec.mjs",
          "line": 106,
          "column": 1
        },
        {
          "title": "a private account name cannot enable public ranking without explicit nonblank nickname consent",
          "ok": true,
          "tags": [],
          "tests": [
            {
              "timeout": 45000,
              "annotations": [],
              "expectedStatus": "passed",
              "projectId": "desktop",
              "projectName": "desktop",
              "results": [],
              "status": "skipped"
            }
          ],
          "id": "1cde52269eedbbbb54a0-12645203f61eb5322827",
          "file": "gui-replacement-contracts.spec.mjs",
          "line": 146,
          "column": 1
        },
        {
          "title": "Home renders a local 0-day streak with Romanian copy and no history write",
          "ok": true,
          "tags": [],
          "tests": [
            {
              "timeout": 45000,
              "annotations": [],
              "expectedStatus": "passed",
              "projectId": "desktop",
              "projectName": "desktop",
              "results": [],
              "status": "skipped"
            }
          ],
          "id": "1cde52269eedbbbb54a0-44070b93e069ce52f4ba",
          "file": "gui-replacement-contracts.spec.mjs",
          "line": 188,
          "column": 3
        },
        {
          "title": "Home renders a local 1-day streak with Romanian copy and no history write",
          "ok": true,
          "tags": [],
          "tests": [
            {
              "timeout": 45000,
              "annotations": [],
              "expectedStatus": "passed",
              "projectId": "desktop",
              "projectName": "desktop",
              "results": [],
              "status": "skipped"
            }
          ],
          "id": "1cde52269eedbbbb54a0-ff75158b19e5c0f7b2b1",
          "file": "gui-replacement-contracts.spec.mjs",
          "line": 188,
          "column": 3
        },
        {
          "title": "Home renders a local 3-day streak with Romanian copy and no history write",
          "ok": true,
          "tags": [],
          "tests": [
            {
              "timeout": 45000,
              "annotations": [],
              "expectedStatus": "passed",
              "projectId": "desktop",
              "projectName": "desktop",
              "results": [],
              "status": "skipped"
            }
          ],
          "id": "1cde52269eedbbbb54a0-d21165b1e1f2be92a727",
          "file": "gui-replacement-contracts.spec.mjs",
          "line": 188,
          "column": 3
        },
        {
          "title": "Home with five completed games keeps one daily playable and hides the diploma",
          "ok": true,
          "tags": [],
          "tests": [
            {
              "timeout": 45000,
              "annotations": [],
              "expectedStatus": "passed",
              "projectId": "desktop",
              "projectName": "desktop",
              "results": [],
              "status": "skipped"
            }
          ],
          "id": "1cde52269eedbbbb54a0-4cc0da246ab3f5610cdf",
          "file": "gui-replacement-contracts.spec.mjs",
          "line": 218,
          "column": 3
        },
        {
          "title": "Home grants its local diploma for six completions including a zero-point game",
          "ok": true,
          "tags": [],
          "tests": [
            {
              "timeout": 45000,
              "annotations": [],
              "expectedStatus": "passed",
              "projectId": "desktop",
              "projectName": "desktop",
              "results": [],
              "status": "skipped"
            }
          ],
          "id": "1cde52269eedbbbb54a0-b305b48140e7206c0706",
          "file": "gui-replacement-contracts.spec.mjs",
          "line": 218,
          "column": 3
        },
        {
          "title": "ranking clears old rows, announces a held failure and retries the selected game once",
          "ok": true,
          "tags": [],
          "tests": [
            {
              "timeout": 45000,
              "annotations": [],
              "expectedStatus": "passed",
              "projectId": "mobile",
              "projectName": "mobile",
              "results": [],
              "status": "skipped"
            }
          ],
          "id": "1cde52269eedbbbb54a0-0b4d30fa5b92f1506673",
          "file": "gui-replacement-contracts.spec.mjs",
          "line": 41,
          "column": 1
        },
        {
          "title": "an unavailable ranking offers Home instead of an ineffective retry",
          "ok": true,
          "tags": [],
          "tests": [
            {
              "timeout": 45000,
              "annotations": [],
              "expectedStatus": "passed",
              "projectId": "mobile",
              "projectName": "mobile",
              "results": [],
              "status": "skipped"
            }
          ],
          "id": "1cde52269eedbbbb54a0-aa10bbf5c2b2a513915c",
          "file": "gui-replacement-contracts.spec.mjs",
          "line": 87,
          "column": 1
        },
        {
          "title": "ranking identifies the viewer by is_me and retains an off-list self card despite tied ranks",
          "ok": true,
          "tags": [],
          "tests": [
            {
              "timeout": 45000,
              "annotations": [],
              "expectedStatus": "passed",
              "projectId": "mobile",
              "projectName": "mobile",
              "results": [],
              "status": "skipped"
            }
          ],
          "id": "1cde52269eedbbbb54a0-44ba2b55639b3bfcb60e",
          "file": "gui-replacement-contracts.spec.mjs",
          "line": 106,
          "column": 1
        },
        {
          "title": "a private account name cannot enable public ranking without explicit nonblank nickname consent",
          "ok": true,
          "tags": [],
          "tests": [
            {
              "timeout": 45000,
              "annotations": [],
              "expectedStatus": "passed",
              "projectId": "mobile",
              "projectName": "mobile",
              "results": [],
              "status": "skipped"
            }
          ],
          "id": "1cde52269eedbbbb54a0-a8755cb86407f58a91f8",
          "file": "gui-replacement-contracts.spec.mjs",
          "line": 146,
          "column": 1
        },
        {
          "title": "Home renders a local 0-day streak with Romanian copy and no history write",
          "ok": true,
          "tags": [],
          "tests": [
            {
              "timeout": 45000,
              "annotations": [],
              "expectedStatus": "passed",
              "projectId": "mobile",
              "projectName": "mobile",
              "results": [],
              "status": "skipped"
            }
          ],
          "id": "1cde52269eedbbbb54a0-742a9daa0e87d6e42526",
          "file": "gui-replacement-contracts.spec.mjs",
          "line": 188,
          "column": 3
        },
        {
          "title": "Home renders a local 1-day streak with Romanian copy and no history write",
          "ok": true,
          "tags": [],
          "tests": [
            {
              "timeout": 45000,
              "annotations": [],
              "expectedStatus": "passed",
              "projectId": "mobile",
              "projectName": "mobile",
              "results": [],
              "status": "skipped"
            }
          ],
          "id": "1cde52269eedbbbb54a0-899d341f5d616dd4db0b",
          "file": "gui-replacement-contracts.spec.mjs",
          "line": 188,
          "column": 3
        },
        {
          "title": "Home renders a local 3-day streak with Romanian copy and no history write",
          "ok": true,
          "tags": [],
          "tests": [
            {
              "timeout": 45000,
              "annotations": [],
              "expectedStatus": "passed",
              "projectId": "mobile",
              "projectName": "mobile",
              "results": [],
              "status": "skipped"
            }
          ],
          "id": "1cde52269eedbbbb54a0-5dcb7c429cd573bd3669",
          "file": "gui-replacement-contracts.spec.mjs",
          "line": 188,
          "column": 3
        },
        {
          "title": "Home with five completed games keeps one daily playable and hides the diploma",
          "ok": true,
          "tags": [],
          "tests": [
            {
              "timeout": 45000,
              "annotations": [],
              "expectedStatus": "passed",
              "projectId": "mobile",
              "projectName": "mobile",
              "results": [],
              "status": "skipped"
            }
          ],
          "id": "1cde52269eedbbbb54a0-cfc9a5014a4cc1b8eaa1",
          "file": "gui-replacement-contracts.spec.mjs",
          "line": 218,
          "column": 3
        },
        {
          "title": "Home grants its local diploma for six completions including a zero-point game",
          "ok": true,
          "tags": [],
          "tests": [
            {
              "timeout": 45000,
              "annotations": [],
              "expectedStatus": "passed",
              "projectId": "mobile",
              "projectName": "mobile",
              "results": [],
              "status": "skipped"
            }
          ],
          "id": "1cde52269eedbbbb54a0-655773a80cf955334326",
          "file": "gui-replacement-contracts.spec.mjs",
          "line": 218,
          "column": 3
        }
      ]
    },
    {
      "title": "help.spec.mjs",
      "file": "help.spec.mjs",
      "column": 0,
      "line": 0,
      "specs": [
        {
          "title": "alchimie rules preserve the round and focused choices",
          "ok": true,
          "tags": [],
          "tests": [
            {
              "timeout": 45000,
              "annotations": [],
              "expectedStatus": "passed",
              "projectId": "desktop",
              "projectName": "desktop",
              "results": [],
              "status": "skipped"
            }
          ],
          "id": "ef4a2a11de64b667f5d9-b60a9d169ff158c6d8bc",
          "file": "help.spec.mjs",
          "line": 6,
          "column": 3
        },
        {
          "title": "intrusul rules preserve the round and focused choices",
          "ok": true,
          "tags": [],
          "tests": [
            {
              "timeout": 45000,
              "annotations": [],
              "expectedStatus": "passed",
              "projectId": "desktop",
              "projectName": "desktop",
              "results": [],
              "status": "skipped"
            }
          ],
          "id": "ef4a2a11de64b667f5d9-14c7260dc743e116ee40",
          "file": "help.spec.mjs",
          "line": 6,
          "column": 3
        },
        {
          "title": "perechi rules preserve the round and focused choices",
          "ok": true,
          "tags": [],
          "tests": [
            {
              "timeout": 45000,
              "annotations": [],
              "expectedStatus": "passed",
              "projectId": "desktop",
              "projectName": "desktop",
              "results": [],
              "status": "skipped"
            }
          ],
          "id": "ef4a2a11de64b667f5d9-22fd24e077d0dbf5b454",
          "file": "help.spec.mjs",
          "line": 6,
          "column": 3
        },
        {
          "title": "conexiuni rules preserve the round and focused choices",
          "ok": true,
          "tags": [],
          "tests": [
            {
              "timeout": 45000,
              "annotations": [],
              "expectedStatus": "passed",
              "projectId": "desktop",
              "projectName": "desktop",
              "results": [],
              "status": "skipped"
            }
          ],
          "id": "ef4a2a11de64b667f5d9-25706f7bb84a8c765e08",
          "file": "help.spec.mjs",
          "line": 6,
          "column": 3
        },
        {
          "title": "contexto rules preserve the round and focused choices",
          "ok": true,
          "tags": [],
          "tests": [
            {
              "timeout": 45000,
              "annotations": [],
              "expectedStatus": "passed",
              "projectId": "desktop",
              "projectName": "desktop",
              "results": [],
              "status": "skipped"
            }
          ],
          "id": "ef4a2a11de64b667f5d9-3ca611e7a07df3cf627c",
          "file": "help.spec.mjs",
          "line": 6,
          "column": 3
        },
        {
          "title": "lant rules preserve the round and focused choices",
          "ok": true,
          "tags": [],
          "tests": [
            {
              "timeout": 45000,
              "annotations": [],
              "expectedStatus": "passed",
              "projectId": "desktop",
              "projectName": "desktop",
              "results": [],
              "status": "skipped"
            }
          ],
          "id": "ef4a2a11de64b667f5d9-d20dea5254ddd3a9cf2b",
          "file": "help.spec.mjs",
          "line": 6,
          "column": 3
        },
        {
          "title": "Alchimie shows earned connection directions and keeps them after reload",
          "ok": true,
          "tags": [],
          "tests": [
            {
              "timeout": 45000,
              "annotations": [],
              "expectedStatus": "passed",
              "projectId": "desktop",
              "projectName": "desktop",
              "results": [],
              "status": "skipped"
            }
          ],
          "id": "ef4a2a11de64b667f5d9-7c10470e6038ed9ae6f4",
          "file": "help.spec.mjs",
          "line": 60,
          "column": 1
        },
        {
          "title": "alchimie rules preserve the round and focused choices",
          "ok": true,
          "tags": [],
          "tests": [
            {
              "timeout": 45000,
              "annotations": [],
              "expectedStatus": "passed",
              "projectId": "mobile",
              "projectName": "mobile",
              "results": [],
              "status": "skipped"
            }
          ],
          "id": "ef4a2a11de64b667f5d9-a740b34d872c1c457649",
          "file": "help.spec.mjs",
          "line": 6,
          "column": 3
        },
        {
          "title": "intrusul rules preserve the round and focused choices",
          "ok": true,
          "tags": [],
          "tests": [
            {
              "timeout": 45000,
              "annotations": [],
              "expectedStatus": "passed",
              "projectId": "mobile",
              "projectName": "mobile",
              "results": [],
              "status": "skipped"
            }
          ],
          "id": "ef4a2a11de64b667f5d9-f9bf85eda74bdce91bf4",
          "file": "help.spec.mjs",
          "line": 6,
          "column": 3
        },
        {
          "title": "perechi rules preserve the round and focused choices",
          "ok": true,
          "tags": [],
          "tests": [
            {
              "timeout": 45000,
              "annotations": [],
              "expectedStatus": "passed",
              "projectId": "mobile",
              "projectName": "mobile",
              "results": [],
              "status": "skipped"
            }
          ],
          "id": "ef4a2a11de64b667f5d9-96c8abbb844736c64590",
          "file": "help.spec.mjs",
          "line": 6,
          "column": 3
        },
        {
          "title": "conexiuni rules preserve the round and focused choices",
          "ok": true,
          "tags": [],
          "tests": [
            {
              "timeout": 45000,
              "annotations": [],
              "expectedStatus": "passed",
              "projectId": "mobile",
              "projectName": "mobile",
              "results": [],
              "status": "skipped"
            }
          ],
          "id": "ef4a2a11de64b667f5d9-b1fe282f8e840fc184e1",
          "file": "help.spec.mjs",
          "line": 6,
          "column": 3
        },
        {
          "title": "contexto rules preserve the round and focused choices",
          "ok": true,
          "tags": [],
          "tests": [
            {
              "timeout": 45000,
              "annotations": [],
              "expectedStatus": "passed",
              "projectId": "mobile",
              "projectName": "mobile",
              "results": [],
              "status": "skipped"
            }
          ],
          "id": "ef4a2a11de64b667f5d9-3b22266c0f46ed4c5692",
          "file": "help.spec.mjs",
          "line": 6,
          "column": 3
        },
        {
          "title": "lant rules preserve the round and focused choices",
          "ok": true,
          "tags": [],
          "tests": [
            {
              "timeout": 45000,
              "annotations": [],
              "expectedStatus": "passed",
              "projectId": "mobile",
              "projectName": "mobile",
              "results": [],
              "status": "skipped"
            }
          ],
          "id": "ef4a2a11de64b667f5d9-b2f0cc0d56d7b4d30b66",
          "file": "help.spec.mjs",
          "line": 6,
          "column": 3
        },
        {
          "title": "Alchimie shows earned connection directions and keeps them after reload",
          "ok": true,
          "tags": [],
          "tests": [
            {
              "timeout": 45000,
              "annotations": [],
              "expectedStatus": "passed",
              "projectId": "mobile",
              "projectName": "mobile",
              "results": [],
              "status": "skipped"
            }
          ],
          "id": "ef4a2a11de64b667f5d9-89cbdae0fc2804919c47",
          "file": "help.spec.mjs",
          "line": 60,
          "column": 1
        }
      ]
    },
    {
      "title": "lant-action-recovery.spec.mjs",
      "file": "lant-action-recovery.spec.mjs",
      "column": 0,
      "line": 0,
      "specs": [
        {
          "title": "a lost winning hop adopts the server result and records it once without replay",
          "ok": true,
          "tags": [],
          "tests": [
            {
              "timeout": 45000,
              "annotations": [],
              "expectedStatus": "passed",
              "projectId": "desktop",
              "projectName": "desktop",
              "results": [],
              "status": "skipped"
            }
          ],
          "id": "2b6fe377326af2059dc3-8fa0465f4bcff4635f7a",
          "file": "lant-action-recovery.spec.mjs",
          "line": 98,
          "column": 1
        },
        {
          "title": "a lost earned hint restores the exact stage and resume does not escalate it",
          "ok": true,
          "tags": [],
          "tests": [
            {
              "timeout": 45000,
              "annotations": [],
              "expectedStatus": "passed",
              "projectId": "desktop",
              "projectName": "desktop",
              "results": [],
              "status": "skipped"
            }
          ],
          "id": "2b6fe377326af2059dc3-238a9fd2241467bcdfb6",
          "file": "lant-action-recovery.spec.mjs",
          "line": 119,
          "column": 1
        },
        {
          "title": "a lost undo restores the earlier position and discards help earned at the undone position",
          "ok": true,
          "tags": [],
          "tests": [
            {
              "timeout": 45000,
              "annotations": [],
              "expectedStatus": "passed",
              "projectId": "desktop",
              "projectName": "desktop",
              "results": [],
              "status": "skipped"
            }
          ],
          "id": "2b6fe377326af2059dc3-7b87ad9e7257557d6894",
          "file": "lant-action-recovery.spec.mjs",
          "line": 149,
          "column": 1
        },
        {
          "title": "failed verification locks mutations and its persistent retry only reads",
          "ok": true,
          "tags": [],
          "tests": [
            {
              "timeout": 45000,
              "annotations": [],
              "expectedStatus": "passed",
              "projectId": "desktop",
              "projectName": "desktop",
              "results": [],
              "status": "skipped"
            }
          ],
          "id": "2b6fe377326af2059dc3-27155dcc0c0e7a79d20f",
          "file": "lant-action-recovery.spec.mjs",
          "line": 172,
          "column": 1
        },
        {
          "title": "a failure before commit keeps the input and earned help without an extra request",
          "ok": true,
          "tags": [],
          "tests": [
            {
              "timeout": 45000,
              "annotations": [],
              "expectedStatus": "passed",
              "projectId": "desktop",
              "projectName": "desktop",
              "results": [],
              "status": "skipped"
            }
          ],
          "id": "2b6fe377326af2059dc3-45346c6e071d54666015",
          "file": "lant-action-recovery.spec.mjs",
          "line": 209,
          "column": 1
        },
        {
          "title": "a late winning read cannot adopt or clear another tab's round",
          "ok": true,
          "tags": [],
          "tests": [
            {
              "timeout": 45000,
              "annotations": [],
              "expectedStatus": "passed",
              "projectId": "desktop",
              "projectName": "desktop",
              "results": [],
              "status": "skipped"
            }
          ],
          "id": "2b6fe377326af2059dc3-cbecdf42289f18dc5841",
          "file": "lant-action-recovery.spec.mjs",
          "line": 233,
          "column": 3
        },
        {
          "title": "a late 404 read cannot adopt or clear another tab's round",
          "ok": true,
          "tags": [],
          "tests": [
            {
              "timeout": 45000,
              "annotations": [],
              "expectedStatus": "passed",
              "projectId": "desktop",
              "projectName": "desktop",
              "results": [],
              "status": "skipped"
            }
          ],
          "id": "2b6fe377326af2059dc3-2a961c12136100581f51",
          "file": "lant-action-recovery.spec.mjs",
          "line": 233,
          "column": 3
        },
        {
          "title": "leaving during recovery preserves the old pointer and a late callback cannot overwrite a new screen",
          "ok": true,
          "tags": [],
          "tests": [
            {
              "timeout": 45000,
              "annotations": [],
              "expectedStatus": "passed",
              "projectId": "desktop",
              "projectName": "desktop",
              "results": [],
              "status": "skipped"
            }
          ],
          "id": "2b6fe377326af2059dc3-8ed3c8bc035c73a48f53",
          "file": "lant-action-recovery.spec.mjs",
          "line": 259,
          "column": 1
        },
        {
          "title": "an already different saved pointer pauses before any old-round mutation",
          "ok": true,
          "tags": [],
          "tests": [
            {
              "timeout": 45000,
              "annotations": [],
              "expectedStatus": "passed",
              "projectId": "desktop",
              "projectName": "desktop",
              "results": [],
              "status": "skipped"
            }
          ],
          "id": "2b6fe377326af2059dc3-664f75fbf54efe676c93",
          "file": "lant-action-recovery.spec.mjs",
          "line": 285,
          "column": 1
        },
        {
          "title": "a verified missing owned session returns to setup and clears only that pointer",
          "ok": true,
          "tags": [],
          "tests": [
            {
              "timeout": 45000,
              "annotations": [],
              "expectedStatus": "passed",
              "projectId": "desktop",
              "projectName": "desktop",
              "results": [],
              "status": "skipped"
            }
          ],
          "id": "2b6fe377326af2059dc3-774446680624029bcc7f",
          "file": "lant-action-recovery.spec.mjs",
          "line": 305,
          "column": 1
        },
        {
          "title": "a lost winning hop adopts the server result and records it once without replay",
          "ok": true,
          "tags": [],
          "tests": [
            {
              "timeout": 45000,
              "annotations": [],
              "expectedStatus": "passed",
              "projectId": "mobile",
              "projectName": "mobile",
              "results": [],
              "status": "skipped"
            }
          ],
          "id": "2b6fe377326af2059dc3-9eff459e353e38fb4476",
          "file": "lant-action-recovery.spec.mjs",
          "line": 98,
          "column": 1
        },
        {
          "title": "a lost earned hint restores the exact stage and resume does not escalate it",
          "ok": true,
          "tags": [],
          "tests": [
            {
              "timeout": 45000,
              "annotations": [],
              "expectedStatus": "passed",
              "projectId": "mobile",
              "projectName": "mobile",
              "results": [],
              "status": "skipped"
            }
          ],
          "id": "2b6fe377326af2059dc3-f29bd68c9da5ed8fdc48",
          "file": "lant-action-recovery.spec.mjs",
          "line": 119,
          "column": 1
        },
        {
          "title": "a lost undo restores the earlier position and discards help earned at the undone position",
          "ok": true,
          "tags": [],
          "tests": [
            {
              "timeout": 45000,
              "annotations": [],
              "expectedStatus": "passed",
              "projectId": "mobile",
              "projectName": "mobile",
              "results": [],
              "status": "skipped"
            }
          ],
          "id": "2b6fe377326af2059dc3-953e2ab29845c8022073",
          "file": "lant-action-recovery.spec.mjs",
          "line": 149,
          "column": 1
        },
        {
          "title": "failed verification locks mutations and its persistent retry only reads",
          "ok": true,
          "tags": [],
          "tests": [
            {
              "timeout": 45000,
              "annotations": [],
              "expectedStatus": "passed",
              "projectId": "mobile",
              "projectName": "mobile",
              "results": [],
              "status": "skipped"
            }
          ],
          "id": "2b6fe377326af2059dc3-2b818cf27c2aa67b2a57",
          "file": "lant-action-recovery.spec.mjs",
          "line": 172,
          "column": 1
        },
        {
          "title": "a failure before commit keeps the input and earned help without an extra request",
          "ok": true,
          "tags": [],
          "tests": [
            {
              "timeout": 45000,
              "annotations": [],
              "expectedStatus": "passed",
              "projectId": "mobile",
              "projectName": "mobile",
              "results": [],
              "status": "skipped"
            }
          ],
          "id": "2b6fe377326af2059dc3-75458de894e64a9e3cd0",
          "file": "lant-action-recovery.spec.mjs",
          "line": 209,
          "column": 1
        },
        {
          "title": "a late winning read cannot adopt or clear another tab's round",
          "ok": true,
          "tags": [],
          "tests": [
            {
              "timeout": 45000,
              "annotations": [],
              "expectedStatus": "passed",
              "projectId": "mobile",
              "projectName": "mobile",
              "results": [],
              "status": "skipped"
            }
          ],
          "id": "2b6fe377326af2059dc3-a877d3789fe05b636dbd",
          "file": "lant-action-recovery.spec.mjs",
          "line": 233,
          "column": 3
        },
        {
          "title": "a late 404 read cannot adopt or clear another tab's round",
          "ok": true,
          "tags": [],
          "tests": [
            {
              "timeout": 45000,
              "annotations": [],
              "expectedStatus": "passed",
              "projectId": "mobile",
              "projectName": "mobile",
              "results": [],
              "status": "skipped"
            }
          ],
          "id": "2b6fe377326af2059dc3-1a8ca5fe85077937ef95",
          "file": "lant-action-recovery.spec.mjs",
          "line": 233,
          "column": 3
        },
        {
          "title": "leaving during recovery preserves the old pointer and a late callback cannot overwrite a new screen",
          "ok": true,
          "tags": [],
          "tests": [
            {
              "timeout": 45000,
              "annotations": [],
              "expectedStatus": "passed",
              "projectId": "mobile",
              "projectName": "mobile",
              "results": [],
              "status": "skipped"
            }
          ],
          "id": "2b6fe377326af2059dc3-b00dffc3776b6f1f6949",
          "file": "lant-action-recovery.spec.mjs",
          "line": 259,
          "column": 1
        },
        {
          "title": "an already different saved pointer pauses before any old-round mutation",
          "ok": true,
          "tags": [],
          "tests": [
            {
              "timeout": 45000,
              "annotations": [],
              "expectedStatus": "passed",
              "projectId": "mobile",
              "projectName": "mobile",
              "results": [],
              "status": "skipped"
            }
          ],
          "id": "2b6fe377326af2059dc3-c9e9f4c05139952a6d84",
          "file": "lant-action-recovery.spec.mjs",
          "line": 285,
          "column": 1
        },
        {
          "title": "a verified missing owned session returns to setup and clears only that pointer",
          "ok": true,
          "tags": [],
          "tests": [
            {
              "timeout": 45000,
              "annotations": [],
              "expectedStatus": "passed",
              "projectId": "mobile",
              "projectName": "mobile",
              "results": [],
              "status": "skipped"
            }
          ],
          "id": "2b6fe377326af2059dc3-8eb6c7d3903afebe2d59",
          "file": "lant-action-recovery.spec.mjs",
          "line": 305,
          "column": 1
        }
      ]
    },
    {
      "title": "lant-current-position.spec.mjs",
      "file": "lant-current-position.spec.mjs",
      "column": 0,
      "line": 0,
      "specs": [
        {
          "title": "lant shows the authoritative recovered position while animation frames are paused",
          "ok": true,
          "tags": [],
          "tests": [
            {
              "timeout": 45000,
              "annotations": [],
              "expectedStatus": "passed",
              "projectId": "desktop",
              "projectName": "desktop",
              "results": [],
              "status": "skipped"
            }
          ],
          "id": "8f7fd4126749e9158558-e12e45bec37173ef90f7",
          "file": "lant-current-position.spec.mjs",
          "line": 6,
          "column": 1
        },
        {
          "title": "lant shows the authoritative recovered position while animation frames are paused",
          "ok": true,
          "tags": [],
          "tests": [
            {
              "timeout": 45000,
              "annotations": [],
              "expectedStatus": "passed",
              "projectId": "mobile",
              "projectName": "mobile",
              "results": [],
              "status": "skipped"
            }
          ],
          "id": "8f7fd4126749e9158558-bd0927c439d969a061f8",
          "file": "lant-current-position.spec.mjs",
          "line": 6,
          "column": 1
        }
      ]
    },
    {
      "title": "lant-relationship-captions.spec.mjs",
      "file": "lant-relationship-captions.spec.mjs",
      "column": 0,
      "line": 0,
      "specs": [
        {
          "title": "lt_geografie_239 route 1: meaningful choices survive earned path and reload",
          "ok": true,
          "tags": [],
          "tests": [
            {
              "timeout": 45000,
              "annotations": [],
              "expectedStatus": "passed",
              "projectId": "desktop",
              "projectName": "desktop",
              "results": [],
              "status": "skipped"
            }
          ],
          "id": "1d02f62e4ac19c068220-5b7313194d0c6e5d5c89",
          "file": "lant-relationship-captions.spec.mjs",
          "line": 78,
          "column": 5
        },
        {
          "title": "lt_geografie_239 route 2: meaningful choices survive earned path and reload",
          "ok": true,
          "tags": [],
          "tests": [
            {
              "timeout": 45000,
              "annotations": [],
              "expectedStatus": "passed",
              "projectId": "desktop",
              "projectName": "desktop",
              "results": [],
              "status": "skipped"
            }
          ],
          "id": "1d02f62e4ac19c068220-82a1568929b5c5dd10e9",
          "file": "lant-relationship-captions.spec.mjs",
          "line": 78,
          "column": 5
        },
        {
          "title": "lt_geografie_239 route 3: meaningful choices survive earned path and reload",
          "ok": true,
          "tags": [],
          "tests": [
            {
              "timeout": 45000,
              "annotations": [],
              "expectedStatus": "passed",
              "projectId": "desktop",
              "projectName": "desktop",
              "results": [],
              "status": "skipped"
            }
          ],
          "id": "1d02f62e4ac19c068220-3239a2819937d2c7cf84",
          "file": "lant-relationship-captions.spec.mjs",
          "line": 78,
          "column": 5
        },
        {
          "title": "lt_geografie_239: noun-bearing hints persist without taking a hop",
          "ok": true,
          "tags": [],
          "tests": [
            {
              "timeout": 45000,
              "annotations": [],
              "expectedStatus": "passed",
              "projectId": "desktop",
              "projectName": "desktop",
              "results": [],
              "status": "skipped"
            }
          ],
          "id": "1d02f62e4ac19c068220-a4f2cceab4c0ca6d0ac5",
          "file": "lant-relationship-captions.spec.mjs",
          "line": 150,
          "column": 29
        },
        {
          "title": "lt_literatura_240 route 1: meaningful choices survive earned path and reload",
          "ok": true,
          "tags": [],
          "tests": [
            {
              "timeout": 45000,
              "annotations": [],
              "expectedStatus": "passed",
              "projectId": "desktop",
              "projectName": "desktop",
              "results": [],
              "status": "skipped"
            }
          ],
          "id": "1d02f62e4ac19c068220-8b4bbe74a97e3fdd9212",
          "file": "lant-relationship-captions.spec.mjs",
          "line": 78,
          "column": 5
        },
        {
          "title": "lt_literatura_240 route 2: meaningful choices survive earned path and reload",
          "ok": true,
          "tags": [],
          "tests": [
            {
              "timeout": 45000,
              "annotations": [],
              "expectedStatus": "passed",
              "projectId": "desktop",
              "projectName": "desktop",
              "results": [],
              "status": "skipped"
            }
          ],
          "id": "1d02f62e4ac19c068220-b19d6a83499bfd1c4d3c",
          "file": "lant-relationship-captions.spec.mjs",
          "line": 78,
          "column": 5
        },
        {
          "title": "lt_literatura_240 route 3: meaningful choices survive earned path and reload",
          "ok": true,
          "tags": [],
          "tests": [
            {
              "timeout": 45000,
              "annotations": [],
              "expectedStatus": "passed",
              "projectId": "desktop",
              "projectName": "desktop",
              "results": [],
              "status": "skipped"
            }
          ],
          "id": "1d02f62e4ac19c068220-0e1537a6f575c4e06872",
          "file": "lant-relationship-captions.spec.mjs",
          "line": 78,
          "column": 5
        },
        {
          "title": "lt_literatura_240: noun-bearing hints persist without taking a hop",
          "ok": true,
          "tags": [],
          "tests": [
            {
              "timeout": 45000,
              "annotations": [],
              "expectedStatus": "passed",
              "projectId": "desktop",
              "projectName": "desktop",
              "results": [],
              "status": "skipped"
            }
          ],
          "id": "1d02f62e4ac19c068220-6c82dac0ab7a5bfea9c5",
          "file": "lant-relationship-captions.spec.mjs",
          "line": 150,
          "column": 29
        },
        {
          "title": "lt_gastronomie_241 route 1: meaningful choices survive earned path and reload",
          "ok": true,
          "tags": [],
          "tests": [
            {
              "timeout": 45000,
              "annotations": [],
              "expectedStatus": "passed",
              "projectId": "desktop",
              "projectName": "desktop",
              "results": [],
              "status": "skipped"
            }
          ],
          "id": "1d02f62e4ac19c068220-f72bfa3b648161ed1625",
          "file": "lant-relationship-captions.spec.mjs",
          "line": 78,
          "column": 5
        },
        {
          "title": "lt_gastronomie_241 route 2: meaningful choices survive earned path and reload",
          "ok": true,
          "tags": [],
          "tests": [
            {
              "timeout": 45000,
              "annotations": [],
              "expectedStatus": "passed",
              "projectId": "desktop",
              "projectName": "desktop",
              "results": [],
              "status": "skipped"
            }
          ],
          "id": "1d02f62e4ac19c068220-3902c900da657d2751cb",
          "file": "lant-relationship-captions.spec.mjs",
          "line": 78,
          "column": 5
        },
        {
          "title": "lt_gastronomie_241: noun-bearing hints persist without taking a hop",
          "ok": true,
          "tags": [],
          "tests": [
            {
              "timeout": 45000,
              "annotations": [],
              "expectedStatus": "passed",
              "projectId": "desktop",
              "projectName": "desktop",
              "results": [],
              "status": "skipped"
            }
          ],
          "id": "1d02f62e4ac19c068220-ce8ad98a74d68cc3b028",
          "file": "lant-relationship-captions.spec.mjs",
          "line": 150,
          "column": 29
        },
        {
          "title": "lt_gastronomie_243 route 1: meaningful choices survive earned path and reload",
          "ok": true,
          "tags": [],
          "tests": [
            {
              "timeout": 45000,
              "annotations": [],
              "expectedStatus": "passed",
              "projectId": "desktop",
              "projectName": "desktop",
              "results": [],
              "status": "skipped"
            }
          ],
          "id": "1d02f62e4ac19c068220-8c92333c75d024f169ae",
          "file": "lant-relationship-captions.spec.mjs",
          "line": 78,
          "column": 5
        },
        {
          "title": "lt_gastronomie_243 route 2: meaningful choices survive earned path and reload",
          "ok": true,
          "tags": [],
          "tests": [
            {
              "timeout": 45000,
              "annotations": [],
              "expectedStatus": "passed",
              "projectId": "desktop",
              "projectName": "desktop",
              "results": [],
              "status": "skipped"
            }
          ],
          "id": "1d02f62e4ac19c068220-4c39dc6ba38ea834beb2",
          "file": "lant-relationship-captions.spec.mjs",
          "line": 78,
          "column": 5
        },
        {
          "title": "lt_gastronomie_244 route 1: meaningful choices survive earned path and reload",
          "ok": true,
          "tags": [],
          "tests": [
            {
              "timeout": 45000,
              "annotations": [],
              "expectedStatus": "passed",
              "projectId": "desktop",
              "projectName": "desktop",
              "results": [],
              "status": "skipped"
            }
          ],
          "id": "1d02f62e4ac19c068220-39e441b82e2b7f91cd35",
          "file": "lant-relationship-captions.spec.mjs",
          "line": 78,
          "column": 5
        },
        {
          "title": "lt_gastronomie_244 route 2: meaningful choices survive earned path and reload",
          "ok": true,
          "tags": [],
          "tests": [
            {
              "timeout": 45000,
              "annotations": [],
              "expectedStatus": "passed",
              "projectId": "desktop",
              "projectName": "desktop",
              "results": [],
              "status": "skipped"
            }
          ],
          "id": "1d02f62e4ac19c068220-1cb10abbb845dadbd8da",
          "file": "lant-relationship-captions.spec.mjs",
          "line": 78,
          "column": 5
        },
        {
          "title": "lt_gastronomie_245 route 1: meaningful choices survive earned path and reload",
          "ok": true,
          "tags": [],
          "tests": [
            {
              "timeout": 45000,
              "annotations": [],
              "expectedStatus": "passed",
              "projectId": "desktop",
              "projectName": "desktop",
              "results": [],
              "status": "skipped"
            }
          ],
          "id": "1d02f62e4ac19c068220-5851d1712354df8c0715",
          "file": "lant-relationship-captions.spec.mjs",
          "line": 78,
          "column": 5
        },
        {
          "title": "lt_gastronomie_245 route 2: meaningful choices survive earned path and reload",
          "ok": true,
          "tags": [],
          "tests": [
            {
              "timeout": 45000,
              "annotations": [],
              "expectedStatus": "passed",
              "projectId": "desktop",
              "projectName": "desktop",
              "results": [],
              "status": "skipped"
            }
          ],
          "id": "1d02f62e4ac19c068220-deadc82f20727455162f",
          "file": "lant-relationship-captions.spec.mjs",
          "line": 78,
          "column": 5
        },
        {
          "title": "lt_geografie_239 route 1: meaningful choices survive earned path and reload",
          "ok": true,
          "tags": [],
          "tests": [
            {
              "timeout": 45000,
              "annotations": [],
              "expectedStatus": "passed",
              "projectId": "mobile",
              "projectName": "mobile",
              "results": [],
              "status": "skipped"
            }
          ],
          "id": "1d02f62e4ac19c068220-81128b697bdff5a8f837",
          "file": "lant-relationship-captions.spec.mjs",
          "line": 78,
          "column": 5
        },
        {
          "title": "lt_geografie_239 route 2: meaningful choices survive earned path and reload",
          "ok": true,
          "tags": [],
          "tests": [
            {
              "timeout": 45000,
              "annotations": [],
              "expectedStatus": "passed",
              "projectId": "mobile",
              "projectName": "mobile",
              "results": [],
              "status": "skipped"
            }
          ],
          "id": "1d02f62e4ac19c068220-47f290d0936a63c04c61",
          "file": "lant-relationship-captions.spec.mjs",
          "line": 78,
          "column": 5
        },
        {
          "title": "lt_geografie_239 route 3: meaningful choices survive earned path and reload",
          "ok": true,
          "tags": [],
          "tests": [
            {
              "timeout": 45000,
              "annotations": [],
              "expectedStatus": "passed",
              "projectId": "mobile",
              "projectName": "mobile",
              "results": [],
              "status": "skipped"
            }
          ],
          "id": "1d02f62e4ac19c068220-971009782e9fa56e42be",
          "file": "lant-relationship-captions.spec.mjs",
          "line": 78,
          "column": 5
        },
        {
          "title": "lt_geografie_239: noun-bearing hints persist without taking a hop",
          "ok": true,
          "tags": [],
          "tests": [
            {
              "timeout": 45000,
              "annotations": [],
              "expectedStatus": "passed",
              "projectId": "mobile",
              "projectName": "mobile",
              "results": [],
              "status": "skipped"
            }
          ],
          "id": "1d02f62e4ac19c068220-8c672746498bbc427a17",
          "file": "lant-relationship-captions.spec.mjs",
          "line": 150,
          "column": 29
        },
        {
          "title": "lt_literatura_240 route 1: meaningful choices survive earned path and reload",
          "ok": true,
          "tags": [],
          "tests": [
            {
              "timeout": 45000,
              "annotations": [],
              "expectedStatus": "passed",
              "projectId": "mobile",
              "projectName": "mobile",
              "results": [],
              "status": "skipped"
            }
          ],
          "id": "1d02f62e4ac19c068220-a993ec1ed2ccfe793484",
          "file": "lant-relationship-captions.spec.mjs",
          "line": 78,
          "column": 5
        },
        {
          "title": "lt_literatura_240 route 2: meaningful choices survive earned path and reload",
          "ok": true,
          "tags": [],
          "tests": [
            {
              "timeout": 45000,
              "annotations": [],
              "expectedStatus": "passed",
              "projectId": "mobile",
              "projectName": "mobile",
              "results": [],
              "status": "skipped"
            }
          ],
          "id": "1d02f62e4ac19c068220-46650b7f8bf58fe00261",
          "file": "lant-relationship-captions.spec.mjs",
          "line": 78,
          "column": 5
        },
        {
          "title": "lt_literatura_240 route 3: meaningful choices survive earned path and reload",
          "ok": true,
          "tags": [],
          "tests": [
            {
              "timeout": 45000,
              "annotations": [],
              "expectedStatus": "passed",
              "projectId": "mobile",
              "projectName": "mobile",
              "results": [],
              "status": "skipped"
            }
          ],
          "id": "1d02f62e4ac19c068220-a8e8762530c5d1f167b9",
          "file": "lant-relationship-captions.spec.mjs",
          "line": 78,
          "column": 5
        },
        {
          "title": "lt_literatura_240: noun-bearing hints persist without taking a hop",
          "ok": true,
          "tags": [],
          "tests": [
            {
              "timeout": 45000,
              "annotations": [],
              "expectedStatus": "passed",
              "projectId": "mobile",
              "projectName": "mobile",
              "results": [],
              "status": "skipped"
            }
          ],
          "id": "1d02f62e4ac19c068220-77a95878b9653f87c885",
          "file": "lant-relationship-captions.spec.mjs",
          "line": 150,
          "column": 29
        },
        {
          "title": "lt_gastronomie_241 route 1: meaningful choices survive earned path and reload",
          "ok": true,
          "tags": [],
          "tests": [
            {
              "timeout": 45000,
              "annotations": [],
              "expectedStatus": "passed",
              "projectId": "mobile",
              "projectName": "mobile",
              "results": [],
              "status": "skipped"
            }
          ],
          "id": "1d02f62e4ac19c068220-14a7333b542247cc2b05",
          "file": "lant-relationship-captions.spec.mjs",
          "line": 78,
          "column": 5
        },
        {
          "title": "lt_gastronomie_241 route 2: meaningful choices survive earned path and reload",
          "ok": true,
          "tags": [],
          "tests": [
            {
              "timeout": 45000,
              "annotations": [],
              "expectedStatus": "passed",
              "projectId": "mobile",
              "projectName": "mobile",
              "results": [],
              "status": "skipped"
            }
          ],
          "id": "1d02f62e4ac19c068220-c98f2072a20d3e1b1b35",
          "file": "lant-relationship-captions.spec.mjs",
          "line": 78,
          "column": 5
        },
        {
          "title": "lt_gastronomie_241: noun-bearing hints persist without taking a hop",
          "ok": true,
          "tags": [],
          "tests": [
            {
              "timeout": 45000,
              "annotations": [],
              "expectedStatus": "passed",
              "projectId": "mobile",
              "projectName": "mobile",
              "results": [],
              "status": "skipped"
            }
          ],
          "id": "1d02f62e4ac19c068220-ba868b11001f5538ae5e",
          "file": "lant-relationship-captions.spec.mjs",
          "line": 150,
          "column": 29
        },
        {
          "title": "lt_gastronomie_243 route 1: meaningful choices survive earned path and reload",
          "ok": true,
          "tags": [],
          "tests": [
            {
              "timeout": 45000,
              "annotations": [],
              "expectedStatus": "passed",
              "projectId": "mobile",
              "projectName": "mobile",
              "results": [],
              "status": "skipped"
            }
          ],
          "id": "1d02f62e4ac19c068220-7fca204f9e5c3f27dd0e",
          "file": "lant-relationship-captions.spec.mjs",
          "line": 78,
          "column": 5
        },
        {
          "title": "lt_gastronomie_243 route 2: meaningful choices survive earned path and reload",
          "ok": true,
          "tags": [],
          "tests": [
            {
              "timeout": 45000,
              "annotations": [],
              "expectedStatus": "passed",
              "projectId": "mobile",
              "projectName": "mobile",
              "results": [],
              "status": "skipped"
            }
          ],
          "id": "1d02f62e4ac19c068220-123f49dabe7b005aecb3",
          "file": "lant-relationship-captions.spec.mjs",
          "line": 78,
          "column": 5
        },
        {
          "title": "lt_gastronomie_244 route 1: meaningful choices survive earned path and reload",
          "ok": true,
          "tags": [],
          "tests": [
            {
              "timeout": 45000,
              "annotations": [],
              "expectedStatus": "passed",
              "projectId": "mobile",
              "projectName": "mobile",
              "results": [],
              "status": "skipped"
            }
          ],
          "id": "1d02f62e4ac19c068220-86b28323e102c70b3e7d",
          "file": "lant-relationship-captions.spec.mjs",
          "line": 78,
          "column": 5
        },
        {
          "title": "lt_gastronomie_244 route 2: meaningful choices survive earned path and reload",
          "ok": true,
          "tags": [],
          "tests": [
            {
              "timeout": 45000,
              "annotations": [],
              "expectedStatus": "passed",
              "projectId": "mobile",
              "projectName": "mobile",
              "results": [],
              "status": "skipped"
            }
          ],
          "id": "1d02f62e4ac19c068220-fdc4e8ff4b9ae0324434",
          "file": "lant-relationship-captions.spec.mjs",
          "line": 78,
          "column": 5
        },
        {
          "title": "lt_gastronomie_245 route 1: meaningful choices survive earned path and reload",
          "ok": true,
          "tags": [],
          "tests": [
            {
              "timeout": 45000,
              "annotations": [],
              "expectedStatus": "passed",
              "projectId": "mobile",
              "projectName": "mobile",
              "results": [],
              "status": "skipped"
            }
          ],
          "id": "1d02f62e4ac19c068220-360c35a7b2385513c7da",
          "file": "lant-relationship-captions.spec.mjs",
          "line": 78,
          "column": 5
        },
        {
          "title": "lt_gastronomie_245 route 2: meaningful choices survive earned path and reload",
          "ok": true,
          "tags": [],
          "tests": [
            {
              "timeout": 45000,
              "annotations": [],
              "expectedStatus": "passed",
              "projectId": "mobile",
              "projectName": "mobile",
              "results": [],
              "status": "skipped"
            }
          ],
          "id": "1d02f62e4ac19c068220-abe9148bf7db339dd813",
          "file": "lant-relationship-captions.spec.mjs",
          "line": 78,
          "column": 5
        }
      ]
    },
    {
      "title": "lant-simpler-ui.spec.mjs",
      "file": "lant-simpler-ui.spec.mjs",
      "column": 0,
      "line": 0,
      "specs": [
        {
          "title": "current word, target and all local choices fit before the optional controls",
          "ok": true,
          "tags": [],
          "tests": [
            {
              "timeout": 45000,
              "annotations": [],
              "expectedStatus": "passed",
              "projectId": "desktop",
              "projectName": "desktop",
              "results": [],
              "status": "skipped"
            }
          ],
          "id": "f1ee8b3e6f4b5acdd203-25c6b7761cb8e338ad23",
          "file": "lant-simpler-ui.spec.mjs",
          "line": 21,
          "column": 1
        },
        {
          "title": "one local-choice tap makes one hop without typing or confirmation",
          "ok": true,
          "tags": [],
          "tests": [
            {
              "timeout": 45000,
              "annotations": [],
              "expectedStatus": "passed",
              "projectId": "desktop",
              "projectName": "desktop",
              "results": [],
              "status": "skipped"
            }
          ],
          "id": "f1ee8b3e6f4b5acdd203-a2544cc37cbb50305ec2",
          "file": "lant-simpler-ui.spec.mjs",
          "line": 46,
          "column": 1
        },
        {
          "title": "an exact alternatives hint takes one tap and resume never makes the hop",
          "ok": true,
          "tags": [],
          "tests": [
            {
              "timeout": 45000,
              "annotations": [],
              "expectedStatus": "passed",
              "projectId": "desktop",
              "projectName": "desktop",
              "results": [],
              "status": "skipped"
            }
          ],
          "id": "f1ee8b3e6f4b5acdd203-f5cddfd09298d96c7224",
          "file": "lant-simpler-ui.spec.mjs",
          "line": 64,
          "column": 3
        },
        {
          "title": "an exact hop hint takes one tap and resume never makes the hop",
          "ok": true,
          "tags": [],
          "tests": [
            {
              "timeout": 45000,
              "annotations": [],
              "expectedStatus": "passed",
              "projectId": "desktop",
              "projectName": "desktop",
              "results": [],
              "status": "skipped"
            }
          ],
          "id": "f1ee8b3e6f4b5acdd203-c8ddcf2d1d4a458761fa",
          "file": "lant-simpler-ui.spec.mjs",
          "line": 64,
          "column": 3
        },
        {
          "title": "a delayed exact-hint hop preserves focus moved deliberately to game options",
          "ok": true,
          "tags": [],
          "tests": [
            {
              "timeout": 45000,
              "annotations": [],
              "expectedStatus": "passed",
              "projectId": "desktop",
              "projectName": "desktop",
              "results": [],
              "status": "skipped"
            }
          ],
          "id": "f1ee8b3e6f4b5acdd203-d25be8ac677d6732fdaf",
          "file": "lant-simpler-ui.spec.mjs",
          "line": 108,
          "column": 1
        },
        {
          "title": "keyboard focus follows a consumed hint to a usable next word on either pointer type",
          "ok": true,
          "tags": [],
          "tests": [
            {
              "timeout": 45000,
              "annotations": [],
              "expectedStatus": "passed",
              "projectId": "desktop",
              "projectName": "desktop",
              "results": [],
              "status": "skipped"
            }
          ],
          "id": "f1ee8b3e6f4b5acdd203-9c88dac084e4c2bc3def",
          "file": "lant-simpler-ui.spec.mjs",
          "line": 134,
          "column": 1
        },
        {
          "title": "'Începe alt lanț' abandons the board and re-entering opens the intro, not the old board",
          "ok": true,
          "tags": [],
          "tests": [
            {
              "timeout": 45000,
              "annotations": [],
              "expectedStatus": "passed",
              "projectId": "desktop",
              "projectName": "desktop",
              "results": [],
              "status": "skipped"
            }
          ],
          "id": "f1ee8b3e6f4b5acdd203-b6880236d27a0b816e78",
          "file": "lant-simpler-ui.spec.mjs",
          "line": 153,
          "column": 1
        },
        {
          "title": "current word, target and all local choices fit before the optional controls",
          "ok": true,
          "tags": [],
          "tests": [
            {
              "timeout": 45000,
              "annotations": [],
              "expectedStatus": "passed",
              "projectId": "mobile",
              "projectName": "mobile",
              "results": [],
              "status": "skipped"
            }
          ],
          "id": "f1ee8b3e6f4b5acdd203-0712031205a40ad4fa65",
          "file": "lant-simpler-ui.spec.mjs",
          "line": 21,
          "column": 1
        },
        {
          "title": "one local-choice tap makes one hop without typing or confirmation",
          "ok": true,
          "tags": [],
          "tests": [
            {
              "timeout": 45000,
              "annotations": [],
              "expectedStatus": "passed",
              "projectId": "mobile",
              "projectName": "mobile",
              "results": [],
              "status": "skipped"
            }
          ],
          "id": "f1ee8b3e6f4b5acdd203-7e016ab7ed6b6fcba5ec",
          "file": "lant-simpler-ui.spec.mjs",
          "line": 46,
          "column": 1
        },
        {
          "title": "an exact alternatives hint takes one tap and resume never makes the hop",
          "ok": true,
          "tags": [],
          "tests": [
            {
              "timeout": 45000,
              "annotations": [],
              "expectedStatus": "passed",
              "projectId": "mobile",
              "projectName": "mobile",
              "results": [],
              "status": "skipped"
            }
          ],
          "id": "f1ee8b3e6f4b5acdd203-1b78ab67b971998fc109",
          "file": "lant-simpler-ui.spec.mjs",
          "line": 64,
          "column": 3
        },
        {
          "title": "an exact hop hint takes one tap and resume never makes the hop",
          "ok": true,
          "tags": [],
          "tests": [
            {
              "timeout": 45000,
              "annotations": [],
              "expectedStatus": "passed",
              "projectId": "mobile",
              "projectName": "mobile",
              "results": [],
              "status": "skipped"
            }
          ],
          "id": "f1ee8b3e6f4b5acdd203-a94255c2b29863529624",
          "file": "lant-simpler-ui.spec.mjs",
          "line": 64,
          "column": 3
        },
        {
          "title": "a delayed exact-hint hop preserves focus moved deliberately to game options",
          "ok": true,
          "tags": [],
          "tests": [
            {
              "timeout": 45000,
              "annotations": [],
              "expectedStatus": "passed",
              "projectId": "mobile",
              "projectName": "mobile",
              "results": [],
              "status": "skipped"
            }
          ],
          "id": "f1ee8b3e6f4b5acdd203-9740b12dd4a0b196e074",
          "file": "lant-simpler-ui.spec.mjs",
          "line": 108,
          "column": 1
        },
        {
          "title": "keyboard focus follows a consumed hint to a usable next word on either pointer type",
          "ok": true,
          "tags": [],
          "tests": [
            {
              "timeout": 45000,
              "annotations": [],
              "expectedStatus": "passed",
              "projectId": "mobile",
              "projectName": "mobile",
              "results": [],
              "status": "skipped"
            }
          ],
          "id": "f1ee8b3e6f4b5acdd203-303f19779bd0c2ae079e",
          "file": "lant-simpler-ui.spec.mjs",
          "line": 134,
          "column": 1
        },
        {
          "title": "'Începe alt lanț' abandons the board and re-entering opens the intro, not the old board",
          "ok": true,
          "tags": [],
          "tests": [
            {
              "timeout": 45000,
              "annotations": [],
              "expectedStatus": "passed",
              "projectId": "mobile",
              "projectName": "mobile",
              "results": [],
              "status": "skipped"
            }
          ],
          "id": "f1ee8b3e6f4b5acdd203-7b97984f3a9160d4a542",
          "file": "lant-simpler-ui.spec.mjs",
          "line": 153,
          "column": 1
        }
      ]
    },
    {
      "title": "lifecycle.spec.mjs",
      "file": "lifecycle.spec.mjs",
      "column": 0,
      "line": 0,
      "specs": [
        {
          "title": "intrusul names the last remaining mistake in the singular",
          "ok": true,
          "tags": [],
          "tests": [
            {
              "timeout": 45000,
              "annotations": [],
              "expectedStatus": "passed",
              "projectId": "desktop",
              "projectName": "desktop",
              "results": [],
              "status": "skipped"
            }
          ],
          "id": "fb4497a1828cca8599a3-8cfea40ece29db7c6e04",
          "file": "lifecycle.spec.mjs",
          "line": 131,
          "column": 1
        },
        {
          "title": "intrusul names the last remaining mistake in the singular",
          "ok": true,
          "tags": [],
          "tests": [
            {
              "timeout": 45000,
              "annotations": [],
              "expectedStatus": "passed",
              "projectId": "mobile",
              "projectName": "mobile",
              "results": [],
              "status": "skipped"
            }
          ],
          "id": "fb4497a1828cca8599a3-20eec0c207ad6720489b",
          "file": "lifecycle.spec.mjs",
          "line": 131,
          "column": 1
        }
      ],
      "suites": [
        {
          "title": "alchimie",
          "file": "lifecycle.spec.mjs",
          "line": 45,
          "column": 8,
          "specs": [
            {
              "title": "plays a real seeded round to a server-scored result and replays",
              "ok": true,
              "tags": [],
              "tests": [
                {
                  "timeout": 45000,
                  "annotations": [],
                  "expectedStatus": "passed",
                  "projectId": "desktop",
                  "projectName": "desktop",
                  "results": [],
                  "status": "skipped"
                }
              ],
              "id": "fb4497a1828cca8599a3-e65770e7d29c17f659f2",
              "file": "lifecycle.spec.mjs",
              "line": 50,
              "column": 5
            },
            {
              "title": "preserves earned progress and mistakes through reload",
              "ok": true,
              "tags": [],
              "tests": [
                {
                  "timeout": 45000,
                  "annotations": [],
                  "expectedStatus": "passed",
                  "projectId": "desktop",
                  "projectName": "desktop",
                  "results": [],
                  "status": "skipped"
                }
              ],
              "id": "fb4497a1828cca8599a3-53deea69ed91a8320b57",
              "file": "lifecycle.spec.mjs",
              "line": 71,
              "column": 5
            },
            {
              "title": "recovers an expired saved ID into a playable fresh start",
              "ok": true,
              "tags": [],
              "tests": [
                {
                  "timeout": 45000,
                  "annotations": [],
                  "expectedStatus": "passed",
                  "projectId": "desktop",
                  "projectName": "desktop",
                  "results": [],
                  "status": "skipped"
                }
              ],
              "id": "fb4497a1828cca8599a3-d7eff288fbfe1d5b76dc",
              "file": "lifecycle.spec.mjs",
              "line": 86,
              "column": 5
            },
            {
              "title": "can retry a failed create without leaving the game",
              "ok": true,
              "tags": [],
              "tests": [
                {
                  "timeout": 45000,
                  "annotations": [],
                  "expectedStatus": "passed",
                  "projectId": "desktop",
                  "projectName": "desktop",
                  "results": [],
                  "status": "skipped"
                }
              ],
              "id": "fb4497a1828cca8599a3-ea46ba3821ce8fcd22bc",
              "file": "lifecycle.spec.mjs",
              "line": 98,
              "column": 5
            },
            {
              "title": "keeps a round playable after a failed action and reload",
              "ok": true,
              "tags": [],
              "tests": [
                {
                  "timeout": 45000,
                  "annotations": [],
                  "expectedStatus": "passed",
                  "projectId": "desktop",
                  "projectName": "desktop",
                  "results": [],
                  "status": "skipped"
                }
              ],
              "id": "fb4497a1828cca8599a3-474ee8f06d0a1cd7e572",
              "file": "lifecycle.spec.mjs",
              "line": 115,
              "column": 5
            },
            {
              "title": "plays a real seeded round to a server-scored result and replays",
              "ok": true,
              "tags": [],
              "tests": [
                {
                  "timeout": 45000,
                  "annotations": [],
                  "expectedStatus": "passed",
                  "projectId": "mobile",
                  "projectName": "mobile",
                  "results": [],
                  "status": "skipped"
                }
              ],
              "id": "fb4497a1828cca8599a3-ec589d445b6c9bce5575",
              "file": "lifecycle.spec.mjs",
              "line": 50,
              "column": 5
            },
            {
              "title": "preserves earned progress and mistakes through reload",
              "ok": true,
              "tags": [],
              "tests": [
                {
                  "timeout": 45000,
                  "annotations": [],
                  "expectedStatus": "passed",
                  "projectId": "mobile",
                  "projectName": "mobile",
                  "results": [],
                  "status": "skipped"
                }
              ],
              "id": "fb4497a1828cca8599a3-32e6fd4f07ec08ef68bf",
              "file": "lifecycle.spec.mjs",
              "line": 71,
              "column": 5
            },
            {
              "title": "recovers an expired saved ID into a playable fresh start",
              "ok": true,
              "tags": [],
              "tests": [
                {
                  "timeout": 45000,
                  "annotations": [],
                  "expectedStatus": "passed",
                  "projectId": "mobile",
                  "projectName": "mobile",
                  "results": [],
                  "status": "skipped"
                }
              ],
              "id": "fb4497a1828cca8599a3-02205195bbcf662282d5",
              "file": "lifecycle.spec.mjs",
              "line": 86,
              "column": 5
            },
            {
              "title": "can retry a failed create without leaving the game",
              "ok": true,
              "tags": [],
              "tests": [
                {
                  "timeout": 45000,
                  "annotations": [],
                  "expectedStatus": "passed",
                  "projectId": "mobile",
                  "projectName": "mobile",
                  "results": [],
                  "status": "skipped"
                }
              ],
              "id": "fb4497a1828cca8599a3-d879eb98e6dde738f6f7",
              "file": "lifecycle.spec.mjs",
              "line": 98,
              "column": 5
            },
            {
              "title": "keeps a round playable after a failed action and reload",
              "ok": true,
              "tags": [],
              "tests": [
                {
                  "timeout": 45000,
                  "annotations": [],
                  "expectedStatus": "passed",
                  "projectId": "mobile",
                  "projectName": "mobile",
                  "results": [],
                  "status": "skipped"
                }
              ],
              "id": "fb4497a1828cca8599a3-129da1b1b54a97ca0dd4",
              "file": "lifecycle.spec.mjs",
              "line": 115,
              "column": 5
            }
          ]
        },
        {
          "title": "intrusul",
          "file": "lifecycle.spec.mjs",
          "line": 45,
          "column": 8,
          "specs": [
            {
              "title": "plays a real seeded round to a server-scored result and replays",
              "ok": true,
              "tags": [],
              "tests": [
                {
                  "timeout": 45000,
                  "annotations": [],
                  "expectedStatus": "passed",
                  "projectId": "desktop",
                  "projectName": "desktop",
                  "results": [],
                  "status": "skipped"
                }
              ],
              "id": "fb4497a1828cca8599a3-997f1495e0658b344487",
              "file": "lifecycle.spec.mjs",
              "line": 50,
              "column": 5
            },
            {
              "title": "preserves earned progress and mistakes through reload",
              "ok": true,
              "tags": [],
              "tests": [
                {
                  "timeout": 45000,
                  "annotations": [],
                  "expectedStatus": "passed",
                  "projectId": "desktop",
                  "projectName": "desktop",
                  "results": [],
                  "status": "skipped"
                }
              ],
              "id": "fb4497a1828cca8599a3-fbea5cc8258d84457125",
              "file": "lifecycle.spec.mjs",
              "line": 71,
              "column": 5
            },
            {
              "title": "recovers an expired saved ID into a playable fresh start",
              "ok": true,
              "tags": [],
              "tests": [
                {
                  "timeout": 45000,
                  "annotations": [],
                  "expectedStatus": "passed",
                  "projectId": "desktop",
                  "projectName": "desktop",
                  "results": [],
                  "status": "skipped"
                }
              ],
              "id": "fb4497a1828cca8599a3-b936590bcfc64f8de654",
              "file": "lifecycle.spec.mjs",
              "line": 86,
              "column": 5
            },
            {
              "title": "can retry a failed create without leaving the game",
              "ok": true,
              "tags": [],
              "tests": [
                {
                  "timeout": 45000,
                  "annotations": [],
                  "expectedStatus": "passed",
                  "projectId": "desktop",
                  "projectName": "desktop",
                  "results": [],
                  "status": "skipped"
                }
              ],
              "id": "fb4497a1828cca8599a3-298cac9b95d900b7182f",
              "file": "lifecycle.spec.mjs",
              "line": 98,
              "column": 5
            },
            {
              "title": "keeps a round playable after a failed action and reload",
              "ok": true,
              "tags": [],
              "tests": [
                {
                  "timeout": 45000,
                  "annotations": [],
                  "expectedStatus": "passed",
                  "projectId": "desktop",
                  "projectName": "desktop",
                  "results": [],
                  "status": "skipped"
                }
              ],
              "id": "fb4497a1828cca8599a3-45e6bd6db41b6888b53a",
              "file": "lifecycle.spec.mjs",
              "line": 115,
              "column": 5
            },
            {
              "title": "plays a real seeded round to a server-scored result and replays",
              "ok": true,
              "tags": [],
              "tests": [
                {
                  "timeout": 45000,
                  "annotations": [],
                  "expectedStatus": "passed",
                  "projectId": "mobile",
                  "projectName": "mobile",
                  "results": [],
                  "status": "skipped"
                }
              ],
              "id": "fb4497a1828cca8599a3-563c15f9d1798206eb87",
              "file": "lifecycle.spec.mjs",
              "line": 50,
              "column": 5
            },
            {
              "title": "preserves earned progress and mistakes through reload",
              "ok": true,
              "tags": [],
              "tests": [
                {
                  "timeout": 45000,
                  "annotations": [],
                  "expectedStatus": "passed",
                  "projectId": "mobile",
                  "projectName": "mobile",
                  "results": [],
                  "status": "skipped"
                }
              ],
              "id": "fb4497a1828cca8599a3-6cb1182246f55dbf9de7",
              "file": "lifecycle.spec.mjs",
              "line": 71,
              "column": 5
            },
            {
              "title": "recovers an expired saved ID into a playable fresh start",
              "ok": true,
              "tags": [],
              "tests": [
                {
                  "timeout": 45000,
                  "annotations": [],
                  "expectedStatus": "passed",
                  "projectId": "mobile",
                  "projectName": "mobile",
                  "results": [],
                  "status": "skipped"
                }
              ],
              "id": "fb4497a1828cca8599a3-40496ec0425c4804966a",
              "file": "lifecycle.spec.mjs",
              "line": 86,
              "column": 5
            },
            {
              "title": "can retry a failed create without leaving the game",
              "ok": true,
              "tags": [],
              "tests": [
                {
                  "timeout": 45000,
                  "annotations": [],
                  "expectedStatus": "passed",
                  "projectId": "mobile",
                  "projectName": "mobile",
                  "results": [],
                  "status": "skipped"
                }
              ],
              "id": "fb4497a1828cca8599a3-a8e6fee2ac9f2f509fc9",
              "file": "lifecycle.spec.mjs",
              "line": 98,
              "column": 5
            },
            {
              "title": "keeps a round playable after a failed action and reload",
              "ok": true,
              "tags": [],
              "tests": [
                {
                  "timeout": 45000,
                  "annotations": [],
                  "expectedStatus": "passed",
                  "projectId": "mobile",
                  "projectName": "mobile",
                  "results": [],
                  "status": "skipped"
                }
              ],
              "id": "fb4497a1828cca8599a3-53b9a260acb4fe89563f",
              "file": "lifecycle.spec.mjs",
              "line": 115,
              "column": 5
            }
          ]
        },
        {
          "title": "perechi",
          "file": "lifecycle.spec.mjs",
          "line": 45,
          "column": 8,
          "specs": [
            {
              "title": "plays a real seeded round to a server-scored result and replays",
              "ok": true,
              "tags": [],
              "tests": [
                {
                  "timeout": 45000,
                  "annotations": [],
                  "expectedStatus": "passed",
                  "projectId": "desktop",
                  "projectName": "desktop",
                  "results": [],
                  "status": "skipped"
                }
              ],
              "id": "fb4497a1828cca8599a3-c296ee1d024145ad68fd",
              "file": "lifecycle.spec.mjs",
              "line": 50,
              "column": 5
            },
            {
              "title": "preserves earned progress and mistakes through reload",
              "ok": true,
              "tags": [],
              "tests": [
                {
                  "timeout": 45000,
                  "annotations": [],
                  "expectedStatus": "passed",
                  "projectId": "desktop",
                  "projectName": "desktop",
                  "results": [],
                  "status": "skipped"
                }
              ],
              "id": "fb4497a1828cca8599a3-6f38aa2f92ae30705c67",
              "file": "lifecycle.spec.mjs",
              "line": 71,
              "column": 5
            },
            {
              "title": "recovers an expired saved ID into a playable fresh start",
              "ok": true,
              "tags": [],
              "tests": [
                {
                  "timeout": 45000,
                  "annotations": [],
                  "expectedStatus": "passed",
                  "projectId": "desktop",
                  "projectName": "desktop",
                  "results": [],
                  "status": "skipped"
                }
              ],
              "id": "fb4497a1828cca8599a3-b5439dfc2e097a1fec06",
              "file": "lifecycle.spec.mjs",
              "line": 86,
              "column": 5
            },
            {
              "title": "can retry a failed create without leaving the game",
              "ok": true,
              "tags": [],
              "tests": [
                {
                  "timeout": 45000,
                  "annotations": [],
                  "expectedStatus": "passed",
                  "projectId": "desktop",
                  "projectName": "desktop",
                  "results": [],
                  "status": "skipped"
                }
              ],
              "id": "fb4497a1828cca8599a3-4ee77f6d2dcb687e10c8",
              "file": "lifecycle.spec.mjs",
              "line": 98,
              "column": 5
            },
            {
              "title": "keeps a round playable after a failed action and reload",
              "ok": true,
              "tags": [],
              "tests": [
                {
                  "timeout": 45000,
                  "annotations": [],
                  "expectedStatus": "passed",
                  "projectId": "desktop",
                  "projectName": "desktop",
                  "results": [],
                  "status": "skipped"
                }
              ],
              "id": "fb4497a1828cca8599a3-808ebd6e2ee761aa36e3",
              "file": "lifecycle.spec.mjs",
              "line": 115,
              "column": 5
            },
            {
              "title": "plays a real seeded round to a server-scored result and replays",
              "ok": true,
              "tags": [],
              "tests": [
                {
                  "timeout": 45000,
                  "annotations": [],
                  "expectedStatus": "passed",
                  "projectId": "mobile",
                  "projectName": "mobile",
                  "results": [],
                  "status": "skipped"
                }
              ],
              "id": "fb4497a1828cca8599a3-9a59f2afc438c544fe80",
              "file": "lifecycle.spec.mjs",
              "line": 50,
              "column": 5
            },
            {
              "title": "preserves earned progress and mistakes through reload",
              "ok": true,
              "tags": [],
              "tests": [
                {
                  "timeout": 45000,
                  "annotations": [],
                  "expectedStatus": "passed",
                  "projectId": "mobile",
                  "projectName": "mobile",
                  "results": [],
                  "status": "skipped"
                }
              ],
              "id": "fb4497a1828cca8599a3-21b7bf7dbd2fbcb8a092",
              "file": "lifecycle.spec.mjs",
              "line": 71,
              "column": 5
            },
            {
              "title": "recovers an expired saved ID into a playable fresh start",
              "ok": true,
              "tags": [],
              "tests": [
                {
                  "timeout": 45000,
                  "annotations": [],
                  "expectedStatus": "passed",
                  "projectId": "mobile",
                  "projectName": "mobile",
                  "results": [],
                  "status": "skipped"
                }
              ],
              "id": "fb4497a1828cca8599a3-120d8f0f56c71e3ec6ab",
              "file": "lifecycle.spec.mjs",
              "line": 86,
              "column": 5
            },
            {
              "title": "can retry a failed create without leaving the game",
              "ok": true,
              "tags": [],
              "tests": [
                {
                  "timeout": 45000,
                  "annotations": [],
                  "expectedStatus": "passed",
                  "projectId": "mobile",
                  "projectName": "mobile",
                  "results": [],
                  "status": "skipped"
                }
              ],
              "id": "fb4497a1828cca8599a3-27b84aaf727f3bf04c4f",
              "file": "lifecycle.spec.mjs",
              "line": 98,
              "column": 5
            },
            {
              "title": "keeps a round playable after a failed action and reload",
              "ok": true,
              "tags": [],
              "tests": [
                {
                  "timeout": 45000,
                  "annotations": [],
                  "expectedStatus": "passed",
                  "projectId": "mobile",
                  "projectName": "mobile",
                  "results": [],
                  "status": "skipped"
                }
              ],
              "id": "fb4497a1828cca8599a3-924fe2bb8264092d81ac",
              "file": "lifecycle.spec.mjs",
              "line": 115,
              "column": 5
            }
          ]
        },
        {
          "title": "conexiuni",
          "file": "lifecycle.spec.mjs",
          "line": 45,
          "column": 8,
          "specs": [
            {
              "title": "plays a real seeded round to a server-scored result and replays",
              "ok": true,
              "tags": [],
              "tests": [
                {
                  "timeout": 45000,
                  "annotations": [],
                  "expectedStatus": "passed",
                  "projectId": "desktop",
                  "projectName": "desktop",
                  "results": [],
                  "status": "skipped"
                }
              ],
              "id": "fb4497a1828cca8599a3-6b7999a579620fec2f95",
              "file": "lifecycle.spec.mjs",
              "line": 50,
              "column": 5
            },
            {
              "title": "preserves earned progress and mistakes through reload",
              "ok": true,
              "tags": [],
              "tests": [
                {
                  "timeout": 45000,
                  "annotations": [],
                  "expectedStatus": "passed",
                  "projectId": "desktop",
                  "projectName": "desktop",
                  "results": [],
                  "status": "skipped"
                }
              ],
              "id": "fb4497a1828cca8599a3-5f7c0d7c5514db65af90",
              "file": "lifecycle.spec.mjs",
              "line": 71,
              "column": 5
            },
            {
              "title": "recovers an expired saved ID into a playable fresh start",
              "ok": true,
              "tags": [],
              "tests": [
                {
                  "timeout": 45000,
                  "annotations": [],
                  "expectedStatus": "passed",
                  "projectId": "desktop",
                  "projectName": "desktop",
                  "results": [],
                  "status": "skipped"
                }
              ],
              "id": "fb4497a1828cca8599a3-8edcf6a56aeb3186ff33",
              "file": "lifecycle.spec.mjs",
              "line": 86,
              "column": 5
            },
            {
              "title": "can retry a failed create without leaving the game",
              "ok": true,
              "tags": [],
              "tests": [
                {
                  "timeout": 45000,
                  "annotations": [],
                  "expectedStatus": "passed",
                  "projectId": "desktop",
                  "projectName": "desktop",
                  "results": [],
                  "status": "skipped"
                }
              ],
              "id": "fb4497a1828cca8599a3-d4fe1cb66ce53eab9157",
              "file": "lifecycle.spec.mjs",
              "line": 98,
              "column": 5
            },
            {
              "title": "keeps a round playable after a failed action and reload",
              "ok": true,
              "tags": [],
              "tests": [
                {
                  "timeout": 45000,
                  "annotations": [],
                  "expectedStatus": "passed",
                  "projectId": "desktop",
                  "projectName": "desktop",
                  "results": [],
                  "status": "skipped"
                }
              ],
              "id": "fb4497a1828cca8599a3-6858a02881d6fbafb9a8",
              "file": "lifecycle.spec.mjs",
              "line": 115,
              "column": 5
            },
            {
              "title": "plays a real seeded round to a server-scored result and replays",
              "ok": true,
              "tags": [],
              "tests": [
                {
                  "timeout": 45000,
                  "annotations": [],
                  "expectedStatus": "passed",
                  "projectId": "mobile",
                  "projectName": "mobile",
                  "results": [],
                  "status": "skipped"
                }
              ],
              "id": "fb4497a1828cca8599a3-40086293e50407c0f40b",
              "file": "lifecycle.spec.mjs",
              "line": 50,
              "column": 5
            },
            {
              "title": "preserves earned progress and mistakes through reload",
              "ok": true,
              "tags": [],
              "tests": [
                {
                  "timeout": 45000,
                  "annotations": [],
                  "expectedStatus": "passed",
                  "projectId": "mobile",
                  "projectName": "mobile",
                  "results": [],
                  "status": "skipped"
                }
              ],
              "id": "fb4497a1828cca8599a3-d0766516b62f262c4cdf",
              "file": "lifecycle.spec.mjs",
              "line": 71,
              "column": 5
            },
            {
              "title": "recovers an expired saved ID into a playable fresh start",
              "ok": true,
              "tags": [],
              "tests": [
                {
                  "timeout": 45000,
                  "annotations": [],
                  "expectedStatus": "passed",
                  "projectId": "mobile",
                  "projectName": "mobile",
                  "results": [],
                  "status": "skipped"
                }
              ],
              "id": "fb4497a1828cca8599a3-dd25c1053f94be9da76b",
              "file": "lifecycle.spec.mjs",
              "line": 86,
              "column": 5
            },
            {
              "title": "can retry a failed create without leaving the game",
              "ok": true,
              "tags": [],
              "tests": [
                {
                  "timeout": 45000,
                  "annotations": [],
                  "expectedStatus": "passed",
                  "projectId": "mobile",
                  "projectName": "mobile",
                  "results": [],
                  "status": "skipped"
                }
              ],
              "id": "fb4497a1828cca8599a3-192390fae80245bfab60",
              "file": "lifecycle.spec.mjs",
              "line": 98,
              "column": 5
            },
            {
              "title": "keeps a round playable after a failed action and reload",
              "ok": true,
              "tags": [],
              "tests": [
                {
                  "timeout": 45000,
                  "annotations": [],
                  "expectedStatus": "passed",
                  "projectId": "mobile",
                  "projectName": "mobile",
                  "results": [],
                  "status": "skipped"
                }
              ],
              "id": "fb4497a1828cca8599a3-3c613574918a1258f22b",
              "file": "lifecycle.spec.mjs",
              "line": 115,
              "column": 5
            }
          ]
        },
        {
          "title": "contexto",
          "file": "lifecycle.spec.mjs",
          "line": 45,
          "column": 8,
          "specs": [
            {
              "title": "plays a real seeded round to a server-scored result and replays",
              "ok": true,
              "tags": [],
              "tests": [
                {
                  "timeout": 45000,
                  "annotations": [],
                  "expectedStatus": "passed",
                  "projectId": "desktop",
                  "projectName": "desktop",
                  "results": [],
                  "status": "skipped"
                }
              ],
              "id": "fb4497a1828cca8599a3-c37c5da2907a6b7c8b03",
              "file": "lifecycle.spec.mjs",
              "line": 50,
              "column": 5
            },
            {
              "title": "preserves earned progress and mistakes through reload",
              "ok": true,
              "tags": [],
              "tests": [
                {
                  "timeout": 45000,
                  "annotations": [],
                  "expectedStatus": "passed",
                  "projectId": "desktop",
                  "projectName": "desktop",
                  "results": [],
                  "status": "skipped"
                }
              ],
              "id": "fb4497a1828cca8599a3-1356b027e330b34f0c38",
              "file": "lifecycle.spec.mjs",
              "line": 71,
              "column": 5
            },
            {
              "title": "recovers an expired saved ID into a playable fresh start",
              "ok": true,
              "tags": [],
              "tests": [
                {
                  "timeout": 45000,
                  "annotations": [],
                  "expectedStatus": "passed",
                  "projectId": "desktop",
                  "projectName": "desktop",
                  "results": [],
                  "status": "skipped"
                }
              ],
              "id": "fb4497a1828cca8599a3-f58766d983ebc109e0e3",
              "file": "lifecycle.spec.mjs",
              "line": 86,
              "column": 5
            },
            {
              "title": "can retry a failed create without leaving the game",
              "ok": true,
              "tags": [],
              "tests": [
                {
                  "timeout": 45000,
                  "annotations": [],
                  "expectedStatus": "passed",
                  "projectId": "desktop",
                  "projectName": "desktop",
                  "results": [],
                  "status": "skipped"
                }
              ],
              "id": "fb4497a1828cca8599a3-3b02906c6918d071e5b1",
              "file": "lifecycle.spec.mjs",
              "line": 98,
              "column": 5
            },
            {
              "title": "keeps a round playable after a failed action and reload",
              "ok": true,
              "tags": [],
              "tests": [
                {
                  "timeout": 45000,
                  "annotations": [],
                  "expectedStatus": "passed",
                  "projectId": "desktop",
                  "projectName": "desktop",
                  "results": [],
                  "status": "skipped"
                }
              ],
              "id": "fb4497a1828cca8599a3-83cf75a7b393e5e9ddb1",
              "file": "lifecycle.spec.mjs",
              "line": 115,
              "column": 5
            },
            {
              "title": "plays a real seeded round to a server-scored result and replays",
              "ok": true,
              "tags": [],
              "tests": [
                {
                  "timeout": 45000,
                  "annotations": [],
                  "expectedStatus": "passed",
                  "projectId": "mobile",
                  "projectName": "mobile",
                  "results": [],
                  "status": "skipped"
                }
              ],
              "id": "fb4497a1828cca8599a3-5737c639606dc1644157",
              "file": "lifecycle.spec.mjs",
              "line": 50,
              "column": 5
            },
            {
              "title": "preserves earned progress and mistakes through reload",
              "ok": true,
              "tags": [],
              "tests": [
                {
                  "timeout": 45000,
                  "annotations": [],
                  "expectedStatus": "passed",
                  "projectId": "mobile",
                  "projectName": "mobile",
                  "results": [],
                  "status": "skipped"
                }
              ],
              "id": "fb4497a1828cca8599a3-a2cf7d7dd7732fc710c7",
              "file": "lifecycle.spec.mjs",
              "line": 71,
              "column": 5
            },
            {
              "title": "recovers an expired saved ID into a playable fresh start",
              "ok": true,
              "tags": [],
              "tests": [
                {
                  "timeout": 45000,
                  "annotations": [],
                  "expectedStatus": "passed",
                  "projectId": "mobile",
                  "projectName": "mobile",
                  "results": [],
                  "status": "skipped"
                }
              ],
              "id": "fb4497a1828cca8599a3-531613dd472784d3872a",
              "file": "lifecycle.spec.mjs",
              "line": 86,
              "column": 5
            },
            {
              "title": "can retry a failed create without leaving the game",
              "ok": true,
              "tags": [],
              "tests": [
                {
                  "timeout": 45000,
                  "annotations": [],
                  "expectedStatus": "passed",
                  "projectId": "mobile",
                  "projectName": "mobile",
                  "results": [],
                  "status": "skipped"
                }
              ],
              "id": "fb4497a1828cca8599a3-86da1cd56c44f9d42744",
              "file": "lifecycle.spec.mjs",
              "line": 98,
              "column": 5
            },
            {
              "title": "keeps a round playable after a failed action and reload",
              "ok": true,
              "tags": [],
              "tests": [
                {
                  "timeout": 45000,
                  "annotations": [],
                  "expectedStatus": "passed",
                  "projectId": "mobile",
                  "projectName": "mobile",
                  "results": [],
                  "status": "skipped"
                }
              ],
              "id": "fb4497a1828cca8599a3-2322cdcd7482ccdceaa5",
              "file": "lifecycle.spec.mjs",
              "line": 115,
              "column": 5
            }
          ]
        },
        {
          "title": "lant",
          "file": "lifecycle.spec.mjs",
          "line": 45,
          "column": 8,
          "specs": [
            {
              "title": "plays a real seeded round to a server-scored result and replays",
              "ok": true,
              "tags": [],
              "tests": [
                {
                  "timeout": 45000,
                  "annotations": [],
                  "expectedStatus": "passed",
                  "projectId": "desktop",
                  "projectName": "desktop",
                  "results": [],
                  "status": "skipped"
                }
              ],
              "id": "fb4497a1828cca8599a3-b0ff7002beb22c49beb1",
              "file": "lifecycle.spec.mjs",
              "line": 50,
              "column": 5
            },
            {
              "title": "preserves earned progress and mistakes through reload",
              "ok": true,
              "tags": [],
              "tests": [
                {
                  "timeout": 45000,
                  "annotations": [],
                  "expectedStatus": "passed",
                  "projectId": "desktop",
                  "projectName": "desktop",
                  "results": [],
                  "status": "skipped"
                }
              ],
              "id": "fb4497a1828cca8599a3-0d441d614373286b2ba2",
              "file": "lifecycle.spec.mjs",
              "line": 71,
              "column": 5
            },
            {
              "title": "recovers an expired saved ID into a playable fresh start",
              "ok": true,
              "tags": [],
              "tests": [
                {
                  "timeout": 45000,
                  "annotations": [],
                  "expectedStatus": "passed",
                  "projectId": "desktop",
                  "projectName": "desktop",
                  "results": [],
                  "status": "skipped"
                }
              ],
              "id": "fb4497a1828cca8599a3-112dc561e068f5a93109",
              "file": "lifecycle.spec.mjs",
              "line": 86,
              "column": 5
            },
            {
              "title": "can retry a failed create without leaving the game",
              "ok": true,
              "tags": [],
              "tests": [
                {
                  "timeout": 45000,
                  "annotations": [],
                  "expectedStatus": "passed",
                  "projectId": "desktop",
                  "projectName": "desktop",
                  "results": [],
                  "status": "skipped"
                }
              ],
              "id": "fb4497a1828cca8599a3-ca4475748b9254f551e8",
              "file": "lifecycle.spec.mjs",
              "line": 98,
              "column": 5
            },
            {
              "title": "keeps a round playable after a failed action and reload",
              "ok": true,
              "tags": [],
              "tests": [
                {
                  "timeout": 45000,
                  "annotations": [],
                  "expectedStatus": "passed",
                  "projectId": "desktop",
                  "projectName": "desktop",
                  "results": [],
                  "status": "skipped"
                }
              ],
              "id": "fb4497a1828cca8599a3-005b652abb3d2a910284",
              "file": "lifecycle.spec.mjs",
              "line": 115,
              "column": 5
            },
            {
              "title": "plays a real seeded round to a server-scored result and replays",
              "ok": true,
              "tags": [],
              "tests": [
                {
                  "timeout": 45000,
                  "annotations": [],
                  "expectedStatus": "passed",
                  "projectId": "mobile",
                  "projectName": "mobile",
                  "results": [],
                  "status": "skipped"
                }
              ],
              "id": "fb4497a1828cca8599a3-d8ea2c72a6083de9f6e7",
              "file": "lifecycle.spec.mjs",
              "line": 50,
              "column": 5
            },
            {
              "title": "preserves earned progress and mistakes through reload",
              "ok": true,
              "tags": [],
              "tests": [
                {
                  "timeout": 45000,
                  "annotations": [],
                  "expectedStatus": "passed",
                  "projectId": "mobile",
                  "projectName": "mobile",
                  "results": [],
                  "status": "skipped"
                }
              ],
              "id": "fb4497a1828cca8599a3-739423b520047f4088b7",
              "file": "lifecycle.spec.mjs",
              "line": 71,
              "column": 5
            },
            {
              "title": "recovers an expired saved ID into a playable fresh start",
              "ok": true,
              "tags": [],
              "tests": [
                {
                  "timeout": 45000,
                  "annotations": [],
                  "expectedStatus": "passed",
                  "projectId": "mobile",
                  "projectName": "mobile",
                  "results": [],
                  "status": "skipped"
                }
              ],
              "id": "fb4497a1828cca8599a3-c9c9e69540e5582197fb",
              "file": "lifecycle.spec.mjs",
              "line": 86,
              "column": 5
            },
            {
              "title": "can retry a failed create without leaving the game",
              "ok": true,
              "tags": [],
              "tests": [
                {
                  "timeout": 45000,
                  "annotations": [],
                  "expectedStatus": "passed",
                  "projectId": "mobile",
                  "projectName": "mobile",
                  "results": [],
                  "status": "skipped"
                }
              ],
              "id": "fb4497a1828cca8599a3-6c4fe31da3b7925c4ba8",
              "file": "lifecycle.spec.mjs",
              "line": 98,
              "column": 5
            },
            {
              "title": "keeps a round playable after a failed action and reload",
              "ok": true,
              "tags": [],
              "tests": [
                {
                  "timeout": 45000,
                  "annotations": [],
                  "expectedStatus": "passed",
                  "projectId": "mobile",
                  "projectName": "mobile",
                  "results": [],
                  "status": "skipped"
                }
              ],
              "id": "fb4497a1828cca8599a3-4295e2ff002480686420",
              "file": "lifecycle.spec.mjs",
              "line": 115,
              "column": 5
            }
          ]
        }
      ]
    },
    {
      "title": "mobile-status-notices.spec.mjs",
      "file": "mobile-status-notices.spec.mjs",
      "column": 0,
      "line": 0,
      "specs": [
        {
          "title": "alchimie keeps its status and notices visible through resume and result",
          "ok": true,
          "tags": [],
          "tests": [
            {
              "timeout": 45000,
              "annotations": [],
              "expectedStatus": "passed",
              "projectId": "desktop",
              "projectName": "desktop",
              "results": [],
              "status": "skipped"
            }
          ],
          "id": "19c70edd4e961ed43556-627537f5368372dcbc78",
          "file": "mobile-status-notices.spec.mjs",
          "line": 62,
          "column": 3
        },
        {
          "title": "intrusul keeps its status and notices visible through resume and result",
          "ok": true,
          "tags": [],
          "tests": [
            {
              "timeout": 45000,
              "annotations": [],
              "expectedStatus": "passed",
              "projectId": "desktop",
              "projectName": "desktop",
              "results": [],
              "status": "skipped"
            }
          ],
          "id": "19c70edd4e961ed43556-3d54d2d36a4adb1a026a",
          "file": "mobile-status-notices.spec.mjs",
          "line": 62,
          "column": 3
        },
        {
          "title": "perechi keeps its status and notices visible through resume and result",
          "ok": true,
          "tags": [],
          "tests": [
            {
              "timeout": 45000,
              "annotations": [],
              "expectedStatus": "passed",
              "projectId": "desktop",
              "projectName": "desktop",
              "results": [],
              "status": "skipped"
            }
          ],
          "id": "19c70edd4e961ed43556-3de265d2c400581fd339",
          "file": "mobile-status-notices.spec.mjs",
          "line": 62,
          "column": 3
        },
        {
          "title": "conexiuni keeps its status and notices visible through resume and result",
          "ok": true,
          "tags": [],
          "tests": [
            {
              "timeout": 45000,
              "annotations": [],
              "expectedStatus": "passed",
              "projectId": "desktop",
              "projectName": "desktop",
              "results": [],
              "status": "skipped"
            }
          ],
          "id": "19c70edd4e961ed43556-13959301620dba9db0a9",
          "file": "mobile-status-notices.spec.mjs",
          "line": 62,
          "column": 3
        },
        {
          "title": "contexto keeps its status and notices visible through resume and result",
          "ok": true,
          "tags": [],
          "tests": [
            {
              "timeout": 45000,
              "annotations": [],
              "expectedStatus": "passed",
              "projectId": "desktop",
              "projectName": "desktop",
              "results": [],
              "status": "skipped"
            }
          ],
          "id": "19c70edd4e961ed43556-522f8cc8a4de5e7cb859",
          "file": "mobile-status-notices.spec.mjs",
          "line": 62,
          "column": 3
        },
        {
          "title": "lant keeps its status and notices visible through resume and result",
          "ok": true,
          "tags": [],
          "tests": [
            {
              "timeout": 45000,
              "annotations": [],
              "expectedStatus": "passed",
              "projectId": "desktop",
              "projectName": "desktop",
              "results": [],
              "status": "skipped"
            }
          ],
          "id": "19c70edd4e961ed43556-f8562d5dba7f7711d132",
          "file": "mobile-status-notices.spec.mjs",
          "line": 62,
          "column": 3
        },
        {
          "title": "long Romanian status stays readable with text zoom and a short viewport",
          "ok": true,
          "tags": [],
          "tests": [
            {
              "timeout": 45000,
              "annotations": [],
              "expectedStatus": "passed",
              "projectId": "desktop",
              "projectName": "desktop",
              "results": [],
              "status": "skipped"
            }
          ],
          "id": "19c70edd4e961ed43556-d86b716ffbea929b7122",
          "file": "mobile-status-notices.spec.mjs",
          "line": 115,
          "column": 1
        },
        {
          "title": "alchimie keeps its status and notices visible through resume and result",
          "ok": true,
          "tags": [],
          "tests": [
            {
              "timeout": 45000,
              "annotations": [],
              "expectedStatus": "passed",
              "projectId": "mobile",
              "projectName": "mobile",
              "results": [],
              "status": "skipped"
            }
          ],
          "id": "19c70edd4e961ed43556-b82c5f8b406b9990e40c",
          "file": "mobile-status-notices.spec.mjs",
          "line": 62,
          "column": 3
        },
        {
          "title": "intrusul keeps its status and notices visible through resume and result",
          "ok": true,
          "tags": [],
          "tests": [
            {
              "timeout": 45000,
              "annotations": [],
              "expectedStatus": "passed",
              "projectId": "mobile",
              "projectName": "mobile",
              "results": [],
              "status": "skipped"
            }
          ],
          "id": "19c70edd4e961ed43556-6f3e03ed2f45df13c90d",
          "file": "mobile-status-notices.spec.mjs",
          "line": 62,
          "column": 3
        },
        {
          "title": "perechi keeps its status and notices visible through resume and result",
          "ok": true,
          "tags": [],
          "tests": [
            {
              "timeout": 45000,
              "annotations": [],
              "expectedStatus": "passed",
              "projectId": "mobile",
              "projectName": "mobile",
              "results": [],
              "status": "skipped"
            }
          ],
          "id": "19c70edd4e961ed43556-9dbdad5a662688ebcc7b",
          "file": "mobile-status-notices.spec.mjs",
          "line": 62,
          "column": 3
        },
        {
          "title": "conexiuni keeps its status and notices visible through resume and result",
          "ok": true,
          "tags": [],
          "tests": [
            {
              "timeout": 45000,
              "annotations": [],
              "expectedStatus": "passed",
              "projectId": "mobile",
              "projectName": "mobile",
              "results": [],
              "status": "skipped"
            }
          ],
          "id": "19c70edd4e961ed43556-82fc2cd3b05a07b7dee0",
          "file": "mobile-status-notices.spec.mjs",
          "line": 62,
          "column": 3
        },
        {
          "title": "contexto keeps its status and notices visible through resume and result",
          "ok": true,
          "tags": [],
          "tests": [
            {
              "timeout": 45000,
              "annotations": [],
              "expectedStatus": "passed",
              "projectId": "mobile",
              "projectName": "mobile",
              "results": [],
              "status": "skipped"
            }
          ],
          "id": "19c70edd4e961ed43556-7f5ab997a4893e924f0c",
          "file": "mobile-status-notices.spec.mjs",
          "line": 62,
          "column": 3
        },
        {
          "title": "lant keeps its status and notices visible through resume and result",
          "ok": true,
          "tags": [],
          "tests": [
            {
              "timeout": 45000,
              "annotations": [],
              "expectedStatus": "passed",
              "projectId": "mobile",
              "projectName": "mobile",
              "results": [],
              "status": "skipped"
            }
          ],
          "id": "19c70edd4e961ed43556-fab2d2eb9c0fa2cc1b94",
          "file": "mobile-status-notices.spec.mjs",
          "line": 62,
          "column": 3
        },
        {
          "title": "long Romanian status stays readable with text zoom and a short viewport",
          "ok": true,
          "tags": [],
          "tests": [
            {
              "timeout": 45000,
              "annotations": [],
              "expectedStatus": "passed",
              "projectId": "mobile",
              "projectName": "mobile",
              "results": [],
              "status": "skipped"
            }
          ],
          "id": "19c70edd4e961ed43556-5dce2bff10ddc7d73db5",
          "file": "mobile-status-notices.spec.mjs",
          "line": 115,
          "column": 1
        }
      ]
    },
    {
      "title": "original/runtime.spec.mjs",
      "file": "original/runtime.spec.mjs",
      "column": 0,
      "line": 0,
      "specs": [
        {
          "title": "original-intrusul-intro-single-flight",
          "ok": true,
          "tags": [],
          "tests": [
            {
              "timeout": 45000,
              "annotations": [],
              "expectedStatus": "passed",
              "projectId": "desktop",
              "projectName": "desktop",
              "results": [],
              "status": "skipped"
            }
          ],
          "id": "e01a1e16f73b794aebdc-fc0d8234057c3f7b457b",
          "file": "original/runtime.spec.mjs",
          "line": 112,
          "column": 3
        },
        {
          "title": "original-intrusul-leaving-actions",
          "ok": true,
          "tags": [],
          "tests": [
            {
              "timeout": 45000,
              "annotations": [],
              "expectedStatus": "passed",
              "projectId": "desktop",
              "projectName": "desktop",
              "results": [],
              "status": "skipped"
            }
          ],
          "id": "e01a1e16f73b794aebdc-3d000c0b0cc5a9a0ca6a",
          "file": "original/runtime.spec.mjs",
          "line": 145,
          "column": 3
        },
        {
          "title": "original-intrusul-leaving-earned-hint",
          "ok": true,
          "tags": [],
          "tests": [
            {
              "timeout": 45000,
              "annotations": [],
              "expectedStatus": "passed",
              "projectId": "desktop",
              "projectName": "desktop",
              "results": [],
              "status": "skipped"
            }
          ],
          "id": "e01a1e16f73b794aebdc-f1aeafe0bb1e1bd1ddb3",
          "file": "original/runtime.spec.mjs",
          "line": 168,
          "column": 5
        },
        {
          "title": "original-intrusul-leaving-recovery-retry",
          "ok": true,
          "tags": [],
          "tests": [
            {
              "timeout": 45000,
              "annotations": [],
              "expectedStatus": "passed",
              "projectId": "desktop",
              "projectName": "desktop",
              "results": [],
              "status": "skipped"
            }
          ],
          "id": "e01a1e16f73b794aebdc-990530f81f272f87e09d",
          "file": "original/runtime.spec.mjs",
          "line": 168,
          "column": 5
        },
        {
          "title": "original-intrusul-held-winning-mutation",
          "ok": true,
          "tags": [],
          "tests": [
            {
              "timeout": 45000,
              "annotations": [],
              "expectedStatus": "passed",
              "projectId": "desktop",
              "projectName": "desktop",
              "results": [],
              "status": "skipped"
            }
          ],
          "id": "e01a1e16f73b794aebdc-2baf05346bf19dc23606",
          "file": "original/runtime.spec.mjs",
          "line": 205,
          "column": 5
        },
        {
          "title": "original-intrusul-held-winning-read",
          "ok": true,
          "tags": [],
          "tests": [
            {
              "timeout": 45000,
              "annotations": [],
              "expectedStatus": "passed",
              "projectId": "desktop",
              "projectName": "desktop",
              "results": [],
              "status": "skipped"
            }
          ],
          "id": "e01a1e16f73b794aebdc-a68ab1df9745b9732d41",
          "file": "original/runtime.spec.mjs",
          "line": 205,
          "column": 5
        },
        {
          "title": "original-intrusul-held-winning-unmounted",
          "ok": true,
          "tags": [],
          "tests": [
            {
              "timeout": 45000,
              "annotations": [],
              "expectedStatus": "passed",
              "projectId": "desktop",
              "projectName": "desktop",
              "results": [],
              "status": "skipped"
            }
          ],
          "id": "e01a1e16f73b794aebdc-404dd64c8b2c7a1dcd00",
          "file": "original/runtime.spec.mjs",
          "line": 205,
          "column": 5
        },
        {
          "title": "original-intrusul-private-upload-once-after-resume",
          "ok": true,
          "tags": [],
          "tests": [
            {
              "timeout": 45000,
              "annotations": [],
              "expectedStatus": "passed",
              "projectId": "desktop",
              "projectName": "desktop",
              "results": [],
              "status": "skipped"
            }
          ],
          "id": "e01a1e16f73b794aebdc-777970b737e43db73979",
          "file": "original/runtime.spec.mjs",
          "line": 258,
          "column": 3
        },
        {
          "title": "original-perechi-intro-single-flight",
          "ok": true,
          "tags": [],
          "tests": [
            {
              "timeout": 45000,
              "annotations": [],
              "expectedStatus": "passed",
              "projectId": "desktop",
              "projectName": "desktop",
              "results": [],
              "status": "skipped"
            }
          ],
          "id": "e01a1e16f73b794aebdc-ad21335de7fe7e46cee8",
          "file": "original/runtime.spec.mjs",
          "line": 112,
          "column": 3
        },
        {
          "title": "original-perechi-leaving-actions",
          "ok": true,
          "tags": [],
          "tests": [
            {
              "timeout": 45000,
              "annotations": [],
              "expectedStatus": "passed",
              "projectId": "desktop",
              "projectName": "desktop",
              "results": [],
              "status": "skipped"
            }
          ],
          "id": "e01a1e16f73b794aebdc-5f4af0c51850c394fcbc",
          "file": "original/runtime.spec.mjs",
          "line": 145,
          "column": 3
        },
        {
          "title": "original-perechi-leaving-earned-hint",
          "ok": true,
          "tags": [],
          "tests": [
            {
              "timeout": 45000,
              "annotations": [],
              "expectedStatus": "passed",
              "projectId": "desktop",
              "projectName": "desktop",
              "results": [],
              "status": "skipped"
            }
          ],
          "id": "e01a1e16f73b794aebdc-c7c10c0cdf8b9a5dd989",
          "file": "original/runtime.spec.mjs",
          "line": 168,
          "column": 5
        },
        {
          "title": "original-perechi-leaving-recovery-retry",
          "ok": true,
          "tags": [],
          "tests": [
            {
              "timeout": 45000,
              "annotations": [],
              "expectedStatus": "passed",
              "projectId": "desktop",
              "projectName": "desktop",
              "results": [],
              "status": "skipped"
            }
          ],
          "id": "e01a1e16f73b794aebdc-6ae380ed08796ba28134",
          "file": "original/runtime.spec.mjs",
          "line": 168,
          "column": 5
        },
        {
          "title": "original-perechi-held-winning-mutation",
          "ok": true,
          "tags": [],
          "tests": [
            {
              "timeout": 45000,
              "annotations": [],
              "expectedStatus": "passed",
              "projectId": "desktop",
              "projectName": "desktop",
              "results": [],
              "status": "skipped"
            }
          ],
          "id": "e01a1e16f73b794aebdc-9c242980b6185a999871",
          "file": "original/runtime.spec.mjs",
          "line": 205,
          "column": 5
        },
        {
          "title": "original-perechi-held-winning-read",
          "ok": true,
          "tags": [],
          "tests": [
            {
              "timeout": 45000,
              "annotations": [],
              "expectedStatus": "passed",
              "projectId": "desktop",
              "projectName": "desktop",
              "results": [],
              "status": "skipped"
            }
          ],
          "id": "e01a1e16f73b794aebdc-b4a14374b84005bcba7a",
          "file": "original/runtime.spec.mjs",
          "line": 205,
          "column": 5
        },
        {
          "title": "original-perechi-held-winning-unmounted",
          "ok": true,
          "tags": [],
          "tests": [
            {
              "timeout": 45000,
              "annotations": [],
              "expectedStatus": "passed",
              "projectId": "desktop",
              "projectName": "desktop",
              "results": [],
              "status": "skipped"
            }
          ],
          "id": "e01a1e16f73b794aebdc-462ff62cd11c028e1d38",
          "file": "original/runtime.spec.mjs",
          "line": 205,
          "column": 5
        },
        {
          "title": "original-perechi-private-upload-once-after-resume",
          "ok": true,
          "tags": [],
          "tests": [
            {
              "timeout": 45000,
              "annotations": [],
              "expectedStatus": "passed",
              "projectId": "desktop",
              "projectName": "desktop",
              "results": [],
              "status": "skipped"
            }
          ],
          "id": "e01a1e16f73b794aebdc-d4d9426a2359237ec9cf",
          "file": "original/runtime.spec.mjs",
          "line": 258,
          "column": 3
        },
        {
          "title": "original-intrusul-intro-single-flight",
          "ok": true,
          "tags": [],
          "tests": [
            {
              "timeout": 45000,
              "annotations": [],
              "expectedStatus": "passed",
              "projectId": "mobile",
              "projectName": "mobile",
              "results": [],
              "status": "skipped"
            }
          ],
          "id": "e01a1e16f73b794aebdc-65fa46dbc5e41c3e30cd",
          "file": "original/runtime.spec.mjs",
          "line": 112,
          "column": 3
        },
        {
          "title": "original-intrusul-leaving-actions",
          "ok": true,
          "tags": [],
          "tests": [
            {
              "timeout": 45000,
              "annotations": [],
              "expectedStatus": "passed",
              "projectId": "mobile",
              "projectName": "mobile",
              "results": [],
              "status": "skipped"
            }
          ],
          "id": "e01a1e16f73b794aebdc-a38641ee75784ca4189e",
          "file": "original/runtime.spec.mjs",
          "line": 145,
          "column": 3
        },
        {
          "title": "original-intrusul-leaving-earned-hint",
          "ok": true,
          "tags": [],
          "tests": [
            {
              "timeout": 45000,
              "annotations": [],
              "expectedStatus": "passed",
              "projectId": "mobile",
              "projectName": "mobile",
              "results": [],
              "status": "skipped"
            }
          ],
          "id": "e01a1e16f73b794aebdc-955600d940f2a423e2d9",
          "file": "original/runtime.spec.mjs",
          "line": 168,
          "column": 5
        },
        {
          "title": "original-intrusul-leaving-recovery-retry",
          "ok": true,
          "tags": [],
          "tests": [
            {
              "timeout": 45000,
              "annotations": [],
              "expectedStatus": "passed",
              "projectId": "mobile",
              "projectName": "mobile",
              "results": [],
              "status": "skipped"
            }
          ],
          "id": "e01a1e16f73b794aebdc-16bc919a559a47a40542",
          "file": "original/runtime.spec.mjs",
          "line": 168,
          "column": 5
        },
        {
          "title": "original-intrusul-held-winning-mutation",
          "ok": true,
          "tags": [],
          "tests": [
            {
              "timeout": 45000,
              "annotations": [],
              "expectedStatus": "passed",
              "projectId": "mobile",
              "projectName": "mobile",
              "results": [],
              "status": "skipped"
            }
          ],
          "id": "e01a1e16f73b794aebdc-63f9765900f00d0ce687",
          "file": "original/runtime.spec.mjs",
          "line": 205,
          "column": 5
        },
        {
          "title": "original-intrusul-held-winning-read",
          "ok": true,
          "tags": [],
          "tests": [
            {
              "timeout": 45000,
              "annotations": [],
              "expectedStatus": "passed",
              "projectId": "mobile",
              "projectName": "mobile",
              "results": [],
              "status": "skipped"
            }
          ],
          "id": "e01a1e16f73b794aebdc-51d05a47d3f339135729",
          "file": "original/runtime.spec.mjs",
          "line": 205,
          "column": 5
        },
        {
          "title": "original-intrusul-held-winning-unmounted",
          "ok": true,
          "tags": [],
          "tests": [
            {
              "timeout": 45000,
              "annotations": [],
              "expectedStatus": "passed",
              "projectId": "mobile",
              "projectName": "mobile",
              "results": [],
              "status": "skipped"
            }
          ],
          "id": "e01a1e16f73b794aebdc-d9dca15a5cba63422960",
          "file": "original/runtime.spec.mjs",
          "line": 205,
          "column": 5
        },
        {
          "title": "original-intrusul-private-upload-once-after-resume",
          "ok": true,
          "tags": [],
          "tests": [
            {
              "timeout": 45000,
              "annotations": [],
              "expectedStatus": "passed",
              "projectId": "mobile",
              "projectName": "mobile",
              "results": [],
              "status": "skipped"
            }
          ],
          "id": "e01a1e16f73b794aebdc-ce4463778d597c610ab6",
          "file": "original/runtime.spec.mjs",
          "line": 258,
          "column": 3
        },
        {
          "title": "original-perechi-intro-single-flight",
          "ok": true,
          "tags": [],
          "tests": [
            {
              "timeout": 45000,
              "annotations": [],
              "expectedStatus": "passed",
              "projectId": "mobile",
              "projectName": "mobile",
              "results": [],
              "status": "skipped"
            }
          ],
          "id": "e01a1e16f73b794aebdc-8d1aa6001155b3153937",
          "file": "original/runtime.spec.mjs",
          "line": 112,
          "column": 3
        },
        {
          "title": "original-perechi-leaving-actions",
          "ok": true,
          "tags": [],
          "tests": [
            {
              "timeout": 45000,
              "annotations": [],
              "expectedStatus": "passed",
              "projectId": "mobile",
              "projectName": "mobile",
              "results": [],
              "status": "skipped"
            }
          ],
          "id": "e01a1e16f73b794aebdc-97bb0d2ec5bb7ce2ba4f",
          "file": "original/runtime.spec.mjs",
          "line": 145,
          "column": 3
        },
        {
          "title": "original-perechi-leaving-earned-hint",
          "ok": true,
          "tags": [],
          "tests": [
            {
              "timeout": 45000,
              "annotations": [],
              "expectedStatus": "passed",
              "projectId": "mobile",
              "projectName": "mobile",
              "results": [],
              "status": "skipped"
            }
          ],
          "id": "e01a1e16f73b794aebdc-7fa2c30de66e626c07ca",
          "file": "original/runtime.spec.mjs",
          "line": 168,
          "column": 5
        },
        {
          "title": "original-perechi-leaving-recovery-retry",
          "ok": true,
          "tags": [],
          "tests": [
            {
              "timeout": 45000,
              "annotations": [],
              "expectedStatus": "passed",
              "projectId": "mobile",
              "projectName": "mobile",
              "results": [],
              "status": "skipped"
            }
          ],
          "id": "e01a1e16f73b794aebdc-6f294b20515600911eeb",
          "file": "original/runtime.spec.mjs",
          "line": 168,
          "column": 5
        },
        {
          "title": "original-perechi-held-winning-mutation",
          "ok": true,
          "tags": [],
          "tests": [
            {
              "timeout": 45000,
              "annotations": [],
              "expectedStatus": "passed",
              "projectId": "mobile",
              "projectName": "mobile",
              "results": [],
              "status": "skipped"
            }
          ],
          "id": "e01a1e16f73b794aebdc-7e72f69043992f645118",
          "file": "original/runtime.spec.mjs",
          "line": 205,
          "column": 5
        },
        {
          "title": "original-perechi-held-winning-read",
          "ok": true,
          "tags": [],
          "tests": [
            {
              "timeout": 45000,
              "annotations": [],
              "expectedStatus": "passed",
              "projectId": "mobile",
              "projectName": "mobile",
              "results": [],
              "status": "skipped"
            }
          ],
          "id": "e01a1e16f73b794aebdc-57753c078933869b7665",
          "file": "original/runtime.spec.mjs",
          "line": 205,
          "column": 5
        },
        {
          "title": "original-perechi-held-winning-unmounted",
          "ok": true,
          "tags": [],
          "tests": [
            {
              "timeout": 45000,
              "annotations": [],
              "expectedStatus": "passed",
              "projectId": "mobile",
              "projectName": "mobile",
              "results": [],
              "status": "skipped"
            }
          ],
          "id": "e01a1e16f73b794aebdc-2bd05116927d75461f71",
          "file": "original/runtime.spec.mjs",
          "line": 205,
          "column": 5
        },
        {
          "title": "original-perechi-private-upload-once-after-resume",
          "ok": true,
          "tags": [],
          "tests": [
            {
              "timeout": 45000,
              "annotations": [],
              "expectedStatus": "passed",
              "projectId": "mobile",
              "projectName": "mobile",
              "results": [],
              "status": "skipped"
            }
          ],
          "id": "e01a1e16f73b794aebdc-f2b4dadc3f7835a65abb",
          "file": "original/runtime.spec.mjs",
          "line": 258,
          "column": 3
        }
      ]
    },
    {
      "title": "perechi-loss-progress.spec.mjs",
      "file": "perechi-loss-progress.spec.mjs",
      "column": 0,
      "line": 0,
      "specs": [
        {
          "title": "Perechi loss progress renders 0 earned pairs out of four only after the terminal match",
          "ok": true,
          "tags": [],
          "tests": [
            {
              "timeout": 45000,
              "annotations": [],
              "expectedStatus": "passed",
              "projectId": "desktop",
              "projectName": "desktop",
              "results": [],
              "status": "skipped"
            }
          ],
          "id": "921ea80e433e9511302e-76669c16eef151c02671",
          "file": "perechi-loss-progress.spec.mjs",
          "line": 138,
          "column": 3
        },
        {
          "title": "Perechi loss progress renders 1 earned pairs out of four only after the terminal match",
          "ok": true,
          "tags": [],
          "tests": [
            {
              "timeout": 45000,
              "annotations": [],
              "expectedStatus": "passed",
              "projectId": "desktop",
              "projectName": "desktop",
              "results": [],
              "status": "skipped"
            }
          ],
          "id": "921ea80e433e9511302e-0b75f96ce980124bf33c",
          "file": "perechi-loss-progress.spec.mjs",
          "line": 138,
          "column": 3
        },
        {
          "title": "Perechi loss progress renders 2 earned pairs out of four only after the terminal match",
          "ok": true,
          "tags": [],
          "tests": [
            {
              "timeout": 45000,
              "annotations": [],
              "expectedStatus": "passed",
              "projectId": "desktop",
              "projectName": "desktop",
              "results": [],
              "status": "skipped"
            }
          ],
          "id": "921ea80e433e9511302e-04b0ce1db72b464f5849",
          "file": "perechi-loss-progress.spec.mjs",
          "line": 138,
          "column": 3
        },
        {
          "title": "Perechi win reveals all four pairs without the loss-progress paragraph",
          "ok": true,
          "tags": [],
          "tests": [
            {
              "timeout": 45000,
              "annotations": [],
              "expectedStatus": "passed",
              "projectId": "desktop",
              "projectName": "desktop",
              "results": [],
              "status": "skipped"
            }
          ],
          "id": "921ea80e433e9511302e-e771d557efea2f6e137f",
          "file": "perechi-loss-progress.spec.mjs",
          "line": 160,
          "column": 1
        },
        {
          "title": "Perechi terminal loss without solution does not render a reveal or progress paragraph",
          "ok": true,
          "tags": [],
          "tests": [
            {
              "timeout": 45000,
              "annotations": [],
              "expectedStatus": "passed",
              "projectId": "desktop",
              "projectName": "desktop",
              "results": [],
              "status": "skipped"
            }
          ],
          "id": "921ea80e433e9511302e-e9fbf8d30ff646fd82f6",
          "file": "perechi-loss-progress.spec.mjs",
          "line": 173,
          "column": 1
        },
        {
          "title": "Perechi live response with unexpected solution still hides unearned answers and progress",
          "ok": true,
          "tags": [],
          "tests": [
            {
              "timeout": 45000,
              "annotations": [],
              "expectedStatus": "passed",
              "projectId": "desktop",
              "projectName": "desktop",
              "results": [],
              "status": "skipped"
            }
          ],
          "id": "921ea80e433e9511302e-529f3683d0a435c24fb1",
          "file": "perechi-loss-progress.spec.mjs",
          "line": 188,
          "column": 1
        },
        {
          "title": "Perechi loss progress renders 0 earned pairs out of four only after the terminal match",
          "ok": true,
          "tags": [],
          "tests": [
            {
              "timeout": 45000,
              "annotations": [],
              "expectedStatus": "passed",
              "projectId": "mobile",
              "projectName": "mobile",
              "results": [],
              "status": "skipped"
            }
          ],
          "id": "921ea80e433e9511302e-6383a670a9a509031dc6",
          "file": "perechi-loss-progress.spec.mjs",
          "line": 138,
          "column": 3
        },
        {
          "title": "Perechi loss progress renders 1 earned pairs out of four only after the terminal match",
          "ok": true,
          "tags": [],
          "tests": [
            {
              "timeout": 45000,
              "annotations": [],
              "expectedStatus": "passed",
              "projectId": "mobile",
              "projectName": "mobile",
              "results": [],
              "status": "skipped"
            }
          ],
          "id": "921ea80e433e9511302e-78f04fc659b9253970b6",
          "file": "perechi-loss-progress.spec.mjs",
          "line": 138,
          "column": 3
        },
        {
          "title": "Perechi loss progress renders 2 earned pairs out of four only after the terminal match",
          "ok": true,
          "tags": [],
          "tests": [
            {
              "timeout": 45000,
              "annotations": [],
              "expectedStatus": "passed",
              "projectId": "mobile",
              "projectName": "mobile",
              "results": [],
              "status": "skipped"
            }
          ],
          "id": "921ea80e433e9511302e-d76806e97b07365c1ce7",
          "file": "perechi-loss-progress.spec.mjs",
          "line": 138,
          "column": 3
        },
        {
          "title": "Perechi win reveals all four pairs without the loss-progress paragraph",
          "ok": true,
          "tags": [],
          "tests": [
            {
              "timeout": 45000,
              "annotations": [],
              "expectedStatus": "passed",
              "projectId": "mobile",
              "projectName": "mobile",
              "results": [],
              "status": "skipped"
            }
          ],
          "id": "921ea80e433e9511302e-479cc7f15efacc416b92",
          "file": "perechi-loss-progress.spec.mjs",
          "line": 160,
          "column": 1
        },
        {
          "title": "Perechi terminal loss without solution does not render a reveal or progress paragraph",
          "ok": true,
          "tags": [],
          "tests": [
            {
              "timeout": 45000,
              "annotations": [],
              "expectedStatus": "passed",
              "projectId": "mobile",
              "projectName": "mobile",
              "results": [],
              "status": "skipped"
            }
          ],
          "id": "921ea80e433e9511302e-c15740d28b7286441d0f",
          "file": "perechi-loss-progress.spec.mjs",
          "line": 173,
          "column": 1
        },
        {
          "title": "Perechi live response with unexpected solution still hides unearned answers and progress",
          "ok": true,
          "tags": [],
          "tests": [
            {
              "timeout": 45000,
              "annotations": [],
              "expectedStatus": "passed",
              "projectId": "mobile",
              "projectName": "mobile",
              "results": [],
              "status": "skipped"
            }
          ],
          "id": "921ea80e433e9511302e-e6f7da60088e77b10da9",
          "file": "perechi-loss-progress.spec.mjs",
          "line": 188,
          "column": 1
        }
      ]
    },
    {
      "title": "quick-games-simpler-ui.spec.mjs",
      "file": "quick-games-simpler-ui.spec.mjs",
      "column": 0,
      "line": 0,
      "specs": [
        {
          "title": "intrusul keeps the complete initial board visible on a narrow phone",
          "ok": true,
          "tags": [],
          "tests": [
            {
              "timeout": 45000,
              "annotations": [],
              "expectedStatus": "passed",
              "projectId": "desktop",
              "projectName": "desktop",
              "results": [],
              "status": "skipped"
            }
          ],
          "id": "bed9e9a428c6e51c82c7-897cb624ab58ea8f0bb4",
          "file": "quick-games-simpler-ui.spec.mjs",
          "line": 26,
          "column": 3
        },
        {
          "title": "intrusul widens cards for enlarged text while preserving normal phone and desktop columns",
          "ok": true,
          "tags": [],
          "tests": [
            {
              "timeout": 45000,
              "annotations": [],
              "expectedStatus": "passed",
              "projectId": "desktop",
              "projectName": "desktop",
              "results": [],
              "status": "skipped"
            }
          ],
          "id": "bed9e9a428c6e51c82c7-221ebdd0d4b6f0984e56",
          "file": "quick-games-simpler-ui.spec.mjs",
          "line": 45,
          "column": 3
        },
        {
          "title": "intrusul makes an unlocked hint explicit, priced and persistent",
          "ok": true,
          "tags": [],
          "tests": [
            {
              "timeout": 45000,
              "annotations": [],
              "expectedStatus": "passed",
              "projectId": "desktop",
              "projectName": "desktop",
              "results": [],
              "status": "skipped"
            }
          ],
          "id": "bed9e9a428c6e51c82c7-c2e65284a232f58ee417",
          "file": "quick-games-simpler-ui.spec.mjs",
          "line": 97,
          "column": 3
        },
        {
          "title": "intrusul restores usable board focus after keyboard hint activation",
          "ok": true,
          "tags": [],
          "tests": [
            {
              "timeout": 45000,
              "annotations": [],
              "expectedStatus": "passed",
              "projectId": "desktop",
              "projectName": "desktop",
              "results": [],
              "status": "skipped"
            }
          ],
          "id": "bed9e9a428c6e51c82c7-502d1359381e90cf75b4",
          "file": "quick-games-simpler-ui.spec.mjs",
          "line": 118,
          "column": 3
        },
        {
          "title": "intrusul preserves rules focus while a keyboard hint response is held",
          "ok": true,
          "tags": [],
          "tests": [
            {
              "timeout": 45000,
              "annotations": [],
              "expectedStatus": "passed",
              "projectId": "desktop",
              "projectName": "desktop",
              "results": [],
              "status": "skipped"
            }
          ],
          "id": "bed9e9a428c6e51c82c7-0b6fd8ef9fafb92c4e0d",
          "file": "quick-games-simpler-ui.spec.mjs",
          "line": 138,
          "column": 3
        },
        {
          "title": "perechi keeps the complete initial board visible on a narrow phone",
          "ok": true,
          "tags": [],
          "tests": [
            {
              "timeout": 45000,
              "annotations": [],
              "expectedStatus": "passed",
              "projectId": "desktop",
              "projectName": "desktop",
              "results": [],
              "status": "skipped"
            }
          ],
          "id": "bed9e9a428c6e51c82c7-08f946bdfd554297d815",
          "file": "quick-games-simpler-ui.spec.mjs",
          "line": 26,
          "column": 3
        },
        {
          "title": "perechi widens cards for enlarged text while preserving normal phone and desktop columns",
          "ok": true,
          "tags": [],
          "tests": [
            {
              "timeout": 45000,
              "annotations": [],
              "expectedStatus": "passed",
              "projectId": "desktop",
              "projectName": "desktop",
              "results": [],
              "status": "skipped"
            }
          ],
          "id": "bed9e9a428c6e51c82c7-6356509fd065a15675b8",
          "file": "quick-games-simpler-ui.spec.mjs",
          "line": 45,
          "column": 3
        },
        {
          "title": "perechi makes an unlocked hint explicit, priced and persistent",
          "ok": true,
          "tags": [],
          "tests": [
            {
              "timeout": 45000,
              "annotations": [],
              "expectedStatus": "passed",
              "projectId": "desktop",
              "projectName": "desktop",
              "results": [],
              "status": "skipped"
            }
          ],
          "id": "bed9e9a428c6e51c82c7-2c9b14f910b9cae186ac",
          "file": "quick-games-simpler-ui.spec.mjs",
          "line": 97,
          "column": 3
        },
        {
          "title": "perechi restores usable board focus after keyboard hint activation",
          "ok": true,
          "tags": [],
          "tests": [
            {
              "timeout": 45000,
              "annotations": [],
              "expectedStatus": "passed",
              "projectId": "desktop",
              "projectName": "desktop",
              "results": [],
              "status": "skipped"
            }
          ],
          "id": "bed9e9a428c6e51c82c7-cc120ae5b829bbecd6e3",
          "file": "quick-games-simpler-ui.spec.mjs",
          "line": 118,
          "column": 3
        },
        {
          "title": "perechi preserves rules focus while a keyboard hint response is held",
          "ok": true,
          "tags": [],
          "tests": [
            {
              "timeout": 45000,
              "annotations": [],
              "expectedStatus": "passed",
              "projectId": "desktop",
              "projectName": "desktop",
              "results": [],
              "status": "skipped"
            }
          ],
          "id": "bed9e9a428c6e51c82c7-d4da0564919daf09ed76",
          "file": "quick-games-simpler-ui.spec.mjs",
          "line": 138,
          "column": 3
        },
        {
          "title": "Perechi cancels on retap and submits a pair on the second word only",
          "ok": true,
          "tags": [],
          "tests": [
            {
              "timeout": 45000,
              "annotations": [],
              "expectedStatus": "passed",
              "projectId": "desktop",
              "projectName": "desktop",
              "results": [],
              "status": "skipped"
            }
          ],
          "id": "bed9e9a428c6e51c82c7-540867b328b552cc3c66",
          "file": "quick-games-simpler-ui.spec.mjs",
          "line": 170,
          "column": 1
        },
        {
          "title": "intrusul keeps the complete initial board visible on a narrow phone",
          "ok": true,
          "tags": [],
          "tests": [
            {
              "timeout": 45000,
              "annotations": [],
              "expectedStatus": "passed",
              "projectId": "mobile",
              "projectName": "mobile",
              "results": [],
              "status": "skipped"
            }
          ],
          "id": "bed9e9a428c6e51c82c7-02c67b34d45818e08112",
          "file": "quick-games-simpler-ui.spec.mjs",
          "line": 26,
          "column": 3
        },
        {
          "title": "intrusul widens cards for enlarged text while preserving normal phone and desktop columns",
          "ok": true,
          "tags": [],
          "tests": [
            {
              "timeout": 45000,
              "annotations": [],
              "expectedStatus": "passed",
              "projectId": "mobile",
              "projectName": "mobile",
              "results": [],
              "status": "skipped"
            }
          ],
          "id": "bed9e9a428c6e51c82c7-2089c98e88d9f7899eea",
          "file": "quick-games-simpler-ui.spec.mjs",
          "line": 45,
          "column": 3
        },
        {
          "title": "intrusul makes an unlocked hint explicit, priced and persistent",
          "ok": true,
          "tags": [],
          "tests": [
            {
              "timeout": 45000,
              "annotations": [],
              "expectedStatus": "passed",
              "projectId": "mobile",
              "projectName": "mobile",
              "results": [],
              "status": "skipped"
            }
          ],
          "id": "bed9e9a428c6e51c82c7-061dd80c16dd565a734c",
          "file": "quick-games-simpler-ui.spec.mjs",
          "line": 97,
          "column": 3
        },
        {
          "title": "intrusul restores usable board focus after keyboard hint activation",
          "ok": true,
          "tags": [],
          "tests": [
            {
              "timeout": 45000,
              "annotations": [],
              "expectedStatus": "passed",
              "projectId": "mobile",
              "projectName": "mobile",
              "results": [],
              "status": "skipped"
            }
          ],
          "id": "bed9e9a428c6e51c82c7-9d1c5d7a84c02c4623e7",
          "file": "quick-games-simpler-ui.spec.mjs",
          "line": 118,
          "column": 3
        },
        {
          "title": "intrusul preserves rules focus while a keyboard hint response is held",
          "ok": true,
          "tags": [],
          "tests": [
            {
              "timeout": 45000,
              "annotations": [],
              "expectedStatus": "passed",
              "projectId": "mobile",
              "projectName": "mobile",
              "results": [],
              "status": "skipped"
            }
          ],
          "id": "bed9e9a428c6e51c82c7-e5c0356a15d5b25410ac",
          "file": "quick-games-simpler-ui.spec.mjs",
          "line": 138,
          "column": 3
        },
        {
          "title": "perechi keeps the complete initial board visible on a narrow phone",
          "ok": true,
          "tags": [],
          "tests": [
            {
              "timeout": 45000,
              "annotations": [],
              "expectedStatus": "passed",
              "projectId": "mobile",
              "projectName": "mobile",
              "results": [],
              "status": "skipped"
            }
          ],
          "id": "bed9e9a428c6e51c82c7-0120817a31a44498e87a",
          "file": "quick-games-simpler-ui.spec.mjs",
          "line": 26,
          "column": 3
        },
        {
          "title": "perechi widens cards for enlarged text while preserving normal phone and desktop columns",
          "ok": true,
          "tags": [],
          "tests": [
            {
              "timeout": 45000,
              "annotations": [],
              "expectedStatus": "passed",
              "projectId": "mobile",
              "projectName": "mobile",
              "results": [],
              "status": "skipped"
            }
          ],
          "id": "bed9e9a428c6e51c82c7-aff8bf3bb8e7043e4394",
          "file": "quick-games-simpler-ui.spec.mjs",
          "line": 45,
          "column": 3
        },
        {
          "title": "perechi makes an unlocked hint explicit, priced and persistent",
          "ok": true,
          "tags": [],
          "tests": [
            {
              "timeout": 45000,
              "annotations": [],
              "expectedStatus": "passed",
              "projectId": "mobile",
              "projectName": "mobile",
              "results": [],
              "status": "skipped"
            }
          ],
          "id": "bed9e9a428c6e51c82c7-d13b9e1ebfa1a129e2a6",
          "file": "quick-games-simpler-ui.spec.mjs",
          "line": 97,
          "column": 3
        },
        {
          "title": "perechi restores usable board focus after keyboard hint activation",
          "ok": true,
          "tags": [],
          "tests": [
            {
              "timeout": 45000,
              "annotations": [],
              "expectedStatus": "passed",
              "projectId": "mobile",
              "projectName": "mobile",
              "results": [],
              "status": "skipped"
            }
          ],
          "id": "bed9e9a428c6e51c82c7-62faab709b557cc46b86",
          "file": "quick-games-simpler-ui.spec.mjs",
          "line": 118,
          "column": 3
        },
        {
          "title": "perechi preserves rules focus while a keyboard hint response is held",
          "ok": true,
          "tags": [],
          "tests": [
            {
              "timeout": 45000,
              "annotations": [],
              "expectedStatus": "passed",
              "projectId": "mobile",
              "projectName": "mobile",
              "results": [],
              "status": "skipped"
            }
          ],
          "id": "bed9e9a428c6e51c82c7-c498d132507e7b9597ce",
          "file": "quick-games-simpler-ui.spec.mjs",
          "line": 138,
          "column": 3
        },
        {
          "title": "Perechi cancels on retap and submits a pair on the second word only",
          "ok": true,
          "tags": [],
          "tests": [
            {
              "timeout": 45000,
              "annotations": [],
              "expectedStatus": "passed",
              "projectId": "mobile",
              "projectName": "mobile",
              "results": [],
              "status": "skipped"
            }
          ],
          "id": "bed9e9a428c6e51c82c7-1cec098fac1c082a493e",
          "file": "quick-games-simpler-ui.spec.mjs",
          "line": 170,
          "column": 1
        }
      ]
    },
    {
      "title": "release-recovery-storage.spec.mjs",
      "file": "release-recovery-storage.spec.mjs",
      "column": 0,
      "line": 0,
      "specs": [
        {
          "title": "denied localStorage and sessionStorage getters still allow all six games",
          "ok": true,
          "tags": [],
          "tests": [
            {
              "timeout": 45000,
              "annotations": [],
              "expectedStatus": "passed",
              "projectId": "desktop",
              "projectName": "desktop",
              "results": [],
              "status": "skipped"
            }
          ],
          "id": "89d501e25e8a7b599e64-da568130711f8a455570",
          "file": "release-recovery-storage.spec.mjs",
          "line": 26,
          "column": 1
        },
        {
          "title": "a denied-storage chunk failure offers home and explicit reload without losing a saved round",
          "ok": true,
          "tags": [],
          "tests": [
            {
              "timeout": 45000,
              "annotations": [],
              "expectedStatus": "passed",
              "projectId": "desktop",
              "projectName": "desktop",
              "results": [],
              "status": "skipped"
            }
          ],
          "id": "89d501e25e8a7b599e64-2e5fee032149afc847fe",
          "file": "release-recovery-storage.spec.mjs",
          "line": 47,
          "column": 1
        },
        {
          "title": "a slowly failing chunk reloads once then exposes recovery on the next document",
          "ok": true,
          "tags": [],
          "tests": [
            {
              "timeout": 45000,
              "annotations": [],
              "expectedStatus": "passed",
              "projectId": "desktop",
              "projectName": "desktop",
              "results": [],
              "status": "skipped"
            }
          ],
          "id": "89d501e25e8a7b599e64-9bb97de3773baafddc50",
          "file": "release-recovery-storage.spec.mjs",
          "line": 82,
          "column": 1
        },
        {
          "title": "an AccountBar chunk failure leaves Home usable",
          "ok": true,
          "tags": [],
          "tests": [
            {
              "timeout": 45000,
              "annotations": [],
              "expectedStatus": "passed",
              "projectId": "desktop",
              "projectName": "desktop",
              "results": [],
              "status": "skipped"
            }
          ],
          "id": "89d501e25e8a7b599e64-63ebe55a0887c4bfb7bf",
          "file": "release-recovery-storage.spec.mjs",
          "line": 105,
          "column": 1
        },
        {
          "title": "denied localStorage and sessionStorage getters still allow all six games",
          "ok": true,
          "tags": [],
          "tests": [
            {
              "timeout": 45000,
              "annotations": [],
              "expectedStatus": "passed",
              "projectId": "mobile",
              "projectName": "mobile",
              "results": [],
              "status": "skipped"
            }
          ],
          "id": "89d501e25e8a7b599e64-3f382af6618e5a516c4e",
          "file": "release-recovery-storage.spec.mjs",
          "line": 26,
          "column": 1
        },
        {
          "title": "a denied-storage chunk failure offers home and explicit reload without losing a saved round",
          "ok": true,
          "tags": [],
          "tests": [
            {
              "timeout": 45000,
              "annotations": [],
              "expectedStatus": "passed",
              "projectId": "mobile",
              "projectName": "mobile",
              "results": [],
              "status": "skipped"
            }
          ],
          "id": "89d501e25e8a7b599e64-db500885d36773896e06",
          "file": "release-recovery-storage.spec.mjs",
          "line": 47,
          "column": 1
        },
        {
          "title": "a slowly failing chunk reloads once then exposes recovery on the next document",
          "ok": true,
          "tags": [],
          "tests": [
            {
              "timeout": 45000,
              "annotations": [],
              "expectedStatus": "passed",
              "projectId": "mobile",
              "projectName": "mobile",
              "results": [],
              "status": "skipped"
            }
          ],
          "id": "89d501e25e8a7b599e64-1720d08b0ef6d9d69091",
          "file": "release-recovery-storage.spec.mjs",
          "line": 82,
          "column": 1
        },
        {
          "title": "an AccountBar chunk failure leaves Home usable",
          "ok": true,
          "tags": [],
          "tests": [
            {
              "timeout": 45000,
              "annotations": [],
              "expectedStatus": "passed",
              "projectId": "mobile",
              "projectName": "mobile",
              "results": [],
              "status": "skipped"
            }
          ],
          "id": "89d501e25e8a7b599e64-4604cddad4705a66ff90",
          "file": "release-recovery-storage.spec.mjs",
          "line": 105,
          "column": 1
        }
      ]
    },
    {
      "title": "resume-recovery.spec.mjs",
      "file": "resume-recovery.spec.mjs",
      "column": 0,
      "line": 0,
      "specs": [],
      "suites": [
        {
          "title": "V74 saved-game recovery",
          "file": "resume-recovery.spec.mjs",
          "line": 93,
          "column": 6,
          "specs": [
            {
              "title": "alchimie retains a transiently unavailable game and retries it",
              "ok": true,
              "tags": [],
              "tests": [
                {
                  "timeout": 45000,
                  "annotations": [],
                  "expectedStatus": "passed",
                  "projectId": "desktop",
                  "projectName": "desktop",
                  "results": [],
                  "status": "skipped"
                }
              ],
              "id": "f5186def8853366e7b7f-6fcf86a05803738aff08",
              "file": "resume-recovery.spec.mjs",
              "line": 95,
              "column": 5
            },
            {
              "title": "alchimie recovers a terminal game and scores it exactly once",
              "ok": true,
              "tags": [],
              "tests": [
                {
                  "timeout": 45000,
                  "annotations": [],
                  "expectedStatus": "passed",
                  "projectId": "desktop",
                  "projectName": "desktop",
                  "results": [],
                  "status": "skipped"
                }
              ],
              "id": "f5186def8853366e7b7f-224652822d118c3d9565",
              "file": "resume-recovery.spec.mjs",
              "line": 135,
              "column": 5
            },
            {
              "title": "intrusul retains a transiently unavailable game and retries it",
              "ok": true,
              "tags": [],
              "tests": [
                {
                  "timeout": 45000,
                  "annotations": [],
                  "expectedStatus": "passed",
                  "projectId": "desktop",
                  "projectName": "desktop",
                  "results": [],
                  "status": "skipped"
                }
              ],
              "id": "f5186def8853366e7b7f-884f0297ee66cb03301d",
              "file": "resume-recovery.spec.mjs",
              "line": 95,
              "column": 5
            },
            {
              "title": "intrusul recovers a terminal game and scores it exactly once",
              "ok": true,
              "tags": [],
              "tests": [
                {
                  "timeout": 45000,
                  "annotations": [],
                  "expectedStatus": "passed",
                  "projectId": "desktop",
                  "projectName": "desktop",
                  "results": [],
                  "status": "skipped"
                }
              ],
              "id": "f5186def8853366e7b7f-6b22ba4a4abdf614b110",
              "file": "resume-recovery.spec.mjs",
              "line": 135,
              "column": 5
            },
            {
              "title": "perechi retains a transiently unavailable game and retries it",
              "ok": true,
              "tags": [],
              "tests": [
                {
                  "timeout": 45000,
                  "annotations": [],
                  "expectedStatus": "passed",
                  "projectId": "desktop",
                  "projectName": "desktop",
                  "results": [],
                  "status": "skipped"
                }
              ],
              "id": "f5186def8853366e7b7f-e200f1333122d1743745",
              "file": "resume-recovery.spec.mjs",
              "line": 95,
              "column": 5
            },
            {
              "title": "perechi recovers a terminal game and scores it exactly once",
              "ok": true,
              "tags": [],
              "tests": [
                {
                  "timeout": 45000,
                  "annotations": [],
                  "expectedStatus": "passed",
                  "projectId": "desktop",
                  "projectName": "desktop",
                  "results": [],
                  "status": "skipped"
                }
              ],
              "id": "f5186def8853366e7b7f-c28c364f50ecd8e9fc62",
              "file": "resume-recovery.spec.mjs",
              "line": 135,
              "column": 5
            },
            {
              "title": "conexiuni retains a transiently unavailable game and retries it",
              "ok": true,
              "tags": [],
              "tests": [
                {
                  "timeout": 45000,
                  "annotations": [],
                  "expectedStatus": "passed",
                  "projectId": "desktop",
                  "projectName": "desktop",
                  "results": [],
                  "status": "skipped"
                }
              ],
              "id": "f5186def8853366e7b7f-98ad5194d520e3ecb4ff",
              "file": "resume-recovery.spec.mjs",
              "line": 95,
              "column": 5
            },
            {
              "title": "conexiuni recovers a terminal game and scores it exactly once",
              "ok": true,
              "tags": [],
              "tests": [
                {
                  "timeout": 45000,
                  "annotations": [],
                  "expectedStatus": "passed",
                  "projectId": "desktop",
                  "projectName": "desktop",
                  "results": [],
                  "status": "skipped"
                }
              ],
              "id": "f5186def8853366e7b7f-05cfdf6d5e3563184e43",
              "file": "resume-recovery.spec.mjs",
              "line": 135,
              "column": 5
            },
            {
              "title": "contexto retains a transiently unavailable game and retries it",
              "ok": true,
              "tags": [],
              "tests": [
                {
                  "timeout": 45000,
                  "annotations": [],
                  "expectedStatus": "passed",
                  "projectId": "desktop",
                  "projectName": "desktop",
                  "results": [],
                  "status": "skipped"
                }
              ],
              "id": "f5186def8853366e7b7f-c49448d90f1fc03a3f6e",
              "file": "resume-recovery.spec.mjs",
              "line": 95,
              "column": 5
            },
            {
              "title": "contexto recovers a terminal game and scores it exactly once",
              "ok": true,
              "tags": [],
              "tests": [
                {
                  "timeout": 45000,
                  "annotations": [],
                  "expectedStatus": "passed",
                  "projectId": "desktop",
                  "projectName": "desktop",
                  "results": [],
                  "status": "skipped"
                }
              ],
              "id": "f5186def8853366e7b7f-c2a086ada51d019dcdb1",
              "file": "resume-recovery.spec.mjs",
              "line": 135,
              "column": 5
            },
            {
              "title": "lant retains a transiently unavailable game and retries it",
              "ok": true,
              "tags": [],
              "tests": [
                {
                  "timeout": 45000,
                  "annotations": [],
                  "expectedStatus": "passed",
                  "projectId": "desktop",
                  "projectName": "desktop",
                  "results": [],
                  "status": "skipped"
                }
              ],
              "id": "f5186def8853366e7b7f-8414797569677570f990",
              "file": "resume-recovery.spec.mjs",
              "line": 95,
              "column": 5
            },
            {
              "title": "lant recovers a terminal game and scores it exactly once",
              "ok": true,
              "tags": [],
              "tests": [
                {
                  "timeout": 45000,
                  "annotations": [],
                  "expectedStatus": "passed",
                  "projectId": "desktop",
                  "projectName": "desktop",
                  "results": [],
                  "status": "skipped"
                }
              ],
              "id": "f5186def8853366e7b7f-947710e452adf9d9613f",
              "file": "resume-recovery.spec.mjs",
              "line": 135,
              "column": 5
            },
            {
              "title": "a queued terminal score keeps every saved game recoverable until its write finishes",
              "ok": true,
              "tags": [],
              "tests": [
                {
                  "timeout": 45000,
                  "annotations": [],
                  "expectedStatus": "passed",
                  "projectId": "desktop",
                  "projectName": "desktop",
                  "results": [],
                  "status": "skipped"
                }
              ],
              "id": "f5186def8853366e7b7f-cc850c912c9a876047d8",
              "file": "resume-recovery.spec.mjs",
              "line": 152,
              "column": 3
            },
            {
              "title": "a stale 200 response cannot displace another tab's game",
              "ok": true,
              "tags": [],
              "tests": [
                {
                  "timeout": 45000,
                  "annotations": [],
                  "expectedStatus": "passed",
                  "projectId": "desktop",
                  "projectName": "desktop",
                  "results": [],
                  "status": "skipped"
                }
              ],
              "id": "f5186def8853366e7b7f-d9a1831db086693f2d5d",
              "file": "resume-recovery.spec.mjs",
              "line": 212,
              "column": 5
            },
            {
              "title": "a stale 404 response cannot displace another tab's game",
              "ok": true,
              "tags": [],
              "tests": [
                {
                  "timeout": 45000,
                  "annotations": [],
                  "expectedStatus": "passed",
                  "projectId": "desktop",
                  "projectName": "desktop",
                  "results": [],
                  "status": "skipped"
                }
              ],
              "id": "f5186def8853366e7b7f-a1f9b6b16231eab79253",
              "file": "resume-recovery.spec.mjs",
              "line": 212,
              "column": 5
            },
            {
              "title": "an unmounted resume cannot finish a newer route's create loading",
              "ok": true,
              "tags": [],
              "tests": [
                {
                  "timeout": 45000,
                  "annotations": [],
                  "expectedStatus": "passed",
                  "projectId": "desktop",
                  "projectName": "desktop",
                  "results": [],
                  "status": "skipped"
                }
              ],
              "id": "f5186def8853366e7b7f-db620c2cf55509022073",
              "file": "resume-recovery.spec.mjs",
              "line": 257,
              "column": 3
            },
            {
              "title": "two tabs adopt one terminal session but append its local score once",
              "ok": true,
              "tags": [],
              "tests": [
                {
                  "timeout": 45000,
                  "annotations": [],
                  "expectedStatus": "passed",
                  "projectId": "desktop",
                  "projectName": "desktop",
                  "results": [],
                  "status": "skipped"
                }
              ],
              "id": "f5186def8853366e7b7f-40866fa83859b12a84ae",
              "file": "resume-recovery.spec.mjs",
              "line": 299,
              "column": 3
            },
            {
              "title": "simultaneous terminal sessions from different games preserve both score rows",
              "ok": true,
              "tags": [],
              "tests": [
                {
                  "timeout": 45000,
                  "annotations": [],
                  "expectedStatus": "passed",
                  "projectId": "desktop",
                  "projectName": "desktop",
                  "results": [],
                  "status": "skipped"
                }
              ],
              "id": "f5186def8853366e7b7f-75ce8afa53e53760db33",
              "file": "resume-recovery.spec.mjs",
              "line": 359,
              "column": 3
            },
            {
              "title": "alchimie retains a transiently unavailable game and retries it",
              "ok": true,
              "tags": [],
              "tests": [
                {
                  "timeout": 45000,
                  "annotations": [],
                  "expectedStatus": "passed",
                  "projectId": "mobile",
                  "projectName": "mobile",
                  "results": [],
                  "status": "skipped"
                }
              ],
              "id": "f5186def8853366e7b7f-cdcb46808ec90b5c78d0",
              "file": "resume-recovery.spec.mjs",
              "line": 95,
              "column": 5
            },
            {
              "title": "alchimie recovers a terminal game and scores it exactly once",
              "ok": true,
              "tags": [],
              "tests": [
                {
                  "timeout": 45000,
                  "annotations": [],
                  "expectedStatus": "passed",
                  "projectId": "mobile",
                  "projectName": "mobile",
                  "results": [],
                  "status": "skipped"
                }
              ],
              "id": "f5186def8853366e7b7f-56b662f7725836ecbb12",
              "file": "resume-recovery.spec.mjs",
              "line": 135,
              "column": 5
            },
            {
              "title": "intrusul retains a transiently unavailable game and retries it",
              "ok": true,
              "tags": [],
              "tests": [
                {
                  "timeout": 45000,
                  "annotations": [],
                  "expectedStatus": "passed",
                  "projectId": "mobile",
                  "projectName": "mobile",
                  "results": [],
                  "status": "skipped"
                }
              ],
              "id": "f5186def8853366e7b7f-05a4c575c8b76e48ac49",
              "file": "resume-recovery.spec.mjs",
              "line": 95,
              "column": 5
            },
            {
              "title": "intrusul recovers a terminal game and scores it exactly once",
              "ok": true,
              "tags": [],
              "tests": [
                {
                  "timeout": 45000,
                  "annotations": [],
                  "expectedStatus": "passed",
                  "projectId": "mobile",
                  "projectName": "mobile",
                  "results": [],
                  "status": "skipped"
                }
              ],
              "id": "f5186def8853366e7b7f-6ffd20b2effaec97acbb",
              "file": "resume-recovery.spec.mjs",
              "line": 135,
              "column": 5
            },
            {
              "title": "perechi retains a transiently unavailable game and retries it",
              "ok": true,
              "tags": [],
              "tests": [
                {
                  "timeout": 45000,
                  "annotations": [],
                  "expectedStatus": "passed",
                  "projectId": "mobile",
                  "projectName": "mobile",
                  "results": [],
                  "status": "skipped"
                }
              ],
              "id": "f5186def8853366e7b7f-27ec697c61e47218bae9",
              "file": "resume-recovery.spec.mjs",
              "line": 95,
              "column": 5
            },
            {
              "title": "perechi recovers a terminal game and scores it exactly once",
              "ok": true,
              "tags": [],
              "tests": [
                {
                  "timeout": 45000,
                  "annotations": [],
                  "expectedStatus": "passed",
                  "projectId": "mobile",
                  "projectName": "mobile",
                  "results": [],
                  "status": "skipped"
                }
              ],
              "id": "f5186def8853366e7b7f-adb924c708facf09fd8d",
              "file": "resume-recovery.spec.mjs",
              "line": 135,
              "column": 5
            },
            {
              "title": "conexiuni retains a transiently unavailable game and retries it",
              "ok": true,
              "tags": [],
              "tests": [
                {
                  "timeout": 45000,
                  "annotations": [],
                  "expectedStatus": "passed",
                  "projectId": "mobile",
                  "projectName": "mobile",
                  "results": [],
                  "status": "skipped"
                }
              ],
              "id": "f5186def8853366e7b7f-8ba0ddcfc96797a130c7",
              "file": "resume-recovery.spec.mjs",
              "line": 95,
              "column": 5
            },
            {
              "title": "conexiuni recovers a terminal game and scores it exactly once",
              "ok": true,
              "tags": [],
              "tests": [
                {
                  "timeout": 45000,
                  "annotations": [],
                  "expectedStatus": "passed",
                  "projectId": "mobile",
                  "projectName": "mobile",
                  "results": [],
                  "status": "skipped"
                }
              ],
              "id": "f5186def8853366e7b7f-8c4ba03597543b2ec040",
              "file": "resume-recovery.spec.mjs",
              "line": 135,
              "column": 5
            },
            {
              "title": "contexto retains a transiently unavailable game and retries it",
              "ok": true,
              "tags": [],
              "tests": [
                {
                  "timeout": 45000,
                  "annotations": [],
                  "expectedStatus": "passed",
                  "projectId": "mobile",
                  "projectName": "mobile",
                  "results": [],
                  "status": "skipped"
                }
              ],
              "id": "f5186def8853366e7b7f-e4d8980a569742b82279",
              "file": "resume-recovery.spec.mjs",
              "line": 95,
              "column": 5
            },
            {
              "title": "contexto recovers a terminal game and scores it exactly once",
              "ok": true,
              "tags": [],
              "tests": [
                {
                  "timeout": 45000,
                  "annotations": [],
                  "expectedStatus": "passed",
                  "projectId": "mobile",
                  "projectName": "mobile",
                  "results": [],
                  "status": "skipped"
                }
              ],
              "id": "f5186def8853366e7b7f-61de88f97aa8f33f29e9",
              "file": "resume-recovery.spec.mjs",
              "line": 135,
              "column": 5
            },
            {
              "title": "lant retains a transiently unavailable game and retries it",
              "ok": true,
              "tags": [],
              "tests": [
                {
                  "timeout": 45000,
                  "annotations": [],
                  "expectedStatus": "passed",
                  "projectId": "mobile",
                  "projectName": "mobile",
                  "results": [],
                  "status": "skipped"
                }
              ],
              "id": "f5186def8853366e7b7f-88e06a7cccef450d91da",
              "file": "resume-recovery.spec.mjs",
              "line": 95,
              "column": 5
            },
            {
              "title": "lant recovers a terminal game and scores it exactly once",
              "ok": true,
              "tags": [],
              "tests": [
                {
                  "timeout": 45000,
                  "annotations": [],
                  "expectedStatus": "passed",
                  "projectId": "mobile",
                  "projectName": "mobile",
                  "results": [],
                  "status": "skipped"
                }
              ],
              "id": "f5186def8853366e7b7f-49109d14a5e31fba7796",
              "file": "resume-recovery.spec.mjs",
              "line": 135,
              "column": 5
            },
            {
              "title": "a queued terminal score keeps every saved game recoverable until its write finishes",
              "ok": true,
              "tags": [],
              "tests": [
                {
                  "timeout": 45000,
                  "annotations": [],
                  "expectedStatus": "passed",
                  "projectId": "mobile",
                  "projectName": "mobile",
                  "results": [],
                  "status": "skipped"
                }
              ],
              "id": "f5186def8853366e7b7f-d66db42394b25a4cc087",
              "file": "resume-recovery.spec.mjs",
              "line": 152,
              "column": 3
            },
            {
              "title": "a stale 200 response cannot displace another tab's game",
              "ok": true,
              "tags": [],
              "tests": [
                {
                  "timeout": 45000,
                  "annotations": [],
                  "expectedStatus": "passed",
                  "projectId": "mobile",
                  "projectName": "mobile",
                  "results": [],
                  "status": "skipped"
                }
              ],
              "id": "f5186def8853366e7b7f-bd74860fd5f742ffed35",
              "file": "resume-recovery.spec.mjs",
              "line": 212,
              "column": 5
            },
            {
              "title": "a stale 404 response cannot displace another tab's game",
              "ok": true,
              "tags": [],
              "tests": [
                {
                  "timeout": 45000,
                  "annotations": [],
                  "expectedStatus": "passed",
                  "projectId": "mobile",
                  "projectName": "mobile",
                  "results": [],
                  "status": "skipped"
                }
              ],
              "id": "f5186def8853366e7b7f-7e5daf4c0189328ca742",
              "file": "resume-recovery.spec.mjs",
              "line": 212,
              "column": 5
            },
            {
              "title": "an unmounted resume cannot finish a newer route's create loading",
              "ok": true,
              "tags": [],
              "tests": [
                {
                  "timeout": 45000,
                  "annotations": [],
                  "expectedStatus": "passed",
                  "projectId": "mobile",
                  "projectName": "mobile",
                  "results": [],
                  "status": "skipped"
                }
              ],
              "id": "f5186def8853366e7b7f-33d72bbcc72392e8432d",
              "file": "resume-recovery.spec.mjs",
              "line": 257,
              "column": 3
            },
            {
              "title": "two tabs adopt one terminal session but append its local score once",
              "ok": true,
              "tags": [],
              "tests": [
                {
                  "timeout": 45000,
                  "annotations": [],
                  "expectedStatus": "passed",
                  "projectId": "mobile",
                  "projectName": "mobile",
                  "results": [],
                  "status": "skipped"
                }
              ],
              "id": "f5186def8853366e7b7f-16391cfb506d3135a0b9",
              "file": "resume-recovery.spec.mjs",
              "line": 299,
              "column": 3
            },
            {
              "title": "simultaneous terminal sessions from different games preserve both score rows",
              "ok": true,
              "tags": [],
              "tests": [
                {
                  "timeout": 45000,
                  "annotations": [],
                  "expectedStatus": "passed",
                  "projectId": "mobile",
                  "projectName": "mobile",
                  "results": [],
                  "status": "skipped"
                }
              ],
              "id": "f5186def8853366e7b7f-66b5c776ee2966bb45c2",
              "file": "resume-recovery.spec.mjs",
              "line": 359,
              "column": 3
            }
          ]
        }
      ]
    },
    {
      "title": "start-failure.spec.mjs",
      "file": "start-failure.spec.mjs",
      "column": 0,
      "line": 0,
      "specs": [
        {
          "title": "alchimie keeps a failed new start visible and retries the selected options",
          "ok": true,
          "tags": [],
          "tests": [
            {
              "timeout": 45000,
              "annotations": [],
              "expectedStatus": "passed",
              "projectId": "desktop",
              "projectName": "desktop",
              "results": [],
              "status": "skipped"
            }
          ],
          "id": "f73e1c0428e64fb41b1f-35c84a852883f8ac188e",
          "file": "start-failure.spec.mjs",
          "line": 63,
          "column": 3
        },
        {
          "title": "alchimie retains its completed result when replay creation fails",
          "ok": true,
          "tags": [],
          "tests": [
            {
              "timeout": 45000,
              "annotations": [],
              "expectedStatus": "passed",
              "projectId": "desktop",
              "projectName": "desktop",
              "results": [],
              "status": "skipped"
            }
          ],
          "id": "f73e1c0428e64fb41b1f-b2d0ad6af06a45e944e3",
          "file": "start-failure.spec.mjs",
          "line": 107,
          "column": 3
        },
        {
          "title": "intrusul keeps a failed new start visible and retries the selected options",
          "ok": true,
          "tags": [],
          "tests": [
            {
              "timeout": 45000,
              "annotations": [],
              "expectedStatus": "passed",
              "projectId": "desktop",
              "projectName": "desktop",
              "results": [],
              "status": "skipped"
            }
          ],
          "id": "f73e1c0428e64fb41b1f-fe0e28741fcf92eb4427",
          "file": "start-failure.spec.mjs",
          "line": 63,
          "column": 3
        },
        {
          "title": "intrusul retains its completed result when replay creation fails",
          "ok": true,
          "tags": [],
          "tests": [
            {
              "timeout": 45000,
              "annotations": [],
              "expectedStatus": "passed",
              "projectId": "desktop",
              "projectName": "desktop",
              "results": [],
              "status": "skipped"
            }
          ],
          "id": "f73e1c0428e64fb41b1f-55fc129d5350b894e75f",
          "file": "start-failure.spec.mjs",
          "line": 107,
          "column": 3
        },
        {
          "title": "perechi keeps a failed new start visible and retries the selected options",
          "ok": true,
          "tags": [],
          "tests": [
            {
              "timeout": 45000,
              "annotations": [],
              "expectedStatus": "passed",
              "projectId": "desktop",
              "projectName": "desktop",
              "results": [],
              "status": "skipped"
            }
          ],
          "id": "f73e1c0428e64fb41b1f-861db8360fef0e2f6a2a",
          "file": "start-failure.spec.mjs",
          "line": 63,
          "column": 3
        },
        {
          "title": "perechi retains its completed result when replay creation fails",
          "ok": true,
          "tags": [],
          "tests": [
            {
              "timeout": 45000,
              "annotations": [],
              "expectedStatus": "passed",
              "projectId": "desktop",
              "projectName": "desktop",
              "results": [],
              "status": "skipped"
            }
          ],
          "id": "f73e1c0428e64fb41b1f-4e41288144299beae365",
          "file": "start-failure.spec.mjs",
          "line": 107,
          "column": 3
        },
        {
          "title": "conexiuni keeps a failed new start visible and retries the selected options",
          "ok": true,
          "tags": [],
          "tests": [
            {
              "timeout": 45000,
              "annotations": [],
              "expectedStatus": "passed",
              "projectId": "desktop",
              "projectName": "desktop",
              "results": [],
              "status": "skipped"
            }
          ],
          "id": "f73e1c0428e64fb41b1f-a19f5e7c1e96a05377cc",
          "file": "start-failure.spec.mjs",
          "line": 63,
          "column": 3
        },
        {
          "title": "conexiuni retains its completed result when replay creation fails",
          "ok": true,
          "tags": [],
          "tests": [
            {
              "timeout": 45000,
              "annotations": [],
              "expectedStatus": "passed",
              "projectId": "desktop",
              "projectName": "desktop",
              "results": [],
              "status": "skipped"
            }
          ],
          "id": "f73e1c0428e64fb41b1f-bb571752a5d76a448d6a",
          "file": "start-failure.spec.mjs",
          "line": 107,
          "column": 3
        },
        {
          "title": "contexto keeps a failed new start visible and retries the selected options",
          "ok": true,
          "tags": [],
          "tests": [
            {
              "timeout": 45000,
              "annotations": [],
              "expectedStatus": "passed",
              "projectId": "desktop",
              "projectName": "desktop",
              "results": [],
              "status": "skipped"
            }
          ],
          "id": "f73e1c0428e64fb41b1f-036124baa0242bb2e04c",
          "file": "start-failure.spec.mjs",
          "line": 63,
          "column": 3
        },
        {
          "title": "contexto retains its completed result when replay creation fails",
          "ok": true,
          "tags": [],
          "tests": [
            {
              "timeout": 45000,
              "annotations": [],
              "expectedStatus": "passed",
              "projectId": "desktop",
              "projectName": "desktop",
              "results": [],
              "status": "skipped"
            }
          ],
          "id": "f73e1c0428e64fb41b1f-9aaa88119fd5d0a01c94",
          "file": "start-failure.spec.mjs",
          "line": 107,
          "column": 3
        },
        {
          "title": "lant keeps a failed new start visible and retries the selected options",
          "ok": true,
          "tags": [],
          "tests": [
            {
              "timeout": 45000,
              "annotations": [],
              "expectedStatus": "passed",
              "projectId": "desktop",
              "projectName": "desktop",
              "results": [],
              "status": "skipped"
            }
          ],
          "id": "f73e1c0428e64fb41b1f-ce23ae61af625c0ff02d",
          "file": "start-failure.spec.mjs",
          "line": 63,
          "column": 3
        },
        {
          "title": "lant retains its completed result when replay creation fails",
          "ok": true,
          "tags": [],
          "tests": [
            {
              "timeout": 45000,
              "annotations": [],
              "expectedStatus": "passed",
              "projectId": "desktop",
              "projectName": "desktop",
              "results": [],
              "status": "skipped"
            }
          ],
          "id": "f73e1c0428e64fb41b1f-9d8ef4e128ed9717d555",
          "file": "start-failure.spec.mjs",
          "line": 107,
          "column": 3
        },
        {
          "title": "alchimie retains its live round and blocks actions while another round is pending",
          "ok": true,
          "tags": [],
          "tests": [
            {
              "timeout": 45000,
              "annotations": [],
              "expectedStatus": "passed",
              "projectId": "desktop",
              "projectName": "desktop",
              "results": [],
              "status": "skipped"
            }
          ],
          "id": "f73e1c0428e64fb41b1f-668ccd179039d19c9e86",
          "file": "start-failure.spec.mjs",
          "line": 171,
          "column": 1
        },
        {
          "title": "alchimie keeps a failed new start visible and retries the selected options",
          "ok": true,
          "tags": [],
          "tests": [
            {
              "timeout": 45000,
              "annotations": [],
              "expectedStatus": "passed",
              "projectId": "mobile",
              "projectName": "mobile",
              "results": [],
              "status": "skipped"
            }
          ],
          "id": "f73e1c0428e64fb41b1f-515e402a44b6ec7329e3",
          "file": "start-failure.spec.mjs",
          "line": 63,
          "column": 3
        },
        {
          "title": "alchimie retains its completed result when replay creation fails",
          "ok": true,
          "tags": [],
          "tests": [
            {
              "timeout": 45000,
              "annotations": [],
              "expectedStatus": "passed",
              "projectId": "mobile",
              "projectName": "mobile",
              "results": [],
              "status": "skipped"
            }
          ],
          "id": "f73e1c0428e64fb41b1f-c81dd3a5c0c1b47688a1",
          "file": "start-failure.spec.mjs",
          "line": 107,
          "column": 3
        },
        {
          "title": "intrusul keeps a failed new start visible and retries the selected options",
          "ok": true,
          "tags": [],
          "tests": [
            {
              "timeout": 45000,
              "annotations": [],
              "expectedStatus": "passed",
              "projectId": "mobile",
              "projectName": "mobile",
              "results": [],
              "status": "skipped"
            }
          ],
          "id": "f73e1c0428e64fb41b1f-35bdc28ede4c84bf6bd3",
          "file": "start-failure.spec.mjs",
          "line": 63,
          "column": 3
        },
        {
          "title": "intrusul retains its completed result when replay creation fails",
          "ok": true,
          "tags": [],
          "tests": [
            {
              "timeout": 45000,
              "annotations": [],
              "expectedStatus": "passed",
              "projectId": "mobile",
              "projectName": "mobile",
              "results": [],
              "status": "skipped"
            }
          ],
          "id": "f73e1c0428e64fb41b1f-0d82725e3c96c7bcc996",
          "file": "start-failure.spec.mjs",
          "line": 107,
          "column": 3
        },
        {
          "title": "perechi keeps a failed new start visible and retries the selected options",
          "ok": true,
          "tags": [],
          "tests": [
            {
              "timeout": 45000,
              "annotations": [],
              "expectedStatus": "passed",
              "projectId": "mobile",
              "projectName": "mobile",
              "results": [],
              "status": "skipped"
            }
          ],
          "id": "f73e1c0428e64fb41b1f-e0ab32f93d54bee753ac",
          "file": "start-failure.spec.mjs",
          "line": 63,
          "column": 3
        },
        {
          "title": "perechi retains its completed result when replay creation fails",
          "ok": true,
          "tags": [],
          "tests": [
            {
              "timeout": 45000,
              "annotations": [],
              "expectedStatus": "passed",
              "projectId": "mobile",
              "projectName": "mobile",
              "results": [],
              "status": "skipped"
            }
          ],
          "id": "f73e1c0428e64fb41b1f-0188d6b9aaed27f021a6",
          "file": "start-failure.spec.mjs",
          "line": 107,
          "column": 3
        },
        {
          "title": "conexiuni keeps a failed new start visible and retries the selected options",
          "ok": true,
          "tags": [],
          "tests": [
            {
              "timeout": 45000,
              "annotations": [],
              "expectedStatus": "passed",
              "projectId": "mobile",
              "projectName": "mobile",
              "results": [],
              "status": "skipped"
            }
          ],
          "id": "f73e1c0428e64fb41b1f-9418e1e33ee2e7d7efd7",
          "file": "start-failure.spec.mjs",
          "line": 63,
          "column": 3
        },
        {
          "title": "conexiuni retains its completed result when replay creation fails",
          "ok": true,
          "tags": [],
          "tests": [
            {
              "timeout": 45000,
              "annotations": [],
              "expectedStatus": "passed",
              "projectId": "mobile",
              "projectName": "mobile",
              "results": [],
              "status": "skipped"
            }
          ],
          "id": "f73e1c0428e64fb41b1f-6c37212b9e3c2cc4f187",
          "file": "start-failure.spec.mjs",
          "line": 107,
          "column": 3
        },
        {
          "title": "contexto keeps a failed new start visible and retries the selected options",
          "ok": true,
          "tags": [],
          "tests": [
            {
              "timeout": 45000,
              "annotations": [],
              "expectedStatus": "passed",
              "projectId": "mobile",
              "projectName": "mobile",
              "results": [],
              "status": "skipped"
            }
          ],
          "id": "f73e1c0428e64fb41b1f-ec9b1f213dd773184516",
          "file": "start-failure.spec.mjs",
          "line": 63,
          "column": 3
        },
        {
          "title": "contexto retains its completed result when replay creation fails",
          "ok": true,
          "tags": [],
          "tests": [
            {
              "timeout": 45000,
              "annotations": [],
              "expectedStatus": "passed",
              "projectId": "mobile",
              "projectName": "mobile",
              "results": [],
              "status": "skipped"
            }
          ],
          "id": "f73e1c0428e64fb41b1f-ab2c0f180169d2383ce2",
          "file": "start-failure.spec.mjs",
          "line": 107,
          "column": 3
        },
        {
          "title": "lant keeps a failed new start visible and retries the selected options",
          "ok": true,
          "tags": [],
          "tests": [
            {
              "timeout": 45000,
              "annotations": [],
              "expectedStatus": "passed",
              "projectId": "mobile",
              "projectName": "mobile",
              "results": [],
              "status": "skipped"
            }
          ],
          "id": "f73e1c0428e64fb41b1f-1cb6e0b3e4ad50e098fc",
          "file": "start-failure.spec.mjs",
          "line": 63,
          "column": 3
        },
        {
          "title": "lant retains its completed result when replay creation fails",
          "ok": true,
          "tags": [],
          "tests": [
            {
              "timeout": 45000,
              "annotations": [],
              "expectedStatus": "passed",
              "projectId": "mobile",
              "projectName": "mobile",
              "results": [],
              "status": "skipped"
            }
          ],
          "id": "f73e1c0428e64fb41b1f-55b6ce348289ad15e0bf",
          "file": "start-failure.spec.mjs",
          "line": 107,
          "column": 3
        },
        {
          "title": "alchimie retains its live round and blocks actions while another round is pending",
          "ok": true,
          "tags": [],
          "tests": [
            {
              "timeout": 45000,
              "annotations": [],
              "expectedStatus": "passed",
              "projectId": "mobile",
              "projectName": "mobile",
              "results": [],
              "status": "skipped"
            }
          ],
          "id": "f73e1c0428e64fb41b1f-8db26a523a16a43c8c04",
          "file": "start-failure.spec.mjs",
          "line": 171,
          "column": 1
        }
      ]
    },
    {
      "title": "v1-board-grid-steps.spec.mjs",
      "file": "v1-board-grid-steps.spec.mjs",
      "column": 0,
      "line": 0,
      "specs": [
        {
          "title": "conexiuni board only ever shows whole rows of 4, 2 or 1 tiles",
          "ok": true,
          "tags": [],
          "tests": [
            {
              "timeout": 45000,
              "annotations": [],
              "expectedStatus": "passed",
              "projectId": "desktop",
              "projectName": "desktop",
              "results": [],
              "status": "skipped"
            }
          ],
          "id": "f799b85f81c39eee21c6-45b00fed30d97206def1",
          "file": "v1-board-grid-steps.spec.mjs",
          "line": 53,
          "column": 3
        },
        {
          "title": "intrusul board only ever shows whole rows of 4, 2 or 1 tiles",
          "ok": true,
          "tags": [],
          "tests": [
            {
              "timeout": 45000,
              "annotations": [],
              "expectedStatus": "passed",
              "projectId": "desktop",
              "projectName": "desktop",
              "results": [],
              "status": "skipped"
            }
          ],
          "id": "f799b85f81c39eee21c6-053bf1e97ae9c05213db",
          "file": "v1-board-grid-steps.spec.mjs",
          "line": 53,
          "column": 3
        },
        {
          "title": "perechi board only ever shows whole rows of 4, 2 or 1 tiles",
          "ok": true,
          "tags": [],
          "tests": [
            {
              "timeout": 45000,
              "annotations": [],
              "expectedStatus": "passed",
              "projectId": "desktop",
              "projectName": "desktop",
              "results": [],
              "status": "skipped"
            }
          ],
          "id": "f799b85f81c39eee21c6-3d3eb6175946202b76db",
          "file": "v1-board-grid-steps.spec.mjs",
          "line": 53,
          "column": 3
        },
        {
          "title": "Lanț stacks the route on narrow text-constrained screens so long words stay whole",
          "ok": true,
          "tags": [],
          "tests": [
            {
              "timeout": 45000,
              "annotations": [],
              "expectedStatus": "passed",
              "projectId": "desktop",
              "projectName": "desktop",
              "results": [],
              "status": "skipped"
            }
          ],
          "id": "f799b85f81c39eee21c6-7a6172c411a5b42bb6bd",
          "file": "v1-board-grid-steps.spec.mjs",
          "line": 69,
          "column": 1
        },
        {
          "title": "Alchimie inventory keeps long words whole on phones and desktop",
          "ok": true,
          "tags": [],
          "tests": [
            {
              "timeout": 45000,
              "annotations": [],
              "expectedStatus": "passed",
              "projectId": "desktop",
              "projectName": "desktop",
              "results": [],
              "status": "skipped"
            }
          ],
          "id": "f799b85f81c39eee21c6-596c0a95b139920e672f",
          "file": "v1-board-grid-steps.spec.mjs",
          "line": 88,
          "column": 1
        },
        {
          "title": "conexiuni board only ever shows whole rows of 4, 2 or 1 tiles",
          "ok": true,
          "tags": [],
          "tests": [
            {
              "timeout": 45000,
              "annotations": [],
              "expectedStatus": "passed",
              "projectId": "mobile",
              "projectName": "mobile",
              "results": [],
              "status": "skipped"
            }
          ],
          "id": "f799b85f81c39eee21c6-9eb3ec258b166024ae67",
          "file": "v1-board-grid-steps.spec.mjs",
          "line": 53,
          "column": 3
        },
        {
          "title": "intrusul board only ever shows whole rows of 4, 2 or 1 tiles",
          "ok": true,
          "tags": [],
          "tests": [
            {
              "timeout": 45000,
              "annotations": [],
              "expectedStatus": "passed",
              "projectId": "mobile",
              "projectName": "mobile",
              "results": [],
              "status": "skipped"
            }
          ],
          "id": "f799b85f81c39eee21c6-2b76c4be4d1fce81df26",
          "file": "v1-board-grid-steps.spec.mjs",
          "line": 53,
          "column": 3
        },
        {
          "title": "perechi board only ever shows whole rows of 4, 2 or 1 tiles",
          "ok": true,
          "tags": [],
          "tests": [
            {
              "timeout": 45000,
              "annotations": [],
              "expectedStatus": "passed",
              "projectId": "mobile",
              "projectName": "mobile",
              "results": [],
              "status": "skipped"
            }
          ],
          "id": "f799b85f81c39eee21c6-98e4ee67cc12d5b99de8",
          "file": "v1-board-grid-steps.spec.mjs",
          "line": 53,
          "column": 3
        },
        {
          "title": "Lanț stacks the route on narrow text-constrained screens so long words stay whole",
          "ok": true,
          "tags": [],
          "tests": [
            {
              "timeout": 45000,
              "annotations": [],
              "expectedStatus": "passed",
              "projectId": "mobile",
              "projectName": "mobile",
              "results": [],
              "status": "skipped"
            }
          ],
          "id": "f799b85f81c39eee21c6-ba9887892c038fb457d2",
          "file": "v1-board-grid-steps.spec.mjs",
          "line": 69,
          "column": 1
        },
        {
          "title": "Alchimie inventory keeps long words whole on phones and desktop",
          "ok": true,
          "tags": [],
          "tests": [
            {
              "timeout": 45000,
              "annotations": [],
              "expectedStatus": "passed",
              "projectId": "mobile",
              "projectName": "mobile",
              "results": [],
              "status": "skipped"
            }
          ],
          "id": "f799b85f81c39eee21c6-9730ca93c686d717c5fe",
          "file": "v1-board-grid-steps.spec.mjs",
          "line": 88,
          "column": 1
        }
      ]
    },
    {
      "title": "v1-record-on-loss.spec.mjs",
      "file": "v1-record-on-loss.spec.mjs",
      "column": 0,
      "line": 0,
      "specs": [
        {
          "title": "a lost first Intrusul round is history, never a record",
          "ok": true,
          "tags": [],
          "tests": [
            {
              "timeout": 45000,
              "annotations": [],
              "expectedStatus": "passed",
              "projectId": "desktop",
              "projectName": "desktop",
              "results": [],
              "status": "skipped"
            }
          ],
          "id": "11c180a6cc9022bfd01e-10cd0f405aedba0fb845",
          "file": "v1-record-on-loss.spec.mjs",
          "line": 6,
          "column": 1
        },
        {
          "title": "a lost first Intrusul round is history, never a record",
          "ok": true,
          "tags": [],
          "tests": [
            {
              "timeout": 45000,
              "annotations": [],
              "expectedStatus": "passed",
              "projectId": "mobile",
              "projectName": "mobile",
              "results": [],
              "status": "skipped"
            }
          ],
          "id": "11c180a6cc9022bfd01e-5727b6325e5a8779bc7a",
          "file": "v1-record-on-loss.spec.mjs",
          "line": 6,
          "column": 1
        }
      ]
    },
    {
      "title": "v1-testing-ux.spec.mjs",
      "file": "v1-testing-ux.spec.mjs",
      "column": 0,
      "line": 0,
      "specs": [
        {
          "title": "alchimie circuit offers the daily round without creating one on navigation",
          "ok": true,
          "tags": [],
          "tests": [
            {
              "timeout": 45000,
              "annotations": [],
              "expectedStatus": "passed",
              "projectId": "desktop",
              "projectName": "desktop",
              "results": [],
              "status": "skipped"
            }
          ],
          "id": "bcdef52ded155cd53a54-f3d169c069dec0788da5",
          "file": "v1-testing-ux.spec.mjs",
          "line": 14,
          "column": 3
        },
        {
          "title": "alchimie circuit free start creates a free round and uses up the daily intent",
          "ok": true,
          "tags": [],
          "tests": [
            {
              "timeout": 45000,
              "annotations": [],
              "expectedStatus": "passed",
              "projectId": "desktop",
              "projectName": "desktop",
              "results": [],
              "status": "skipped"
            }
          ],
          "id": "bcdef52ded155cd53a54-5e66350ea4ca0ee6ed95",
          "file": "v1-testing-ux.spec.mjs",
          "line": 40,
          "column": 3
        },
        {
          "title": "intrusul circuit offers the daily round without creating one on navigation",
          "ok": true,
          "tags": [],
          "tests": [
            {
              "timeout": 45000,
              "annotations": [],
              "expectedStatus": "passed",
              "projectId": "desktop",
              "projectName": "desktop",
              "results": [],
              "status": "skipped"
            }
          ],
          "id": "bcdef52ded155cd53a54-54d548865ee9178ce82a",
          "file": "v1-testing-ux.spec.mjs",
          "line": 14,
          "column": 3
        },
        {
          "title": "intrusul circuit free start creates a free round and uses up the daily intent",
          "ok": true,
          "tags": [],
          "tests": [
            {
              "timeout": 45000,
              "annotations": [],
              "expectedStatus": "passed",
              "projectId": "desktop",
              "projectName": "desktop",
              "results": [],
              "status": "skipped"
            }
          ],
          "id": "bcdef52ded155cd53a54-238ea5f0b85d02f6e2f5",
          "file": "v1-testing-ux.spec.mjs",
          "line": 40,
          "column": 3
        },
        {
          "title": "perechi circuit offers the daily round without creating one on navigation",
          "ok": true,
          "tags": [],
          "tests": [
            {
              "timeout": 45000,
              "annotations": [],
              "expectedStatus": "passed",
              "projectId": "desktop",
              "projectName": "desktop",
              "results": [],
              "status": "skipped"
            }
          ],
          "id": "bcdef52ded155cd53a54-36c15f274599a0a062b0",
          "file": "v1-testing-ux.spec.mjs",
          "line": 14,
          "column": 3
        },
        {
          "title": "perechi circuit free start creates a free round and uses up the daily intent",
          "ok": true,
          "tags": [],
          "tests": [
            {
              "timeout": 45000,
              "annotations": [],
              "expectedStatus": "passed",
              "projectId": "desktop",
              "projectName": "desktop",
              "results": [],
              "status": "skipped"
            }
          ],
          "id": "bcdef52ded155cd53a54-f6b47083a4f46bacf2e6",
          "file": "v1-testing-ux.spec.mjs",
          "line": 40,
          "column": 3
        },
        {
          "title": "conexiuni circuit offers the daily round without creating one on navigation",
          "ok": true,
          "tags": [],
          "tests": [
            {
              "timeout": 45000,
              "annotations": [],
              "expectedStatus": "passed",
              "projectId": "desktop",
              "projectName": "desktop",
              "results": [],
              "status": "skipped"
            }
          ],
          "id": "bcdef52ded155cd53a54-ff721c842d92e92823d1",
          "file": "v1-testing-ux.spec.mjs",
          "line": 14,
          "column": 3
        },
        {
          "title": "conexiuni circuit free start creates a free round and uses up the daily intent",
          "ok": true,
          "tags": [],
          "tests": [
            {
              "timeout": 45000,
              "annotations": [],
              "expectedStatus": "passed",
              "projectId": "desktop",
              "projectName": "desktop",
              "results": [],
              "status": "skipped"
            }
          ],
          "id": "bcdef52ded155cd53a54-dfde8a0a415303f87b21",
          "file": "v1-testing-ux.spec.mjs",
          "line": 40,
          "column": 3
        },
        {
          "title": "contexto circuit offers the daily round without creating one on navigation",
          "ok": true,
          "tags": [],
          "tests": [
            {
              "timeout": 45000,
              "annotations": [],
              "expectedStatus": "passed",
              "projectId": "desktop",
              "projectName": "desktop",
              "results": [],
              "status": "skipped"
            }
          ],
          "id": "bcdef52ded155cd53a54-2b1014b9c87ebd03cc55",
          "file": "v1-testing-ux.spec.mjs",
          "line": 14,
          "column": 3
        },
        {
          "title": "contexto circuit free start creates a free round and uses up the daily intent",
          "ok": true,
          "tags": [],
          "tests": [
            {
              "timeout": 45000,
              "annotations": [],
              "expectedStatus": "passed",
              "projectId": "desktop",
              "projectName": "desktop",
              "results": [],
              "status": "skipped"
            }
          ],
          "id": "bcdef52ded155cd53a54-a61608a1bfc3f335e303",
          "file": "v1-testing-ux.spec.mjs",
          "line": 40,
          "column": 3
        },
        {
          "title": "lant circuit offers the daily round without creating one on navigation",
          "ok": true,
          "tags": [],
          "tests": [
            {
              "timeout": 45000,
              "annotations": [],
              "expectedStatus": "passed",
              "projectId": "desktop",
              "projectName": "desktop",
              "results": [],
              "status": "skipped"
            }
          ],
          "id": "bcdef52ded155cd53a54-c2bbac27f5a7f83bac0b",
          "file": "v1-testing-ux.spec.mjs",
          "line": 14,
          "column": 3
        },
        {
          "title": "lant circuit free start creates a free round and uses up the daily intent",
          "ok": true,
          "tags": [],
          "tests": [
            {
              "timeout": 45000,
              "annotations": [],
              "expectedStatus": "passed",
              "projectId": "desktop",
              "projectName": "desktop",
              "results": [],
              "status": "skipped"
            }
          ],
          "id": "bcdef52ded155cd53a54-65ec6f58303bfd2535e3",
          "file": "v1-testing-ux.spec.mjs",
          "line": 40,
          "column": 3
        },
        {
          "title": "a finished circuit daily returns to an intro that leads with free play",
          "ok": true,
          "tags": [],
          "tests": [
            {
              "timeout": 45000,
              "annotations": [],
              "expectedStatus": "passed",
              "projectId": "desktop",
              "projectName": "desktop",
              "results": [],
              "status": "skipped"
            }
          ],
          "id": "bcdef52ded155cd53a54-2e9f3f817ba337b64932",
          "file": "v1-testing-ux.spec.mjs",
          "line": 57,
          "column": 1
        },
        {
          "title": "first visit presents descriptive game choices before daily progress",
          "ok": true,
          "tags": [],
          "tests": [
            {
              "timeout": 45000,
              "annotations": [],
              "expectedStatus": "passed",
              "projectId": "desktop",
              "projectName": "desktop",
              "results": [],
              "status": "skipped"
            }
          ],
          "id": "bcdef52ded155cd53a54-a9cd5c4ea529c6d99b48",
          "file": "v1-testing-ux.spec.mjs",
          "line": 75,
          "column": 1
        },
        {
          "title": "a circuit visit preserves an unfinished saved round",
          "ok": true,
          "tags": [],
          "tests": [
            {
              "timeout": 45000,
              "annotations": [],
              "expectedStatus": "passed",
              "projectId": "desktop",
              "projectName": "desktop",
              "results": [],
              "status": "skipped"
            }
          ],
          "id": "bcdef52ded155cd53a54-b6ea9bcba2b62fa22038",
          "file": "v1-testing-ux.spec.mjs",
          "line": 85,
          "column": 1
        },
        {
          "title": "intrusul replay is the first result action and creates just one new round",
          "ok": true,
          "tags": [],
          "tests": [
            {
              "timeout": 45000,
              "annotations": [],
              "expectedStatus": "passed",
              "projectId": "desktop",
              "projectName": "desktop",
              "results": [],
              "status": "skipped"
            }
          ],
          "id": "bcdef52ded155cd53a54-71dd45b3e8287b7e326f",
          "file": "v1-testing-ux.spec.mjs",
          "line": 117,
          "column": 3
        },
        {
          "title": "perechi replay is the first result action and creates just one new round",
          "ok": true,
          "tags": [],
          "tests": [
            {
              "timeout": 45000,
              "annotations": [],
              "expectedStatus": "passed",
              "projectId": "desktop",
              "projectName": "desktop",
              "results": [],
              "status": "skipped"
            }
          ],
          "id": "bcdef52ded155cd53a54-4ac91dcf9fde60cc51a3",
          "file": "v1-testing-ux.spec.mjs",
          "line": 117,
          "column": 3
        },
        {
          "title": "Perechi distinguishes mistakes remaining from successful attempts",
          "ok": true,
          "tags": [],
          "tests": [
            {
              "timeout": 45000,
              "annotations": [],
              "expectedStatus": "passed",
              "projectId": "desktop",
              "projectName": "desktop",
              "results": [],
              "status": "skipped"
            }
          ],
          "id": "bcdef52ded155cd53a54-64542d1d3ca8de589a83",
          "file": "v1-testing-ux.spec.mjs",
          "line": 137,
          "column": 1
        },
        {
          "title": "alchimie circuit offers the daily round without creating one on navigation",
          "ok": true,
          "tags": [],
          "tests": [
            {
              "timeout": 45000,
              "annotations": [],
              "expectedStatus": "passed",
              "projectId": "mobile",
              "projectName": "mobile",
              "results": [],
              "status": "skipped"
            }
          ],
          "id": "bcdef52ded155cd53a54-0cad3f7acaed34df9ae4",
          "file": "v1-testing-ux.spec.mjs",
          "line": 14,
          "column": 3
        },
        {
          "title": "alchimie circuit free start creates a free round and uses up the daily intent",
          "ok": true,
          "tags": [],
          "tests": [
            {
              "timeout": 45000,
              "annotations": [],
              "expectedStatus": "passed",
              "projectId": "mobile",
              "projectName": "mobile",
              "results": [],
              "status": "skipped"
            }
          ],
          "id": "bcdef52ded155cd53a54-b7a8701e21d5e7eb6c0a",
          "file": "v1-testing-ux.spec.mjs",
          "line": 40,
          "column": 3
        },
        {
          "title": "intrusul circuit offers the daily round without creating one on navigation",
          "ok": true,
          "tags": [],
          "tests": [
            {
              "timeout": 45000,
              "annotations": [],
              "expectedStatus": "passed",
              "projectId": "mobile",
              "projectName": "mobile",
              "results": [],
              "status": "skipped"
            }
          ],
          "id": "bcdef52ded155cd53a54-13163da402e80d5dff82",
          "file": "v1-testing-ux.spec.mjs",
          "line": 14,
          "column": 3
        },
        {
          "title": "intrusul circuit free start creates a free round and uses up the daily intent",
          "ok": true,
          "tags": [],
          "tests": [
            {
              "timeout": 45000,
              "annotations": [],
              "expectedStatus": "passed",
              "projectId": "mobile",
              "projectName": "mobile",
              "results": [],
              "status": "skipped"
            }
          ],
          "id": "bcdef52ded155cd53a54-cdfe9a73f57ef3a66c52",
          "file": "v1-testing-ux.spec.mjs",
          "line": 40,
          "column": 3
        },
        {
          "title": "perechi circuit offers the daily round without creating one on navigation",
          "ok": true,
          "tags": [],
          "tests": [
            {
              "timeout": 45000,
              "annotations": [],
              "expectedStatus": "passed",
              "projectId": "mobile",
              "projectName": "mobile",
              "results": [],
              "status": "skipped"
            }
          ],
          "id": "bcdef52ded155cd53a54-c669b80cbade00142809",
          "file": "v1-testing-ux.spec.mjs",
          "line": 14,
          "column": 3
        },
        {
          "title": "perechi circuit free start creates a free round and uses up the daily intent",
          "ok": true,
          "tags": [],
          "tests": [
            {
              "timeout": 45000,
              "annotations": [],
              "expectedStatus": "passed",
              "projectId": "mobile",
              "projectName": "mobile",
              "results": [],
              "status": "skipped"
            }
          ],
          "id": "bcdef52ded155cd53a54-a58f202f43c75a1e95b3",
          "file": "v1-testing-ux.spec.mjs",
          "line": 40,
          "column": 3
        },
        {
          "title": "conexiuni circuit offers the daily round without creating one on navigation",
          "ok": true,
          "tags": [],
          "tests": [
            {
              "timeout": 45000,
              "annotations": [],
              "expectedStatus": "passed",
              "projectId": "mobile",
              "projectName": "mobile",
              "results": [],
              "status": "skipped"
            }
          ],
          "id": "bcdef52ded155cd53a54-2dff4d2c6385bbe24235",
          "file": "v1-testing-ux.spec.mjs",
          "line": 14,
          "column": 3
        },
        {
          "title": "conexiuni circuit free start creates a free round and uses up the daily intent",
          "ok": true,
          "tags": [],
          "tests": [
            {
              "timeout": 45000,
              "annotations": [],
              "expectedStatus": "passed",
              "projectId": "mobile",
              "projectName": "mobile",
              "results": [],
              "status": "skipped"
            }
          ],
          "id": "bcdef52ded155cd53a54-4ea3aba92ec59e31640c",
          "file": "v1-testing-ux.spec.mjs",
          "line": 40,
          "column": 3
        },
        {
          "title": "contexto circuit offers the daily round without creating one on navigation",
          "ok": true,
          "tags": [],
          "tests": [
            {
              "timeout": 45000,
              "annotations": [],
              "expectedStatus": "passed",
              "projectId": "mobile",
              "projectName": "mobile",
              "results": [],
              "status": "skipped"
            }
          ],
          "id": "bcdef52ded155cd53a54-f69bf967bbcc68f78ada",
          "file": "v1-testing-ux.spec.mjs",
          "line": 14,
          "column": 3
        },
        {
          "title": "contexto circuit free start creates a free round and uses up the daily intent",
          "ok": true,
          "tags": [],
          "tests": [
            {
              "timeout": 45000,
              "annotations": [],
              "expectedStatus": "passed",
              "projectId": "mobile",
              "projectName": "mobile",
              "results": [],
              "status": "skipped"
            }
          ],
          "id": "bcdef52ded155cd53a54-2fcf65655ecc2abac7a0",
          "file": "v1-testing-ux.spec.mjs",
          "line": 40,
          "column": 3
        },
        {
          "title": "lant circuit offers the daily round without creating one on navigation",
          "ok": true,
          "tags": [],
          "tests": [
            {
              "timeout": 45000,
              "annotations": [],
              "expectedStatus": "passed",
              "projectId": "mobile",
              "projectName": "mobile",
              "results": [],
              "status": "skipped"
            }
          ],
          "id": "bcdef52ded155cd53a54-fc40baa4e8e64b028859",
          "file": "v1-testing-ux.spec.mjs",
          "line": 14,
          "column": 3
        },
        {
          "title": "lant circuit free start creates a free round and uses up the daily intent",
          "ok": true,
          "tags": [],
          "tests": [
            {
              "timeout": 45000,
              "annotations": [],
              "expectedStatus": "passed",
              "projectId": "mobile",
              "projectName": "mobile",
              "results": [],
              "status": "skipped"
            }
          ],
          "id": "bcdef52ded155cd53a54-6b69dcab6b5e1cc72fe6",
          "file": "v1-testing-ux.spec.mjs",
          "line": 40,
          "column": 3
        },
        {
          "title": "a finished circuit daily returns to an intro that leads with free play",
          "ok": true,
          "tags": [],
          "tests": [
            {
              "timeout": 45000,
              "annotations": [],
              "expectedStatus": "passed",
              "projectId": "mobile",
              "projectName": "mobile",
              "results": [],
              "status": "skipped"
            }
          ],
          "id": "bcdef52ded155cd53a54-3d14a2b498e2acc0a6a1",
          "file": "v1-testing-ux.spec.mjs",
          "line": 57,
          "column": 1
        },
        {
          "title": "first visit presents descriptive game choices before daily progress",
          "ok": true,
          "tags": [],
          "tests": [
            {
              "timeout": 45000,
              "annotations": [],
              "expectedStatus": "passed",
              "projectId": "mobile",
              "projectName": "mobile",
              "results": [],
              "status": "skipped"
            }
          ],
          "id": "bcdef52ded155cd53a54-a62c726dedaa8fbcf858",
          "file": "v1-testing-ux.spec.mjs",
          "line": 75,
          "column": 1
        },
        {
          "title": "a circuit visit preserves an unfinished saved round",
          "ok": true,
          "tags": [],
          "tests": [
            {
              "timeout": 45000,
              "annotations": [],
              "expectedStatus": "passed",
              "projectId": "mobile",
              "projectName": "mobile",
              "results": [],
              "status": "skipped"
            }
          ],
          "id": "bcdef52ded155cd53a54-b656d5505276a632074a",
          "file": "v1-testing-ux.spec.mjs",
          "line": 85,
          "column": 1
        },
        {
          "title": "intrusul replay is the first result action and creates just one new round",
          "ok": true,
          "tags": [],
          "tests": [
            {
              "timeout": 45000,
              "annotations": [],
              "expectedStatus": "passed",
              "projectId": "mobile",
              "projectName": "mobile",
              "results": [],
              "status": "skipped"
            }
          ],
          "id": "bcdef52ded155cd53a54-84d57a68fea1950774bb",
          "file": "v1-testing-ux.spec.mjs",
          "line": 117,
          "column": 3
        },
        {
          "title": "perechi replay is the first result action and creates just one new round",
          "ok": true,
          "tags": [],
          "tests": [
            {
              "timeout": 45000,
              "annotations": [],
              "expectedStatus": "passed",
              "projectId": "mobile",
              "projectName": "mobile",
              "results": [],
              "status": "skipped"
            }
          ],
          "id": "bcdef52ded155cd53a54-66c88b227447e8cdd2c8",
          "file": "v1-testing-ux.spec.mjs",
          "line": 117,
          "column": 3
        },
        {
          "title": "Perechi distinguishes mistakes remaining from successful attempts",
          "ok": true,
          "tags": [],
          "tests": [
            {
              "timeout": 45000,
              "annotations": [],
              "expectedStatus": "passed",
              "projectId": "mobile",
              "projectName": "mobile",
              "results": [],
              "status": "skipped"
            }
          ],
          "id": "bcdef52ded155cd53a54-dd21ac2cdc5461b12a4c",
          "file": "v1-testing-ux.spec.mjs",
          "line": 137,
          "column": 1
        }
      ]
    },
    {
      "title": "v96-input-and-focus.spec.mjs",
      "file": "v96-input-and-focus.spec.mjs",
      "column": 0,
      "line": 0,
      "specs": [
        {
          "title": "recovery of uncommitted crafting restores activated word",
          "ok": true,
          "tags": [],
          "tests": [
            {
              "timeout": 45000,
              "annotations": [],
              "expectedStatus": "passed",
              "projectId": "desktop",
              "projectName": "desktop",
              "results": [],
              "status": "skipped"
            }
          ],
          "id": "414e2437b3ea426d86f5-2f0d5ef4fe2dc8b08a67",
          "file": "v96-input-and-focus.spec.mjs",
          "line": 15,
          "column": 3
        },
        {
          "title": "recovery of uncommitted crafting respects moved focus",
          "ok": true,
          "tags": [],
          "tests": [
            {
              "timeout": 45000,
              "annotations": [],
              "expectedStatus": "passed",
              "projectId": "desktop",
              "projectName": "desktop",
              "results": [],
              "status": "skipped"
            }
          ],
          "id": "414e2437b3ea426d86f5-866bdd3a73ba433c9c4f",
          "file": "v96-input-and-focus.spec.mjs",
          "line": 15,
          "column": 3
        },
        {
          "title": "recovery of committed crafting restores activated word",
          "ok": true,
          "tags": [],
          "tests": [
            {
              "timeout": 45000,
              "annotations": [],
              "expectedStatus": "passed",
              "projectId": "desktop",
              "projectName": "desktop",
              "results": [],
              "status": "skipped"
            }
          ],
          "id": "414e2437b3ea426d86f5-dcad32f9c9dfb79eac95",
          "file": "v96-input-and-focus.spec.mjs",
          "line": 15,
          "column": 3
        },
        {
          "title": "recovery of committed crafting respects moved focus",
          "ok": true,
          "tags": [],
          "tests": [
            {
              "timeout": 45000,
              "annotations": [],
              "expectedStatus": "passed",
              "projectId": "desktop",
              "projectName": "desktop",
              "results": [],
              "status": "skipped"
            }
          ],
          "id": "414e2437b3ea426d86f5-a0918e33809dce212f9d",
          "file": "v96-input-and-focus.spec.mjs",
          "line": 15,
          "column": 3
        },
        {
          "title": "unsupported Cald sau Rece words are explicitly free and do not suggest unrelated spelling",
          "ok": true,
          "tags": [],
          "tests": [
            {
              "timeout": 45000,
              "annotations": [],
              "expectedStatus": "passed",
              "projectId": "desktop",
              "projectName": "desktop",
              "results": [],
              "status": "skipped"
            }
          ],
          "id": "414e2437b3ea426d86f5-818c72183abab12a9f3d",
          "file": "v96-input-and-focus.spec.mjs",
          "line": 59,
          "column": 1
        },
        {
          "title": "a lost final craft restores collection focus when both inputs are depleted",
          "ok": true,
          "tags": [],
          "tests": [
            {
              "timeout": 45000,
              "annotations": [],
              "expectedStatus": "passed",
              "projectId": "desktop",
              "projectName": "desktop",
              "results": [],
              "status": "skipped"
            }
          ],
          "id": "414e2437b3ea426d86f5-9f0078261c2896fd34db",
          "file": "v96-input-and-focus.spec.mjs",
          "line": 80,
          "column": 1
        },
        {
          "title": "recovery of uncommitted crafting restores activated word",
          "ok": true,
          "tags": [],
          "tests": [
            {
              "timeout": 45000,
              "annotations": [],
              "expectedStatus": "passed",
              "projectId": "mobile",
              "projectName": "mobile",
              "results": [],
              "status": "skipped"
            }
          ],
          "id": "414e2437b3ea426d86f5-1ae7327667d6594594f5",
          "file": "v96-input-and-focus.spec.mjs",
          "line": 15,
          "column": 3
        },
        {
          "title": "recovery of uncommitted crafting respects moved focus",
          "ok": true,
          "tags": [],
          "tests": [
            {
              "timeout": 45000,
              "annotations": [],
              "expectedStatus": "passed",
              "projectId": "mobile",
              "projectName": "mobile",
              "results": [],
              "status": "skipped"
            }
          ],
          "id": "414e2437b3ea426d86f5-111c99d9da2cff8f13ef",
          "file": "v96-input-and-focus.spec.mjs",
          "line": 15,
          "column": 3
        },
        {
          "title": "recovery of committed crafting restores activated word",
          "ok": true,
          "tags": [],
          "tests": [
            {
              "timeout": 45000,
              "annotations": [],
              "expectedStatus": "passed",
              "projectId": "mobile",
              "projectName": "mobile",
              "results": [],
              "status": "skipped"
            }
          ],
          "id": "414e2437b3ea426d86f5-a6fee332bdf93abc46b8",
          "file": "v96-input-and-focus.spec.mjs",
          "line": 15,
          "column": 3
        },
        {
          "title": "recovery of committed crafting respects moved focus",
          "ok": true,
          "tags": [],
          "tests": [
            {
              "timeout": 45000,
              "annotations": [],
              "expectedStatus": "passed",
              "projectId": "mobile",
              "projectName": "mobile",
              "results": [],
              "status": "skipped"
            }
          ],
          "id": "414e2437b3ea426d86f5-bac94f101dc4a59ce443",
          "file": "v96-input-and-focus.spec.mjs",
          "line": 15,
          "column": 3
        },
        {
          "title": "unsupported Cald sau Rece words are explicitly free and do not suggest unrelated spelling",
          "ok": true,
          "tags": [],
          "tests": [
            {
              "timeout": 45000,
              "annotations": [],
              "expectedStatus": "passed",
              "projectId": "mobile",
              "projectName": "mobile",
              "results": [],
              "status": "skipped"
            }
          ],
          "id": "414e2437b3ea426d86f5-0265e3c5c44063a3fb9d",
          "file": "v96-input-and-focus.spec.mjs",
          "line": 59,
          "column": 1
        },
        {
          "title": "a lost final craft restores collection focus when both inputs are depleted",
          "ok": true,
          "tags": [],
          "tests": [
            {
              "timeout": 45000,
              "annotations": [],
              "expectedStatus": "passed",
              "projectId": "mobile",
              "projectName": "mobile",
              "results": [],
              "status": "skipped"
            }
          ],
          "id": "414e2437b3ea426d86f5-82a4802a56905e37ecb2",
          "file": "v96-input-and-focus.spec.mjs",
          "line": 80,
          "column": 1
        }
      ]
    }
  ],
  "errors": [],
  "stats": {
    "startTime": "2026-10-08T02:55:28.940Z",
    "duration": 1949.3400000000001,
    "expected": 0,
    "skipped": 900,
    "unexpected": 0,
    "flaky": 0
  }
}
