+ npm (3 arguments)

added 171 packages in 4s
+ npm (2 arguments)
vite v8.1.4 building client environment for production...
[2Ktransforming...✓ 494 modules transformed.
rendering chunks...
computing gzip size...
../cat_de_roman_esti/web/static/index.html                                             1.16 kB │ gzip:   0.60 kB
../cat_de_roman_esti/web/static/assets/fredoka-latin-ext-wght-normal-CYrqKuxd.woff2    4.57 kB
../cat_de_roman_esti/web/static/.vite/manifest.json                                    6.00 kB │ gzip:   0.98 kB
../cat_de_roman_esti/web/static/assets/fredoka-latin-wght-normal-DM6njrJ3.woff2       29.73 kB
../cat_de_roman_esti/web/static/assets/inter-latin-wght-normal-Dx4kXJAl.woff2         48.25 kB
../cat_de_roman_esti/web/static/assets/inter-latin-ext-wght-normal-DO1Apj_S.woff2     85.06 kB
../cat_de_roman_esti/web/static/assets/GameOptions-CEWYWGsz.css                        1.06 kB │ gzip:   0.44 kB
../cat_de_roman_esti/web/static/assets/CaldRece-B885PE19.css                           1.07 kB │ gzip:   0.41 kB
../cat_de_roman_esti/web/static/assets/Lant-BHivICVC.css                               1.18 kB │ gzip:   0.54 kB
../cat_de_roman_esti/web/static/assets/Intrusul-D_KdYx8Y.css                           1.99 kB │ gzip:   0.71 kB
../cat_de_roman_esti/web/static/assets/Perechi-DUzfG4A6.css                            2.80 kB │ gzip:   0.90 kB
../cat_de_roman_esti/web/static/assets/Conexiuni-DfW6SbKo.css                          3.01 kB │ gzip:   0.82 kB
../cat_de_roman_esti/web/static/assets/Alchimie-DdrzYmQc.css                          15.35 kB │ gzip:   3.48 kB
../cat_de_roman_esti/web/static/assets/index-D9HNWgEs.css                             39.52 kB │ gzip:   8.79 kB
../cat_de_roman_esti/web/static/assets/GameSetupOptions-CMNeowgo.js                    0.33 kB │ gzip:   0.24 kB
../cat_de_roman_esti/web/static/assets/GameOptions-ia4sPKKo.js                         0.40 kB │ gzip:   0.27 kB
../cat_de_roman_esti/web/static/assets/scoreSync-BVBILyAK.js                           0.63 kB │ gzip:   0.39 kB
../cat_de_roman_esti/web/static/assets/derivedReplay-Bor7pKb-.js                       0.95 kB │ gzip:   0.49 kB
../cat_de_roman_esti/web/static/assets/auth-CnzO1y42.js                                1.16 kB │ gzip:   0.68 kB
../cat_de_roman_esti/web/static/assets/CategoryPicker-BdaaYRb5.js                      3.39 kB │ gzip:   1.53 kB
../cat_de_roman_esti/web/static/assets/Ranking-m788lj7M.js                             3.47 kB │ gzip:   1.42 kB
../cat_de_roman_esti/web/static/assets/AccountBar-B_1k6UL8.js                          5.98 kB │ gzip:   2.11 kB
../cat_de_roman_esti/web/static/assets/Intrusul-Ga_cb812.js                           10.93 kB │ gzip:   4.39 kB
../cat_de_roman_esti/web/static/assets/Perechi-BmY0hozH.js                            13.37 kB │ gzip:   5.14 kB
../cat_de_roman_esti/web/static/assets/Conexiuni-Cpid-uuX.js                          15.86 kB │ gzip:   6.06 kB
../cat_de_roman_esti/web/static/assets/useSavedGameResume-DPDD-JYv.js                 16.04 kB │ gzip:   6.20 kB
../cat_de_roman_esti/web/static/assets/Lant-CNm6lAs4.js                               18.69 kB │ gzip:   6.57 kB
../cat_de_roman_esti/web/static/assets/CaldRece-BeT20Ptx.js                           19.84 kB │ gzip:   6.77 kB
../cat_de_roman_esti/web/static/assets/Alchimie-BkN0hBpY.js                           44.65 kB │ gzip:  13.65 kB
../cat_de_roman_esti/web/static/assets/index-qYTSE3Vo.js                             350.67 kB │ gzip: 115.29 kB

✓ built in 4.22s
Initial JS/CSS gzip budget (limit 120.0 KiB):
     8.53 KiB  assets/index-D9HNWgEs.css
   111.24 KiB  assets/index-qYTSE3Vo.js
   119.78 KiB  total
Romanian font subsets: 4 (Latin + Latin Extended only)
npm notice run cat-de-roman-esti-frontend@1.0.1 build
npm notice run tsc --noEmit && vite build && npm run check:bundle
npm notice run cat-de-roman-esti-frontend@1.0.1 check:bundle
npm notice run node scripts/check-bundle-budget.mjs
+ go (4 arguments)
+ go (4 arguments)
+ node (1 arguments)
{
  "schema": 1,
  "check": "cat-original-ui-runtime-execution",
  "status": "pass",
  "app": "cat_de_roman_esti",
  "sha": "ae9be5b5a0f891dd5d36d6bb18945e9dcd8102a5",
  "tree_sha256": "03dc2fd85a7abb2b095dbf5eca481ff21e92019f621504ae263344354384d66d",
  "toolchain_digest": "sha256:2e040a5165d79be63755424f707fdb8cf609ace831ada7a9baca398ac25e12b9",
  "runtime_sdk": {
    "name": "@roedu/ui",
    "version": "0.3.0",
    "archive_sha256": "1934a81cdfd737a051f591ebcae072f5028943b715456dbb2899b483d399c244",
    "manifest_sha256": "1e693baa0e9187ffcdd6c35f841370e70ec71551751d10fc01902b6be2f57357",
    "entry": "dist/index.js",
    "entry_sha256": "45bc37efd15df1d9671d17e5d5f96518128a19da9af4bdfc3d437906ab8d049d"
  },
  "runtime_dependencies": {
    "react": "19.2.7",
    "react-dom": "19.2.7",
    "framer-motion": "12.42.2"
  },
  "dependency_graph": {
    "manifest": {
      "path": "docs/reviews/gui-original-react/original-package.json",
      "sha256": "efde2d3fbdebc5899dc63ca6b518cab0d60370ef36a7301477da720f4978e2e9"
    },
    "lock": {
      "path": "docs/reviews/gui-original-react/original-lock.json",
      "sha256": "f72661b4bd7ad129a6771037bf900a616a0fdf84bbb41f70c6d118b69fb1b62c"
    }
  },
  "fixtures": [
    {
      "id": "original-intrusul-intro-single-flight",
      "suite": "behavior",
      "source": {
        "path": "docs/reviews/gui-original-react/runtime.spec.mjs",
        "sha256": "2b06e9274a39d33352d0f5f9856899530911b90e7cdefe264f6fb75398409e2a"
      },
      "assertions": [
        {
          "id": "intro.inert-and-busy",
          "status": "pass",
          "executed": true
        },
        {
          "id": "intro.all-actions-disabled",
          "status": "pass",
          "executed": true
        },
        {
          "id": "intro.no-second-create-or-saved-pointer",
          "status": "pass",
          "executed": true
        },
        {
          "id": "intro.authoritative-board-and-pointer",
          "status": "pass",
          "executed": true
        }
      ],
      "executed": true
    },
    {
      "id": "original-intrusul-leaving-actions",
      "suite": "presence",
      "source": {
        "path": "docs/reviews/gui-original-react/runtime.spec.mjs",
        "sha256": "2b06e9274a39d33352d0f5f9856899530911b90e7cdefe264f6fb75398409e2a"
      },
      "assertions": [
        {
          "id": "exit.mounted-controls-locked",
          "status": "pass",
          "executed": true
        },
        {
          "id": "exit.no-requests-or-score-writes",
          "status": "pass",
          "executed": true
        }
      ],
      "executed": true
    },
    {
      "id": "original-intrusul-leaving-earned-hint",
      "suite": "presence",
      "source": {
        "path": "docs/reviews/gui-original-react/runtime.spec.mjs",
        "sha256": "2b06e9274a39d33352d0f5f9856899530911b90e7cdefe264f6fb75398409e2a"
      },
      "assertions": [
        {
          "id": "exit.earned-control-is-mounted-and-disabled",
          "status": "pass",
          "executed": true
        },
        {
          "id": "exit.earned-control-causes-no-mutation-read-record",
          "status": "pass",
          "executed": true
        }
      ],
      "executed": true
    },
    {
      "id": "original-intrusul-leaving-recovery-retry",
      "suite": "presence",
      "source": {
        "path": "docs/reviews/gui-original-react/runtime.spec.mjs",
        "sha256": "2b06e9274a39d33352d0f5f9856899530911b90e7cdefe264f6fb75398409e2a"
      },
      "assertions": [
        {
          "id": "exit.earned-control-is-mounted-and-disabled",
          "status": "pass",
          "executed": true
        },
        {
          "id": "exit.earned-control-causes-no-mutation-read-record",
          "status": "pass",
          "executed": true
        }
      ],
      "executed": true
    },
    {
      "id": "original-intrusul-held-winning-mutation",
      "suite": "presence",
      "source": {
        "path": "docs/reviews/gui-original-react/runtime.spec.mjs",
        "sha256": "2b06e9274a39d33352d0f5f9856899530911b90e7cdefe264f6fb75398409e2a"
      },
      "assertions": [
        {
          "id": "exit.reply-released-while-mounted-and-locked",
          "status": "pass",
          "executed": true
        },
        {
          "id": "stale.no-transient-terminal-adoption-during-exit",
          "status": "pass",
          "executed": true
        },
        {
          "id": "stale.no-record-no-result-no-extra-request",
          "status": "pass",
          "executed": true
        },
        {
          "id": "resume.result-visible",
          "status": "pass",
          "executed": true
        },
        {
          "id": "resume.one-local-row",
          "status": "pass",
          "executed": true
        },
        {
          "id": "resume.one-completion-receipt",
          "status": "pass",
          "executed": true
        },
        {
          "id": "resume.saved-pointer-cleared",
          "status": "pass",
          "executed": true
        },
        {
          "id": "resume.repeat-does-not-record-again",
          "status": "pass",
          "executed": true
        }
      ],
      "executed": true
    },
    {
      "id": "original-intrusul-held-winning-read",
      "suite": "presence",
      "source": {
        "path": "docs/reviews/gui-original-react/runtime.spec.mjs",
        "sha256": "2b06e9274a39d33352d0f5f9856899530911b90e7cdefe264f6fb75398409e2a"
      },
      "assertions": [
        {
          "id": "exit.reply-released-while-mounted-and-locked",
          "status": "pass",
          "executed": true
        },
        {
          "id": "stale.no-transient-terminal-adoption-during-exit",
          "status": "pass",
          "executed": true
        },
        {
          "id": "stale.no-record-no-result-no-extra-request",
          "status": "pass",
          "executed": true
        },
        {
          "id": "resume.result-visible",
          "status": "pass",
          "executed": true
        },
        {
          "id": "resume.one-local-row",
          "status": "pass",
          "executed": true
        },
        {
          "id": "resume.one-completion-receipt",
          "status": "pass",
          "executed": true
        },
        {
          "id": "resume.saved-pointer-cleared",
          "status": "pass",
          "executed": true
        },
        {
          "id": "resume.repeat-does-not-record-again",
          "status": "pass",
          "executed": true
        }
      ],
      "executed": true
    },
    {
      "id": "original-intrusul-held-winning-unmounted",
      "suite": "presence",
      "source": {
        "path": "docs/reviews/gui-original-react/runtime.spec.mjs",
        "sha256": "2b06e9274a39d33352d0f5f9856899530911b90e7cdefe264f6fb75398409e2a"
      },
      "assertions": [
        {
          "id": "stale.no-record-no-result-no-extra-request",
          "status": "pass",
          "executed": true
        },
        {
          "id": "resume.result-visible",
          "status": "pass",
          "executed": true
        },
        {
          "id": "resume.one-local-row",
          "status": "pass",
          "executed": true
        },
        {
          "id": "resume.one-completion-receipt",
          "status": "pass",
          "executed": true
        },
        {
          "id": "resume.saved-pointer-cleared",
          "status": "pass",
          "executed": true
        },
        {
          "id": "resume.repeat-does-not-record-again",
          "status": "pass",
          "executed": true
        }
      ],
      "executed": true
    },
    {
      "id": "original-intrusul-private-upload-once-after-resume",
      "suite": "behavior",
      "source": {
        "path": "docs/reviews/gui-original-react/runtime.spec.mjs",
        "sha256": "2b06e9274a39d33352d0f5f9856899530911b90e7cdefe264f6fb75398409e2a"
      },
      "assertions": [
        {
          "id": "upload.stale-reply-sends-nothing",
          "status": "pass",
          "executed": true
        },
        {
          "id": "resume.result-visible",
          "status": "pass",
          "executed": true
        },
        {
          "id": "resume.one-local-row",
          "status": "pass",
          "executed": true
        },
        {
          "id": "resume.one-completion-receipt",
          "status": "pass",
          "executed": true
        },
        {
          "id": "resume.saved-pointer-cleared",
          "status": "pass",
          "executed": true
        },
        {
          "id": "upload.exactly-one-earned-row",
          "status": "pass",
          "executed": true
        },
        {
          "id": "upload.repeat-resume-never-sends-second-row",
          "status": "pass",
          "executed": true
        }
      ],
      "executed": true
    },
    {
      "id": "original-perechi-intro-single-flight",
      "suite": "behavior",
      "source": {
        "path": "docs/reviews/gui-original-react/runtime.spec.mjs",
        "sha256": "2b06e9274a39d33352d0f5f9856899530911b90e7cdefe264f6fb75398409e2a"
      },
      "assertions": [
        {
          "id": "intro.inert-and-busy",
          "status": "pass",
          "executed": true
        },
        {
          "id": "intro.all-actions-disabled",
          "status": "pass",
          "executed": true
        },
        {
          "id": "intro.no-second-create-or-saved-pointer",
          "status": "pass",
          "executed": true
        },
        {
          "id": "intro.authoritative-board-and-pointer",
          "status": "pass",
          "executed": true
        }
      ],
      "executed": true
    },
    {
      "id": "original-perechi-leaving-actions",
      "suite": "presence",
      "source": {
        "path": "docs/reviews/gui-original-react/runtime.spec.mjs",
        "sha256": "2b06e9274a39d33352d0f5f9856899530911b90e7cdefe264f6fb75398409e2a"
      },
      "assertions": [
        {
          "id": "exit.mounted-controls-locked",
          "status": "pass",
          "executed": true
        },
        {
          "id": "exit.no-requests-or-score-writes",
          "status": "pass",
          "executed": true
        }
      ],
      "executed": true
    },
    {
      "id": "original-perechi-leaving-earned-hint",
      "suite": "presence",
      "source": {
        "path": "docs/reviews/gui-original-react/runtime.spec.mjs",
        "sha256": "2b06e9274a39d33352d0f5f9856899530911b90e7cdefe264f6fb75398409e2a"
      },
      "assertions": [
        {
          "id": "exit.earned-control-is-mounted-and-disabled",
          "status": "pass",
          "executed": true
        },
        {
          "id": "exit.earned-control-causes-no-mutation-read-record",
          "status": "pass",
          "executed": true
        }
      ],
      "executed": true
    },
    {
      "id": "original-perechi-leaving-recovery-retry",
      "suite": "presence",
      "source": {
        "path": "docs/reviews/gui-original-react/runtime.spec.mjs",
        "sha256": "2b06e9274a39d33352d0f5f9856899530911b90e7cdefe264f6fb75398409e2a"
      },
      "assertions": [
        {
          "id": "exit.earned-control-is-mounted-and-disabled",
          "status": "pass",
          "executed": true
        },
        {
          "id": "exit.earned-control-causes-no-mutation-read-record",
          "status": "pass",
          "executed": true
        }
      ],
      "executed": true
    },
    {
      "id": "original-perechi-held-winning-mutation",
      "suite": "presence",
      "source": {
        "path": "docs/reviews/gui-original-react/runtime.spec.mjs",
        "sha256": "2b06e9274a39d33352d0f5f9856899530911b90e7cdefe264f6fb75398409e2a"
      },
      "assertions": [
        {
          "id": "exit.reply-released-while-mounted-and-locked",
          "status": "pass",
          "executed": true
        },
        {
          "id": "stale.no-transient-terminal-adoption-during-exit",
          "status": "pass",
          "executed": true
        },
        {
          "id": "stale.no-record-no-result-no-extra-request",
          "status": "pass",
          "executed": true
        },
        {
          "id": "resume.result-visible",
          "status": "pass",
          "executed": true
        },
        {
          "id": "resume.one-local-row",
          "status": "pass",
          "executed": true
        },
        {
          "id": "resume.one-completion-receipt",
          "status": "pass",
          "executed": true
        },
        {
          "id": "resume.saved-pointer-cleared",
          "status": "pass",
          "executed": true
        },
        {
          "id": "resume.repeat-does-not-record-again",
          "status": "pass",
          "executed": true
        }
      ],
      "executed": true
    },
    {
      "id": "original-perechi-held-winning-read",
      "suite": "presence",
      "source": {
        "path": "docs/reviews/gui-original-react/runtime.spec.mjs",
        "sha256": "2b06e9274a39d33352d0f5f9856899530911b90e7cdefe264f6fb75398409e2a"
      },
      "assertions": [
        {
          "id": "exit.reply-released-while-mounted-and-locked",
          "status": "pass",
          "executed": true
        },
        {
          "id": "stale.no-transient-terminal-adoption-during-exit",
          "status": "pass",
          "executed": true
        },
        {
          "id": "stale.no-record-no-result-no-extra-request",
          "status": "pass",
          "executed": true
        },
        {
          "id": "resume.result-visible",
          "status": "pass",
          "executed": true
        },
        {
          "id": "resume.one-local-row",
          "status": "pass",
          "executed": true
        },
        {
          "id": "resume.one-completion-receipt",
          "status": "pass",
          "executed": true
        },
        {
          "id": "resume.saved-pointer-cleared",
          "status": "pass",
          "executed": true
        },
        {
          "id": "resume.repeat-does-not-record-again",
          "status": "pass",
          "executed": true
        }
      ],
      "executed": true
    },
    {
      "id": "original-perechi-held-winning-unmounted",
      "suite": "presence",
      "source": {
        "path": "docs/reviews/gui-original-react/runtime.spec.mjs",
        "sha256": "2b06e9274a39d33352d0f5f9856899530911b90e7cdefe264f6fb75398409e2a"
      },
      "assertions": [
        {
          "id": "stale.no-record-no-result-no-extra-request",
          "status": "pass",
          "executed": true
        },
        {
          "id": "resume.result-visible",
          "status": "pass",
          "executed": true
        },
        {
          "id": "resume.one-local-row",
          "status": "pass",
          "executed": true
        },
        {
          "id": "resume.one-completion-receipt",
          "status": "pass",
          "executed": true
        },
        {
          "id": "resume.saved-pointer-cleared",
          "status": "pass",
          "executed": true
        },
        {
          "id": "resume.repeat-does-not-record-again",
          "status": "pass",
          "executed": true
        }
      ],
      "executed": true
    },
    {
      "id": "original-perechi-private-upload-once-after-resume",
      "suite": "behavior",
      "source": {
        "path": "docs/reviews/gui-original-react/runtime.spec.mjs",
        "sha256": "2b06e9274a39d33352d0f5f9856899530911b90e7cdefe264f6fb75398409e2a"
      },
      "assertions": [
        {
          "id": "upload.stale-reply-sends-nothing",
          "status": "pass",
          "executed": true
        },
        {
          "id": "resume.result-visible",
          "status": "pass",
          "executed": true
        },
        {
          "id": "resume.one-local-row",
          "status": "pass",
          "executed": true
        },
        {
          "id": "resume.one-completion-receipt",
          "status": "pass",
          "executed": true
        },
        {
          "id": "resume.saved-pointer-cleared",
          "status": "pass",
          "executed": true
        },
        {
          "id": "upload.exactly-one-earned-row",
          "status": "pass",
          "executed": true
        },
        {
          "id": "upload.repeat-resume-never-sends-second-row",
          "status": "pass",
          "executed": true
        }
      ],
      "executed": true
    }
  ]
}
Original browser: 16/16 fixtures pass
+ node (1 arguments)
{
  "path": "docs/reviews/gui-original-react/receipt.json",
  "sha256": "a36a9c9fb7278753a6dcc3d6afbf0a52edde2067d1f5627e25a53cc5e667a29b",
  "source_sha": "ae9be5b5a0f891dd5d36d6bb18945e9dcd8102a5",
  "tree_sha256": "03dc2fd85a7abb2b095dbf5eca481ff21e92019f621504ae263344354384d66d",
  "toolchain_digest": "sha256:2e040a5165d79be63755424f707fdb8cf609ace831ada7a9baca398ac25e12b9",
  "runtime_sdk": {
    "name": "@roedu/ui",
    "version": "0.3.0",
    "archive_sha256": "1934a81cdfd737a051f591ebcae072f5028943b715456dbb2899b483d399c244",
    "manifest_sha256": "1e693baa0e9187ffcdd6c35f841370e70ec71551751d10fc01902b6be2f57357",
    "entry": "dist/index.js",
    "entry_sha256": "45bc37efd15df1d9671d17e5d5f96518128a19da9af4bdfc3d437906ab8d049d"
  },
  "runtime_dependencies": {
    "react": "19.2.7",
    "react-dom": "19.2.7",
    "framer-motion": "12.42.2"
  },
  "dependency_graph": {
    "manifest": {
      "path": "docs/reviews/gui-original-react/original-package.json",
      "sha256": "efde2d3fbdebc5899dc63ca6b518cab0d60370ef36a7301477da720f4978e2e9"
    },
    "lock": {
      "path": "docs/reviews/gui-original-react/original-lock.json",
      "sha256": "f72661b4bd7ad129a6771037bf900a616a0fdf84bbb41f70c6d118b69fb1b62c"
    }
  },
  "fixture_ids": [
    "original-intrusul-intro-single-flight",
    "original-intrusul-leaving-actions",
    "original-intrusul-leaving-earned-hint",
    "original-intrusul-leaving-recovery-retry",
    "original-intrusul-held-winning-mutation",
    "original-intrusul-held-winning-read",
    "original-intrusul-held-winning-unmounted",
    "original-intrusul-private-upload-once-after-resume",
    "original-perechi-intro-single-flight",
    "original-perechi-leaving-actions",
    "original-perechi-leaving-earned-hint",
    "original-perechi-leaving-recovery-retry",
    "original-perechi-held-winning-mutation",
    "original-perechi-held-winning-read",
    "original-perechi-held-winning-unmounted",
    "original-perechi-private-upload-once-after-resume"
  ],
  "assertion_count": 78,
  "evidence_paths": [
    "docs/reviews/gui-original-react/original-package.json",
    "docs/reviews/gui-original-react/original-lock.json",
    "docs/reviews/gui-original-react/runtime.spec.mjs",
    "docs/reviews/gui-original-react/runtime.spec.mjs",
    "docs/reviews/gui-original-react/runtime.spec.mjs",
    "docs/reviews/gui-original-react/runtime.spec.mjs",
    "docs/reviews/gui-original-react/runtime.spec.mjs",
    "docs/reviews/gui-original-react/runtime.spec.mjs",
    "docs/reviews/gui-original-react/runtime.spec.mjs",
    "docs/reviews/gui-original-react/runtime.spec.mjs",
    "docs/reviews/gui-original-react/runtime.spec.mjs",
    "docs/reviews/gui-original-react/runtime.spec.mjs",
    "docs/reviews/gui-original-react/runtime.spec.mjs",
    "docs/reviews/gui-original-react/runtime.spec.mjs",
    "docs/reviews/gui-original-react/runtime.spec.mjs",
    "docs/reviews/gui-original-react/runtime.spec.mjs",
    "docs/reviews/gui-original-react/runtime.spec.mjs",
    "docs/reviews/gui-original-react/runtime.spec.mjs",
    "docs/reviews/gui-original-react/native-report.json",
    "docs/reviews/gui-original-react/stdout.log",
    "docs/reviews/gui-original-react/stderr.log"
  ]
}
+ node (2 arguments)
Actual discovered cases: 654
+ npm (3 arguments)

added 2 packages in 756ms
+ node (2 arguments)
{"schema":1,"mode":"capture","proof_scope":"pinned-gen-original-runner-built-server","sha":"ae9be5b5a0f891dd5d36d6bb18945e9dcd8102a5","tree_sha256":"03dc2fd85a7abb2b095dbf5eca481ff21e92019f621504ae263344354384d66d","toolchain_digest":"sha256:2e040a5165d79be63755424f707fdb8cf609ace831ada7a9baca398ac25e12b9","inputs":{"frontend/package.json":"efde2d3fbdebc5899dc63ca6b518cab0d60370ef36a7301477da720f4978e2e9","frontend/package-lock.json":"f72661b4bd7ad129a6771037bf900a616a0fdf84bbb41f70c6d118b69fb1b62c","frontend/vendor/roedu-ui-0.3.0.tgz":"1934a81cdfd737a051f591ebcae072f5028943b715456dbb2899b483d399c244","tools/gui-baseline-quality/package.json":"649e32643affa9e46488e4c29aef8ca3da14d5a101191101294abe053356c5a4","tools/gui-baseline-quality/package-lock.json":"115b3cb9943c727136cab6ae646baa3a7e3ba31bd5aaca4195a14fd27484f466"},"sizes":{"_CategoryPicker-BdaaYRb5.js":{"file":"assets/CategoryPicker-BdaaYRb5.js","bytes":3396,"gz":1533,"br":1398},"_GameOptions-CEWYWGsz.css":{"file":"assets/GameOptions-CEWYWGsz.css","bytes":1061,"gz":445,"br":338},"_GameOptions-ia4sPKKo.js":{"file":"assets/GameOptions-ia4sPKKo.js","bytes":403,"gz":274,"br":231},"_GameSetupOptions-CMNeowgo.js":{"file":"assets/GameSetupOptions-CMNeowgo.js","bytes":333,"gz":241,"br":198},"_auth-CnzO1y42.js":{"file":"assets/auth-CnzO1y42.js","bytes":1161,"gz":685,"br":602},"_derivedReplay-Bor7pKb-.js":{"file":"assets/derivedReplay-Bor7pKb-.js","bytes":956,"gz":494,"br":448},"_scoreSync-BVBILyAK.js":{"file":"assets/scoreSync-BVBILyAK.js","bytes":636,"gz":394,"br":336},"_useSavedGameResume-DPDD-JYv.js":{"file":"assets/useSavedGameResume-DPDD-JYv.js","bytes":16041,"gz":6179,"br":5638},"index.html":{"file":"assets/index-qYTSE3Vo.js","bytes":350672,"gz":114086,"br":99293},"node_modules/@fontsource-variable/fredoka/files/fredoka-latin-ext-wght-normal.woff2":{"file":"assets/fredoka-latin-ext-wght-normal-CYrqKuxd.woff2","bytes":4576,"gz":4599,"br":4580},"node_modules/@fontsource-variable/fredoka/files/fredoka-latin-wght-normal.woff2":{"file":"assets/fredoka-latin-wght-normal-DM6njrJ3.woff2","bytes":29732,"gz":29718,"br":29736},"node_modules/@fontsource-variable/inter/files/inter-latin-ext-wght-normal.woff2":{"file":"assets/inter-latin-ext-wght-normal-DO1Apj_S.woff2","bytes":85068,"gz":85116,"br":85073},"node_modules/@fontsource-variable/inter/files/inter-latin-wght-normal.woff2":{"file":"assets/inter-latin-wght-normal-Dx4kXJAl.woff2","bytes":48256,"gz":48254,"br":48260},"src/components/AccountBar.tsx":{"file":"assets/AccountBar-B_1k6UL8.js","bytes":5988,"gz":2106,"br":1908},"src/screens/Alchimie.tsx":{"file":"assets/Alchimie-BkN0hBpY.js","bytes":44650,"gz":13613,"br":12304},"src/screens/CaldRece.tsx":{"file":"assets/CaldRece-BeT20Ptx.js","bytes":19846,"gz":6759,"br":6145},"src/screens/Conexiuni.tsx":{"file":"assets/Conexiuni-Cpid-uuX.js","bytes":15860,"gz":6047,"br":5471},"src/screens/Intrusul.tsx":{"file":"assets/Intrusul-Ga_cb812.js","bytes":10937,"gz":4385,"br":4013},"src/screens/Lant.tsx":{"file":"assets/Lant-CNm6lAs4.js","bytes":18691,"gz":6549,"br":5922},"src/screens/Perechi.tsx":{"file":"assets/Perechi-BmY0hozH.js","bytes":13377,"gz":5139,"br":4693},"src/screens/Ranking.tsx":{"file":"assets/Ranking-m788lj7M.js","bytes":3475,"gz":1418,"br":1255}},"closures":{"_CategoryPicker-BdaaYRb5.js":{"files":[{"file":"assets/CategoryPicker-BdaaYRb5.js","gz":1533,"br":1398},{"file":"assets/auth-CnzO1y42.js","gz":685,"br":602},{"file":"assets/index-D9HNWgEs.css","gz":8770,"br":7765},{"file":"assets/index-qYTSE3Vo.js","gz":114086,"br":99293},{"file":"assets/scoreSync-BVBILyAK.js","gz":394,"br":336},{"file":"assets/useSavedGameResume-DPDD-JYv.js","gz":6179,"br":5638}],"gz":131647,"br":115032},"_GameOptions-CEWYWGsz.css":{"files":[{"file":"assets/GameOptions-CEWYWGsz.css","gz":445,"br":338}],"gz":445,"br":338},"_GameOptions-ia4sPKKo.js":{"files":[{"file":"assets/GameOptions-CEWYWGsz.css","gz":445,"br":338},{"file":"assets/GameOptions-ia4sPKKo.js","gz":274,"br":231},{"file":"assets/auth-CnzO1y42.js","gz":685,"br":602},{"file":"assets/index-D9HNWgEs.css","gz":8770,"br":7765},{"file":"assets/index-qYTSE3Vo.js","gz":114086,"br":99293},{"file":"assets/scoreSync-BVBILyAK.js","gz":394,"br":336},{"file":"assets/useSavedGameResume-DPDD-JYv.js","gz":6179,"br":5638}],"gz":130833,"br":114203},"_GameSetupOptions-CMNeowgo.js":{"files":[{"file":"assets/GameOptions-CEWYWGsz.css","gz":445,"br":338},{"file":"assets/GameOptions-ia4sPKKo.js","gz":274,"br":231},{"file":"assets/GameSetupOptions-CMNeowgo.js","gz":241,"br":198},{"file":"assets/auth-CnzO1y42.js","gz":685,"br":602},{"file":"assets/index-D9HNWgEs.css","gz":8770,"br":7765},{"file":"assets/index-qYTSE3Vo.js","gz":114086,"br":99293},{"file":"assets/scoreSync-BVBILyAK.js","gz":394,"br":336},{"file":"assets/useSavedGameResume-DPDD-JYv.js","gz":6179,"br":5638}],"gz":131074,"br":114401},"_auth-CnzO1y42.js":{"files":[{"file":"assets/auth-CnzO1y42.js","gz":685,"br":602}],"gz":685,"br":602},"_derivedReplay-Bor7pKb-.js":{"files":[{"file":"assets/derivedReplay-Bor7pKb-.js","gz":494,"br":448}],"gz":494,"br":448},"_scoreSync-BVBILyAK.js":{"files":[{"file":"assets/auth-CnzO1y42.js","gz":685,"br":602},{"file":"assets/index-D9HNWgEs.css","gz":8770,"br":7765},{"file":"assets/index-qYTSE3Vo.js","gz":114086,"br":99293},{"file":"assets/scoreSync-BVBILyAK.js","gz":394,"br":336}],"gz":123935,"br":107996},"_useSavedGameResume-DPDD-JYv.js":{"files":[{"file":"assets/auth-CnzO1y42.js","gz":685,"br":602},{"file":"assets/index-D9HNWgEs.css","gz":8770,"br":7765},{"file":"assets/index-qYTSE3Vo.js","gz":114086,"br":99293},{"file":"assets/scoreSync-BVBILyAK.js","gz":394,"br":336},{"file":"assets/useSavedGameResume-DPDD-JYv.js","gz":6179,"br":5638}],"gz":130114,"br":113634},"index.html":{"files":[{"file":"assets/index-D9HNWgEs.css","gz":8770,"br":7765},{"file":"assets/index-qYTSE3Vo.js","gz":114086,"br":99293}],"gz":122856,"br":107058},"node_modules/@fontsource-variable/fredoka/files/fredoka-latin-ext-wght-normal.woff2":{"files":[{"file":"assets/fredoka-latin-ext-wght-normal-CYrqKuxd.woff2","gz":4599,"br":4580}],"gz":4599,"br":4580},"node_modules/@fontsource-variable/fredoka/files/fredoka-latin-wght-normal.woff2":{"files":[{"file":"assets/fredoka-latin-wght-normal-DM6njrJ3.woff2","gz":29718,"br":29736}],"gz":29718,"br":29736},"node_modules/@fontsource-variable/inter/files/inter-latin-ext-wght-normal.woff2":{"files":[{"file":"assets/inter-latin-ext-wght-normal-DO1Apj_S.woff2","gz":85116,"br":85073}],"gz":85116,"br":85073},"node_modules/@fontsource-variable/inter/files/inter-latin-wght-normal.woff2":{"files":[{"file":"assets/inter-latin-wght-normal-Dx4kXJAl.woff2","gz":48254,"br":48260}],"gz":48254,"br":48260},"src/components/AccountBar.tsx":{"files":[{"file":"assets/AccountBar-B_1k6UL8.js","gz":2106,"br":1908},{"file":"assets/auth-CnzO1y42.js","gz":685,"br":602},{"file":"assets/index-D9HNWgEs.css","gz":8770,"br":7765},{"file":"assets/index-qYTSE3Vo.js","gz":114086,"br":99293},{"file":"assets/scoreSync-BVBILyAK.js","gz":394,"br":336}],"gz":126041,"br":109904},"src/screens/Alchimie.tsx":{"files":[{"file":"assets/Alchimie-BkN0hBpY.js","gz":13613,"br":12304},{"file":"assets/Alchimie-DdrzYmQc.css","gz":3474,"br":3021},{"file":"assets/CategoryPicker-BdaaYRb5.js","gz":1533,"br":1398},{"file":"assets/auth-CnzO1y42.js","gz":685,"br":602},{"file":"assets/index-D9HNWgEs.css","gz":8770,"br":7765},{"file":"assets/index-qYTSE3Vo.js","gz":114086,"br":99293},{"file":"assets/scoreSync-BVBILyAK.js","gz":394,"br":336},{"file":"assets/useSavedGameResume-DPDD-JYv.js","gz":6179,"br":5638}],"gz":148734,"br":130357},"src/screens/CaldRece.tsx":{"files":[{"file":"assets/CaldRece-B885PE19.css","gz":419,"br":333},{"file":"assets/CaldRece-BeT20Ptx.js","gz":6759,"br":6145},{"file":"assets/CategoryPicker-BdaaYRb5.js","gz":1533,"br":1398},{"file":"assets/GameOptions-CEWYWGsz.css","gz":445,"br":338},{"file":"assets/GameOptions-ia4sPKKo.js","gz":274,"br":231},{"file":"assets/GameSetupOptions-CMNeowgo.js","gz":241,"br":198},{"file":"assets/auth-CnzO1y42.js","gz":685,"br":602},{"file":"assets/index-D9HNWgEs.css","gz":8770,"br":7765},{"file":"assets/index-qYTSE3Vo.js","gz":114086,"br":99293},{"file":"assets/scoreSync-BVBILyAK.js","gz":394,"br":336},{"file":"assets/useSavedGameResume-DPDD-JYv.js","gz":6179,"br":5638}],"gz":139785,"br":122277},"src/screens/Conexiuni.tsx":{"files":[{"file":"assets/CategoryPicker-BdaaYRb5.js","gz":1533,"br":1398},{"file":"assets/Conexiuni-Cpid-uuX.js","gz":6047,"br":5471},{"file":"assets/Conexiuni-DfW6SbKo.css","gz":825,"br":655},{"file":"assets/GameOptions-CEWYWGsz.css","gz":445,"br":338},{"file":"assets/GameOptions-ia4sPKKo.js","gz":274,"br":231},{"file":"assets/GameSetupOptions-CMNeowgo.js","gz":241,"br":198},{"file":"assets/auth-CnzO1y42.js","gz":685,"br":602},{"file":"assets/index-D9HNWgEs.css","gz":8770,"br":7765},{"file":"assets/index-qYTSE3Vo.js","gz":114086,"br":99293},{"file":"assets/scoreSync-BVBILyAK.js","gz":394,"br":336},{"file":"assets/useSavedGameResume-DPDD-JYv.js","gz":6179,"br":5638}],"gz":139479,"br":121925},"src/screens/Intrusul.tsx":{"files":[{"file":"assets/GameOptions-CEWYWGsz.css","gz":445,"br":338},{"file":"assets/GameOptions-ia4sPKKo.js","gz":274,"br":231},{"file":"assets/Intrusul-D_KdYx8Y.css","gz":711,"br":606},{"file":"assets/Intrusul-Ga_cb812.js","gz":4385,"br":4013},{"file":"assets/auth-CnzO1y42.js","gz":685,"br":602},{"file":"assets/derivedReplay-Bor7pKb-.js","gz":494,"br":448},{"file":"assets/index-D9HNWgEs.css","gz":8770,"br":7765},{"file":"assets/index-qYTSE3Vo.js","gz":114086,"br":99293},{"file":"assets/scoreSync-BVBILyAK.js","gz":394,"br":336},{"file":"assets/useSavedGameResume-DPDD-JYv.js","gz":6179,"br":5638}],"gz":136423,"br":119270},"src/screens/Lant.tsx":{"files":[{"file":"assets/CategoryPicker-BdaaYRb5.js","gz":1533,"br":1398},{"file":"assets/GameOptions-CEWYWGsz.css","gz":445,"br":338},{"file":"assets/GameOptions-ia4sPKKo.js","gz":274,"br":231},{"file":"assets/GameSetupOptions-CMNeowgo.js","gz":241,"br":198},{"file":"assets/Lant-BHivICVC.css","gz":543,"br":455},{"file":"assets/Lant-CNm6lAs4.js","gz":6549,"br":5922},{"file":"assets/auth-CnzO1y42.js","gz":685,"br":602},{"file":"assets/index-D9HNWgEs.css","gz":8770,"br":7765},{"file":"assets/index-qYTSE3Vo.js","gz":114086,"br":99293},{"file":"assets/scoreSync-BVBILyAK.js","gz":394,"br":336},{"file":"assets/useSavedGameResume-DPDD-JYv.js","gz":6179,"br":5638}],"gz":139699,"br":122176},"src/screens/Perechi.tsx":{"files":[{"file":"assets/GameOptions-CEWYWGsz.css","gz":445,"br":338},{"file":"assets/GameOptions-ia4sPKKo.js","gz":274,"br":231},{"file":"assets/Perechi-BmY0hozH.js","gz":5139,"br":4693},{"file":"assets/Perechi-DUzfG4A6.css","gz":906,"br":763},{"file":"assets/auth-CnzO1y42.js","gz":685,"br":602},{"file":"assets/derivedReplay-Bor7pKb-.js","gz":494,"br":448},{"file":"assets/index-D9HNWgEs.css","gz":8770,"br":7765},{"file":"assets/index-qYTSE3Vo.js","gz":114086,"br":99293},{"file":"assets/scoreSync-BVBILyAK.js","gz":394,"br":336},{"file":"assets/useSavedGameResume-DPDD-JYv.js","gz":6179,"br":5638}],"gz":137372,"br":120107},"src/screens/Ranking.tsx":{"files":[{"file":"assets/Ranking-m788lj7M.js","gz":1418,"br":1255},{"file":"assets/auth-CnzO1y42.js","gz":685,"br":602},{"file":"assets/index-D9HNWgEs.css","gz":8770,"br":7765},{"file":"assets/index-qYTSE3Vo.js","gz":114086,"br":99293}],"gz":124959,"br":108915}},"css":[{"file":"assets/Alchimie-DdrzYmQc.css","bytes":15358,"gz":3474,"br":3021},{"file":"assets/CaldRece-B885PE19.css","bytes":1075,"gz":419,"br":333},{"file":"assets/Conexiuni-DfW6SbKo.css","bytes":3019,"gz":825,"br":655},{"file":"assets/GameOptions-CEWYWGsz.css","bytes":1061,"gz":445,"br":338},{"file":"assets/Intrusul-D_KdYx8Y.css","bytes":1995,"gz":711,"br":606},{"file":"assets/Lant-BHivICVC.css","bytes":1188,"gz":543,"br":455},{"file":"assets/Perechi-DUzfG4A6.css","bytes":2809,"gz":906,"br":763},{"file":"assets/index-D9HNWgEs.css","bytes":39521,"gz":8770,"br":7765}],"cssTotal":16093,"pages":[{"route":"/","screenshot":"baselines/cat/route-0.png","captured_file":".gate/gen/original/baseline/route-0.png","sha256":"c0b8b632456c32cfe7c58c9801cb887bb140e909c47d7c50ac77014b2f5133e1","axe":[{"id":"label-content-name-mismatch","impact":"serious","targets":[[".game-card.card:nth-child(1)"],[".game-card--featured"],[".game-card.card:nth-child(3)"],[".game-card.card:nth-child(4)"],[".game-card.card:nth-child(5)"],[".game-card.card:nth-child(6)"]]},{"id":"region","impact":"moderate","targets":[[".container > .faint"]]}]},{"route":"/intrusul","screenshot":"baselines/cat/route-1.png","captured_file":".gate/gen/original/baseline/route-1.png","sha256":"78a1d16956b1fdd0fb0cc772d26447e5d302e3cbe3917f8344fa4d29a1540ea4","axe":[{"id":"region","impact":"moderate","targets":[[".col.center"],[".muted"],["ol"]]}]},{"route":"/perechi","screenshot":"baselines/cat/route-2.png","captured_file":".gate/gen/original/baseline/route-2.png","sha256":"e2eb15eb02d68aa00771e1f9b0c5cea6e053a720cd5a1bae4548290ff26417d3","axe":[{"id":"region","impact":"moderate","targets":[[".col.center"],[".muted"],["ol"]]}]},{"route":"/conexiuni","screenshot":"baselines/cat/route-3.png","captured_file":".gate/gen/original/baseline/route-3.png","sha256":"48d75018d626e154ecbf7aa3fde73ab4fba2b19971860c7bf8aed2eadd916eb6","axe":[{"id":"region","impact":"moderate","targets":[[".center.col"],[".muted"],["ol"]]}]},{"route":"/alchimie?mode=challenges","screenshot":"baselines/cat/route-4.png","captured_file":".gate/gen/original/baseline/route-4.png","sha256":"8627c586eb858738d0fb9d1e1f148001918018b7eab2d3b83adbc4d8067e1327","axe":[{"id":"region","impact":"moderate","targets":[[".center.col"],[".muted"],["ol"]]}]},{"route":"/alchimie?mode=explore","screenshot":"baselines/cat/route-5.png","captured_file":".gate/gen/original/baseline/route-5.png","sha256":"3e6f20116fff197cc5c1a2e0a7b9364eb6290a94f89ca01e7df579fab42447c6","axe":[{"id":"region","impact":"moderate","targets":[["strong"],[".alchemy-eyebrow"],["h1"],["p:nth-child(3)"],[".alchemy-intro-example"],[".alchemy-inventory-note"]]}]},{"route":"/cald-rece","screenshot":"baselines/cat/route-6.png","captured_file":".gate/gen/original/baseline/route-6.png","sha256":"4cff23ab1c40e1ad5103fcb3460dc334ce0fe8b2ded9c928cac719d31a449819","axe":[{"id":"region","impact":"moderate","targets":[[".center.col"],[".muted"],["ol"]]}]},{"route":"/lant","screenshot":"baselines/cat/route-7.png","captured_file":".gate/gen/original/baseline/route-7.png","sha256":"db6d51349137feafb827363bf6dd9e40aeeeece831c22080ca402cdcd75762b2","axe":[{"id":"region","impact":"moderate","targets":[[".center.col"],["p"],["ol"]]}]},{"route":"/clasament","screenshot":"baselines/cat/route-8.png","captured_file":".gate/gen/original/baseline/route-8.png","sha256":"753b66bc04a01d2d02b67947578606f631c0670299b4b1b903368aa7f257b1a6","axe":[{"id":"region","impact":"moderate","targets":[["h1"],[".segment"],[".muted"]]}]}],"axeVersion":"4.14.0","axe_source_sha256":"20c09fe157a8a34a30e241aaa1fcdade657734f08ab379ecfbeb7d45cc46e878","vitalsVersion":"6.2.3","vitals_source_sha256":"1e5e9b9af6b8d71cfef508e5a869c53b4cf2bbccad8c9b5ac664c34e93f6151a","vitals":[{"route":"/conexiuni","runs":[{"lcp":3848,"cls":0,"inp":304,"events":[{"name":"pointerover","startTime":3934.5,"duration":304,"interactionId":0,"target":"roedu-btn roedu-btn--primary roedu-btn--lg","text":"Joacă"},{"name":"pointerenter","startTime":3934.5,"duration":304,"interactionId":0,"target":"","text":""},{"name":"pointerenter","startTime":3934.5,"duration":304,"interactionId":0,"target":"","text":""},{"name":"pointerenter","startTime":3934.5,"duration":304,"interactionId":0,"target":"","text":""},{"name":"pointerenter","startTime":3934.5,"duration":304,"interactionId":0,"target":"","text":""},{"name":"pointerenter","startTime":3934.5,"duration":304,"interactionId":0,"target":"","text":""},{"name":"pointerenter","startTime":3934.5,"duration":304,"interactionId":0,"target":"","text":""},{"name":"pointerenter","startTime":3934.5,"duration":304,"interactionId":0,"target":"","text":""},{"name":"pointerenter","startTime":3934.5,"duration":304,"interactionId":0,"target":"","text":""},{"name":"pointerenter","startTime":3934.5,"duration":304,"interactionId":0,"target":"","text":""},{"name":"pointerenter","startTime":3934.5,"duration":304,"interactionId":0,"target":"","text":""},{"name":"pointerenter","startTime":3934.5,"duration":304,"interactionId":0,"target":"","text":""},{"name":"pointerenter","startTime":3934.5,"duration":304,"interactionId":0,"target":"","text":""},{"name":"pointerenter","startTime":3934.5,"duration":304,"interactionId":0,"target":"","text":""},{"name":"mouseover","startTime":3934.5,"duration":304,"interactionId":0,"target":"roedu-btn roedu-btn--primary roedu-btn--lg","text":"Joacă"},{"name":"pointerdown","startTime":3935,"duration":304,"interactionId":3300,"target":"roedu-btn roedu-btn--primary roedu-btn--lg","text":"Joacă"},{"name":"mousedown","startTime":3935,"duration":304,"interactionId":0,"target":"roedu-btn roedu-btn--primary roedu-btn--lg","text":"Joacă"},{"name":"pointerup","startTime":3935.2000000029802,"duration":304,"interactionId":3300,"target":"roedu-btn roedu-btn--primary roedu-btn--lg","text":"Joacă"},{"name":"mouseup","startTime":3935.2000000029802,"duration":304,"interactionId":0,"target":"roedu-btn roedu-btn--primary roedu-btn--lg","text":"Joacă"},{"name":"click","startTime":3935.2000000029802,"duration":304,"interactionId":3300,"target":"roedu-btn roedu-btn--primary roedu-btn--lg","text":"Joacă"},{"name":"pointerout","startTime":4115.60000000149,"duration":120,"interactionId":0,"target":"roedu-btn roedu-btn--primary roedu-btn--lg","text":"Joacă"},{"name":"pointerleave","startTime":4115.60000000149,"duration":120,"interactionId":0,"target":"","text":""},{"name":"pointerleave","startTime":4115.60000000149,"duration":120,"interactionId":0,"target":"","text":""},{"name":"pointerleave","startTime":4115.60000000149,"duration":120,"interactionId":0,"target":"","text":""},{"name":"pointerover","startTime":4115.60000000149,"duration":120,"interactionId":0,"target":"DIV","text":""},{"name":"mouseout","startTime":4115.60000000149,"duration":120,"interactionId":0,"target":"roedu-btn roedu-btn--primary roedu-btn--lg","text":"Joacă"},{"name":"mouseover","startTime":4115.60000000149,"duration":120,"interactionId":0,"target":"DIV","text":""},{"name":"pointerout","startTime":4429.89999999851,"duration":72,"interactionId":0,"target":"DIV","text":""},{"name":"pointerover","startTime":4429.89999999851,"duration":72,"interactionId":0,"target":"P","text":""},{"name":"pointerenter","startTime":4429.89999999851,"duration":72,"interactionId":0,"target":"","text":""},{"name":"pointerenter","startTime":4429.89999999851,"duration":72,"interactionId":0,"target":"","text":""},{"name":"mouseout","startTime":4429.89999999851,"duration":72,"interactionId":0,"target":"DIV","text":""},{"name":"mouseover","startTime":4429.89999999851,"duration":72,"interactionId":0,"target":"P","text":""},{"name":"pointerout","startTime":4535.89999999851,"duration":80,"interactionId":0,"target":"P","text":""},{"name":"pointerleave","startTime":4535.89999999851,"duration":80,"interactionId":0,"target":"","text":""},{"name":"pointerleave","startTime":4535.89999999851,"duration":80,"interactionId":0,"target":"","text":""},{"name":"pointerover","startTime":4535.89999999851,"duration":80,"interactionId":0,"target":"card center connection-tile","text":"Zilele Babelor"},{"name":"pointerenter","startTime":4535.89999999851,"duration":80,"interactionId":0,"target":"","text":""},{"name":"pointerenter","startTime":4535.89999999851,"duration":80,"interactionId":0,"target":"","text":""},{"name":"mouseout","startTime":4535.89999999851,"duration":80,"interactionId":0,"target":"P","text":""},{"name":"mouseover","startTime":4535.89999999851,"duration":80,"interactionId":0,"target":"card center connection-tile","text":"Zilele Babelor"},{"name":"pointerdown","startTime":4537.30000000447,"duration":72,"interactionId":3307,"target":"card center connection-tile","text":"Zilele Babelor"},{"name":"mousedown","startTime":4537.30000000447,"duration":72,"interactionId":0,"target":"card center connection-tile","text":"Zilele Babelor"},{"name":"pointerup","startTime":4537.60000000149,"duration":72,"interactionId":3307,"target":"card center connection-tile","text":"Zilele Babelor"},{"name":"mouseup","startTime":4537.60000000149,"duration":72,"interactionId":0,"target":"card center connection-tile","text":"Zilele Babelor"},{"name":"click","startTime":4537.60000000149,"duration":72,"interactionId":3307,"target":"card center connection-tile","text":"Zilele Babelor"}],"action":{"name":"Conexiuni select","startTime":4474,"entries":[{"name":"pointerdown","startTime":4537.30000000447,"duration":72,"interactionId":3307,"target":"card center connection-tile","text":"Zilele Babelor"},{"name":"pointerup","startTime":4537.60000000149,"duration":72,"interactionId":3307,"target":"card center connection-tile","text":"Zilele Babelor"},{"name":"click","startTime":4537.60000000149,"duration":72,"interactionId":3307,"target":"card center connection-tile","text":"Zilele Babelor"}],"latency_ms":72},"metrics":[{"name":"LCP","id":"v6-1791355402307-6001350757806","value":2856,"rating":"needs-improvement","entries":[{"name":"","startTime":2856,"duration":0,"interactionId":0,"target":"","text":""}]},{"name":"CLS","id":"v6-1791355404917-2244806618657","value":0,"rating":"good","entries":[]},{"name":"LCP","id":"v6-1791355402307-6001350757806","value":3848,"rating":"needs-improvement","entries":[{"name":"","startTime":3848,"duration":0,"interactionId":0,"target":"","text":""}]},{"name":"INP","id":"v6-1791355402309-6396797320070","value":304,"rating":"needs-improvement","entries":[{"name":"pointerdown","startTime":3935,"duration":304,"interactionId":3300,"target":"roedu-btn roedu-btn--primary roedu-btn--lg","text":"Joacă"},{"name":"pointerdown","startTime":3935,"duration":304,"interactionId":3300,"target":"roedu-btn roedu-btn--primary roedu-btn--lg","text":"Joacă"}]}]},{"lcp":2740,"cls":0,"inp":216,"events":[{"name":"pointerover","startTime":3808.7000000029802,"duration":216,"interactionId":0,"target":"roedu-btn roedu-btn--primary roedu-btn--lg","text":"Joacă"},{"name":"pointerenter","startTime":3808.7000000029802,"duration":216,"interactionId":0,"target":"","text":""},{"name":"pointerenter","startTime":3808.7000000029802,"duration":216,"interactionId":0,"target":"","text":""},{"name":"pointerenter","startTime":3808.7000000029802,"duration":216,"interactionId":0,"target":"","text":""},{"name":"pointerenter","startTime":3808.7000000029802,"duration":216,"interactionId":0,"target":"","text":""},{"name":"pointerenter","startTime":3808.7000000029802,"duration":216,"interactionId":0,"target":"","text":""},{"name":"pointerenter","startTime":3808.7000000029802,"duration":216,"interactionId":0,"target":"","text":""},{"name":"pointerenter","startTime":3808.7000000029802,"duration":216,"interactionId":0,"target":"","text":""},{"name":"pointerenter","startTime":3808.7000000029802,"duration":216,"interactionId":0,"target":"","text":""},{"name":"pointerenter","startTime":3808.7000000029802,"duration":216,"interactionId":0,"target":"","text":""},{"name":"pointerenter","startTime":3808.7000000029802,"duration":216,"interactionId":0,"target":"","text":""},{"name":"pointerenter","startTime":3808.7000000029802,"duration":216,"interactionId":0,"target":"","text":""},{"name":"pointerenter","startTime":3808.7000000029802,"duration":216,"interactionId":0,"target":"","text":""},{"name":"pointerenter","startTime":3808.7000000029802,"duration":216,"interactionId":0,"target":"","text":""},{"name":"mouseover","startTime":3808.7000000029802,"duration":216,"interactionId":0,"target":"roedu-btn roedu-btn--primary roedu-btn--lg","text":"Joacă"},{"name":"pointerdown","startTime":3809.3000000044703,"duration":216,"interactionId":1664,"target":"roedu-btn roedu-btn--primary roedu-btn--lg","text":"Joacă"},{"name":"mousedown","startTime":3809.3000000044703,"duration":216,"interactionId":0,"target":"roedu-btn roedu-btn--primary roedu-btn--lg","text":"Joacă"},{"name":"pointerup","startTime":3809.39999999851,"duration":216,"interactionId":1664,"target":"roedu-btn roedu-btn--primary roedu-btn--lg","text":"Joacă"},{"name":"mouseup","startTime":3809.39999999851,"duration":216,"interactionId":0,"target":"roedu-btn roedu-btn--primary roedu-btn--lg","text":"Joacă"},{"name":"click","startTime":3809.39999999851,"duration":216,"interactionId":1664,"target":"roedu-btn roedu-btn--primary roedu-btn--lg","text":"Joacă"},{"name":"pointerout","startTime":3921.8000000044703,"duration":104,"interactionId":0,"target":"roedu-btn roedu-btn--primary roedu-btn--lg","text":"Joacă"},{"name":"pointerleave","startTime":3921.8000000044703,"duration":104,"interactionId":0,"target":"","text":""},{"name":"pointerleave","startTime":3921.8000000044703,"duration":104,"interactionId":0,"target":"","text":""},{"name":"pointerleave","startTime":3921.8000000044703,"duration":104,"interactionId":0,"target":"","text":""},{"name":"pointerover","startTime":3921.8000000044703,"duration":104,"interactionId":0,"target":"DIV","text":""},{"name":"mouseout","startTime":3921.8000000044703,"duration":104,"interactionId":0,"target":"roedu-btn roedu-btn--primary roedu-btn--lg","text":"Joacă"},{"name":"mouseover","startTime":3921.8000000044703,"duration":104,"interactionId":0,"target":"DIV","text":""},{"name":"pointerout","startTime":4195.39999999851,"duration":136,"interactionId":0,"target":"DIV","text":""},{"name":"pointerover","startTime":4195.39999999851,"duration":136,"interactionId":0,"target":"P","text":""},{"name":"pointerenter","startTime":4195.39999999851,"duration":136,"interactionId":0,"target":"","text":""},{"name":"pointerenter","startTime":4195.39999999851,"duration":136,"interactionId":0,"target":"","text":""},{"name":"mouseout","startTime":4195.39999999851,"duration":136,"interactionId":0,"target":"DIV","text":""},{"name":"mouseover","startTime":4195.39999999851,"duration":136,"interactionId":0,"target":"P","text":""},{"name":"pointerout","startTime":4390.89999999851,"duration":88,"interactionId":0,"target":"P","text":""},{"name":"pointerleave","startTime":4390.89999999851,"duration":88,"interactionId":0,"target":"","text":""},{"name":"pointerleave","startTime":4390.89999999851,"duration":88,"interactionId":0,"target":"","text":""},{"name":"pointerover","startTime":4390.89999999851,"duration":88,"interactionId":0,"target":"card center connection-tile","text":"Zilele Babelor"},{"name":"pointerenter","startTime":4390.89999999851,"duration":88,"interactionId":0,"target":"","text":""},{"name":"pointerenter","startTime":4390.89999999851,"duration":88,"interactionId":0,"target":"","text":""},{"name":"mouseout","startTime":4390.89999999851,"duration":88,"interactionId":0,"target":"P","text":""},{"name":"mouseover","startTime":4390.89999999851,"duration":88,"interactionId":0,"target":"card center connection-tile","text":"Zilele Babelor"},{"name":"pointerdown","startTime":4391.20000000298,"duration":88,"interactionId":1671,"target":"card center connection-tile","text":"Zilele Babelor"},{"name":"mousedown","startTime":4391.20000000298,"duration":88,"interactionId":0,"target":"card center connection-tile","text":"Zilele Babelor"},{"name":"pointerup","startTime":4391.20000000298,"duration":88,"interactionId":1671,"target":"card center connection-tile","text":"Zilele Babelor"},{"name":"mouseup","startTime":4391.20000000298,"duration":88,"interactionId":0,"target":"card center connection-tile","text":"Zilele Babelor"},{"name":"click","startTime":4391.20000000298,"duration":88,"interactionId":1671,"target":"card center connection-tile","text":"Zilele Babelor"}],"action":{"name":"Conexiuni select","startTime":4322.10000000149,"entries":[{"name":"pointerdown","startTime":4391.20000000298,"duration":88,"interactionId":1671,"target":"card center connection-tile","text":"Zilele Babelor"},{"name":"pointerup","startTime":4391.20000000298,"duration":88,"interactionId":1671,"target":"card center connection-tile","text":"Zilele Babelor"},{"name":"click","startTime":4391.20000000298,"duration":88,"interactionId":1671,"target":"card center connection-tile","text":"Zilele Babelor"}],"latency_ms":88},"metrics":[{"name":"LCP","id":"v6-1791355407233-2107636398947","value":2740,"rating":"needs-improvement","entries":[{"name":"","startTime":2740,"duration":0,"interactionId":0,"target":"","text":""}]},{"name":"CLS","id":"v6-1791355409797-6447224053593","value":0,"rating":"good","entries":[]},{"name":"INP","id":"v6-1791355407233-4130594131199","value":216,"rating":"needs-improvement","entries":[{"name":"pointerdown","startTime":3809.3000000044703,"duration":216,"interactionId":1664,"target":"","text":""},{"name":"pointerdown","startTime":3809.3000000044703,"duration":216,"interactionId":1664,"target":"","text":""}]}]},{"lcp":3844,"cls":0,"inp":168,"events":[{"name":"pointerover","startTime":3919.9000000059605,"duration":168,"interactionId":0,"target":"roedu-btn roedu-btn--primary roedu-btn--lg","text":"Joacă"},{"name":"pointerenter","startTime":3919.9000000059605,"duration":168,"interactionId":0,"target":"","text":""},{"name":"pointerenter","startTime":3919.9000000059605,"duration":168,"interactionId":0,"target":"","text":""},{"name":"pointerenter","startTime":3919.9000000059605,"duration":168,"interactionId":0,"target":"","text":""},{"name":"pointerenter","startTime":3919.9000000059605,"duration":168,"interactionId":0,"target":"","text":""},{"name":"pointerenter","startTime":3919.9000000059605,"duration":168,"interactionId":0,"target":"","text":""},{"name":"pointerenter","startTime":3919.9000000059605,"duration":168,"interactionId":0,"target":"","text":""},{"name":"pointerenter","startTime":3919.9000000059605,"duration":168,"interactionId":0,"target":"","text":""},{"name":"pointerenter","startTime":3919.9000000059605,"duration":168,"interactionId":0,"target":"","text":""},{"name":"pointerenter","startTime":3919.9000000059605,"duration":168,"interactionId":0,"target":"","text":""},{"name":"pointerenter","startTime":3919.9000000059605,"duration":168,"interactionId":0,"target":"","text":""},{"name":"pointerenter","startTime":3919.9000000059605,"duration":168,"interactionId":0,"target":"","text":""},{"name":"pointerenter","startTime":3919.9000000059605,"duration":168,"interactionId":0,"target":"","text":""},{"name":"pointerenter","startTime":3919.9000000059605,"duration":168,"interactionId":0,"target":"","text":""},{"name":"mouseover","startTime":3919.9000000059605,"duration":168,"interactionId":0,"target":"roedu-btn roedu-btn--primary roedu-btn--lg","text":"Joacă"},{"name":"pointerdown","startTime":3920.3000000044703,"duration":168,"interactionId":7852,"target":"roedu-btn roedu-btn--primary roedu-btn--lg","text":"Joacă"},{"name":"mousedown","startTime":3920.3000000044703,"duration":168,"interactionId":0,"target":"roedu-btn roedu-btn--primary roedu-btn--lg","text":"Joacă"},{"name":"pointerup","startTime":3920.4000000059605,"duration":168,"interactionId":7852,"target":"roedu-btn roedu-btn--primary roedu-btn--lg","text":"Joacă"},{"name":"mouseup","startTime":3920.4000000059605,"duration":168,"interactionId":0,"target":"roedu-btn roedu-btn--primary roedu-btn--lg","text":"Joacă"},{"name":"click","startTime":3920.4000000059605,"duration":168,"interactionId":7852,"target":"roedu-btn roedu-btn--primary roedu-btn--lg","text":"Joacă"},{"name":"pointerout","startTime":4011.5,"duration":80,"interactionId":0,"target":"roedu-btn roedu-btn--primary roedu-btn--lg","text":"Joacă"},{"name":"pointerleave","startTime":4011.5,"duration":80,"interactionId":0,"target":"","text":""},{"name":"pointerleave","startTime":4011.5,"duration":80,"interactionId":0,"target":"","text":""},{"name":"pointerleave","startTime":4011.5,"duration":80,"interactionId":0,"target":"","text":""},{"name":"pointerover","startTime":4011.5,"duration":80,"interactionId":0,"target":"DIV","text":""},{"name":"mouseout","startTime":4011.5,"duration":80,"interactionId":0,"target":"roedu-btn roedu-btn--primary roedu-btn--lg","text":"Joacă"},{"name":"mouseover","startTime":4011.5,"duration":80,"interactionId":0,"target":"DIV","text":""},{"name":"pointerout","startTime":4328,"duration":32,"interactionId":0,"target":"DIV","text":""},{"name":"pointerover","startTime":4328,"duration":32,"interactionId":0,"target":"P","text":""},{"name":"pointerenter","startTime":4328,"duration":32,"interactionId":0,"target":"","text":""},{"name":"pointerenter","startTime":4328,"duration":32,"interactionId":0,"target":"","text":""},{"name":"mouseout","startTime":4328,"duration":32,"interactionId":0,"target":"DIV","text":""},{"name":"mouseover","startTime":4328,"duration":32,"interactionId":0,"target":"P","text":""},{"name":"pointerout","startTime":4398.60000000149,"duration":104,"interactionId":0,"target":"P","text":""},{"name":"pointerleave","startTime":4398.60000000149,"duration":104,"interactionId":0,"target":"","text":""},{"name":"pointerleave","startTime":4398.60000000149,"duration":104,"interactionId":0,"target":"","text":""},{"name":"pointerover","startTime":4398.60000000149,"duration":104,"interactionId":0,"target":"card center connection-tile","text":"Zilele Babelor"},{"name":"pointerenter","startTime":4398.60000000149,"duration":104,"interactionId":0,"target":"","text":""},{"name":"pointerenter","startTime":4398.60000000149,"duration":104,"interactionId":0,"target":"","text":""},{"name":"mouseout","startTime":4398.60000000149,"duration":104,"interactionId":0,"target":"P","text":""},{"name":"mouseover","startTime":4398.60000000149,"duration":104,"interactionId":0,"target":"card center connection-tile","text":"Zilele Babelor"},{"name":"pointerdown","startTime":4398.9000000059605,"duration":104,"interactionId":7859,"target":"card center connection-tile","text":"Zilele Babelor"},{"name":"mousedown","startTime":4398.9000000059605,"duration":104,"interactionId":0,"target":"card center connection-tile","text":"Zilele Babelor"},{"name":"pointerup","startTime":4399,"duration":104,"interactionId":7859,"target":"card center connection-tile","text":"Zilele Babelor"},{"name":"mouseup","startTime":4399,"duration":104,"interactionId":0,"target":"card center connection-tile","text":"Zilele Babelor"},{"name":"click","startTime":4399,"duration":104,"interactionId":7859,"target":"card center connection-tile","text":"Zilele Babelor"}],"action":{"name":"Conexiuni select","startTime":4345.10000000149,"entries":[{"name":"pointerdown","startTime":4398.9000000059605,"duration":104,"interactionId":7859,"target":"card center connection-tile","text":"Zilele Babelor"},{"name":"pointerup","startTime":4399,"duration":104,"interactionId":7859,"target":"card center connection-tile","text":"Zilele Babelor"},{"name":"click","startTime":4399,"duration":104,"interactionId":7859,"target":"card center connection-tile","text":"Zilele Babelor"}],"latency_ms":104},"metrics":[{"name":"LCP","id":"v6-1791355412002-3981938118975","value":2816,"rating":"needs-improvement","entries":[{"name":"","startTime":2816,"duration":0,"interactionId":0,"target":"","text":""}]},{"name":"CLS","id":"v6-1791355414642-7773803112540","value":0,"rating":"good","entries":[]},{"name":"LCP","id":"v6-1791355412002-3981938118975","value":3844,"rating":"needs-improvement","entries":[{"name":"","startTime":3844,"duration":0,"interactionId":0,"target":"","text":""}]},{"name":"INP","id":"v6-1791355412006-8301889748422","value":168,"rating":"good","entries":[{"name":"pointerdown","startTime":3920.3000000044703,"duration":168,"interactionId":7852,"target":"roedu-btn roedu-btn--primary roedu-btn--lg","text":"Joacă"},{"name":"pointerdown","startTime":3920.3000000044703,"duration":168,"interactionId":7852,"target":"roedu-btn roedu-btn--primary roedu-btn--lg","text":"Joacă"}]}]},{"lcp":2836,"cls":0,"inp":184,"events":[{"name":"pointerover","startTime":3969.89999999851,"duration":184,"interactionId":0,"target":"roedu-btn roedu-btn--primary roedu-btn--lg","text":"Joacă"},{"name":"pointerenter","startTime":3969.89999999851,"duration":184,"interactionId":0,"target":"","text":""},{"name":"pointerenter","startTime":3969.89999999851,"duration":184,"interactionId":0,"target":"","text":""},{"name":"pointerenter","startTime":3969.89999999851,"duration":184,"interactionId":0,"target":"","text":""},{"name":"pointerenter","startTime":3969.89999999851,"duration":184,"interactionId":0,"target":"","text":""},{"name":"pointerenter","startTime":3969.89999999851,"duration":184,"interactionId":0,"target":"","text":""},{"name":"pointerenter","startTime":3969.89999999851,"duration":184,"interactionId":0,"target":"","text":""},{"name":"pointerenter","startTime":3969.89999999851,"duration":184,"interactionId":0,"target":"","text":""},{"name":"pointerenter","startTime":3969.89999999851,"duration":184,"interactionId":0,"target":"","text":""},{"name":"pointerenter","startTime":3969.89999999851,"duration":184,"interactionId":0,"target":"","text":""},{"name":"pointerenter","startTime":3969.89999999851,"duration":184,"interactionId":0,"target":"","text":""},{"name":"pointerenter","startTime":3969.89999999851,"duration":184,"interactionId":0,"target":"","text":""},{"name":"pointerenter","startTime":3969.89999999851,"duration":184,"interactionId":0,"target":"","text":""},{"name":"pointerenter","startTime":3969.89999999851,"duration":184,"interactionId":0,"target":"","text":""},{"name":"mouseover","startTime":3969.89999999851,"duration":184,"interactionId":0,"target":"roedu-btn roedu-btn--primary roedu-btn--lg","text":"Joacă"},{"name":"pointerdown","startTime":3970.39999999851,"duration":184,"interactionId":8547,"target":"roedu-btn roedu-btn--primary roedu-btn--lg","text":"Joacă"},{"name":"mousedown","startTime":3970.39999999851,"duration":184,"interactionId":0,"target":"roedu-btn roedu-btn--primary roedu-btn--lg","text":"Joacă"},{"name":"pointerup","startTime":3970.7999999970198,"duration":184,"interactionId":8547,"target":"roedu-btn roedu-btn--primary roedu-btn--lg","text":"Joacă"},{"name":"mouseup","startTime":3970.7999999970198,"duration":184,"interactionId":0,"target":"roedu-btn roedu-btn--primary roedu-btn--lg","text":"Joacă"},{"name":"click","startTime":3970.7999999970198,"duration":184,"interactionId":8547,"target":"roedu-btn roedu-btn--primary roedu-btn--lg","text":"Joacă"},{"name":"pointerout","startTime":4064.2000000029802,"duration":88,"interactionId":0,"target":"roedu-btn roedu-btn--primary roedu-btn--lg","text":"Joacă"},{"name":"pointerleave","startTime":4064.2000000029802,"duration":88,"interactionId":0,"target":"","text":""},{"name":"pointerleave","startTime":4064.2000000029802,"duration":88,"interactionId":0,"target":"","text":""},{"name":"pointerleave","startTime":4064.2000000029802,"duration":88,"interactionId":0,"target":"","text":""},{"name":"pointerover","startTime":4064.2000000029802,"duration":88,"interactionId":0,"target":"DIV","text":""},{"name":"mouseout","startTime":4064.2000000029802,"duration":88,"interactionId":0,"target":"roedu-btn roedu-btn--primary roedu-btn--lg","text":"Joacă"},{"name":"mouseover","startTime":4064.2000000029802,"duration":88,"interactionId":0,"target":"DIV","text":""},{"name":"pointerout","startTime":4339.60000000149,"duration":72,"interactionId":0,"target":"DIV","text":""},{"name":"pointerover","startTime":4339.60000000149,"duration":72,"interactionId":0,"target":"P","text":""},{"name":"pointerenter","startTime":4339.60000000149,"duration":72,"interactionId":0,"target":"","text":""},{"name":"pointerenter","startTime":4339.60000000149,"duration":72,"interactionId":0,"target":"","text":""},{"name":"mouseout","startTime":4339.60000000149,"duration":72,"interactionId":0,"target":"DIV","text":""},{"name":"mouseover","startTime":4339.60000000149,"duration":72,"interactionId":0,"target":"P","text":""},{"name":"pointerout","startTime":4443.70000000298,"duration":96,"interactionId":0,"target":"P","text":""},{"name":"pointerleave","startTime":4443.70000000298,"duration":96,"interactionId":0,"target":"","text":""},{"name":"pointerleave","startTime":4443.70000000298,"duration":96,"interactionId":0,"target":"","text":""},{"name":"pointerover","startTime":4443.70000000298,"duration":96,"interactionId":0,"target":"card center connection-tile","text":"Zilele Babelor"},{"name":"pointerenter","startTime":4443.70000000298,"duration":96,"interactionId":0,"target":"","text":""},{"name":"pointerenter","startTime":4443.70000000298,"duration":96,"interactionId":0,"target":"","text":""},{"name":"mouseout","startTime":4443.70000000298,"duration":96,"interactionId":0,"target":"P","text":""},{"name":"mouseover","startTime":4443.70000000298,"duration":96,"interactionId":0,"target":"card center connection-tile","text":"Zilele Babelor"},{"name":"pointerdown","startTime":4444.10000000149,"duration":96,"interactionId":8554,"target":"card center connection-tile","text":"Zilele Babelor"},{"name":"mousedown","startTime":4444.10000000149,"duration":96,"interactionId":0,"target":"card center connection-tile","text":"Zilele Babelor"},{"name":"pointerup","startTime":4444.20000000298,"duration":96,"interactionId":8554,"target":"card center connection-tile","text":"Zilele Babelor"},{"name":"mouseup","startTime":4444.20000000298,"duration":96,"interactionId":0,"target":"card center connection-tile","text":"Zilele Babelor"},{"name":"click","startTime":4444.20000000298,"duration":96,"interactionId":8554,"target":"card center connection-tile","text":"Zilele Babelor"}],"action":{"name":"Conexiuni select","startTime":4383.89999999851,"entries":[{"name":"pointerdown","startTime":4444.10000000149,"duration":96,"interactionId":8554,"target":"card center connection-tile","text":"Zilele Babelor"},{"name":"pointerup","startTime":4444.20000000298,"duration":96,"interactionId":8554,"target":"card center connection-tile","text":"Zilele Babelor"},{"name":"click","startTime":4444.20000000298,"duration":96,"interactionId":8554,"target":"card center connection-tile","text":"Zilele Babelor"}],"latency_ms":96},"metrics":[{"name":"LCP","id":"v6-1791355416875-1201138274200","value":2836,"rating":"needs-improvement","entries":[{"name":"","startTime":2836,"duration":0,"interactionId":0,"target":"","text":""}]},{"name":"CLS","id":"v6-1791355419581-8371246384545","value":0,"rating":"good","entries":[]},{"name":"INP","id":"v6-1791355416877-4009306723183","value":184,"rating":"good","entries":[{"name":"pointerdown","startTime":3970.39999999851,"duration":184,"interactionId":8547,"target":"","text":""},{"name":"pointerdown","startTime":3970.39999999851,"duration":184,"interactionId":8547,"target":"","text":""}]}]},{"lcp":2744,"cls":0,"inp":136,"events":[{"name":"pointerover","startTime":3921.2999999970198,"duration":144,"interactionId":0,"target":"roedu-btn roedu-btn--primary roedu-btn--lg","text":"Joacă"},{"name":"pointerenter","startTime":3921.2999999970198,"duration":144,"interactionId":0,"target":"","text":""},{"name":"pointerenter","startTime":3921.2999999970198,"duration":144,"interactionId":0,"target":"","text":""},{"name":"pointerenter","startTime":3921.2999999970198,"duration":144,"interactionId":0,"target":"","text":""},{"name":"pointerenter","startTime":3921.2999999970198,"duration":144,"interactionId":0,"target":"","text":""},{"name":"pointerenter","startTime":3921.2999999970198,"duration":144,"interactionId":0,"target":"","text":""},{"name":"pointerenter","startTime":3921.2999999970198,"duration":144,"interactionId":0,"target":"","text":""},{"name":"pointerenter","startTime":3921.2999999970198,"duration":144,"interactionId":0,"target":"","text":""},{"name":"pointerenter","startTime":3921.2999999970198,"duration":144,"interactionId":0,"target":"","text":""},{"name":"pointerenter","startTime":3921.2999999970198,"duration":144,"interactionId":0,"target":"","text":""},{"name":"pointerenter","startTime":3921.2999999970198,"duration":144,"interactionId":0,"target":"","text":""},{"name":"pointerenter","startTime":3921.2999999970198,"duration":144,"interactionId":0,"target":"","text":""},{"name":"pointerenter","startTime":3921.2999999970198,"duration":144,"interactionId":0,"target":"","text":""},{"name":"pointerenter","startTime":3921.2999999970198,"duration":144,"interactionId":0,"target":"","text":""},{"name":"mouseover","startTime":3921.2999999970198,"duration":144,"interactionId":0,"target":"roedu-btn roedu-btn--primary roedu-btn--lg","text":"Joacă"},{"name":"pointerdown","startTime":3921.89999999851,"duration":136,"interactionId":6715,"target":"roedu-btn roedu-btn--primary roedu-btn--lg","text":"Joacă"},{"name":"mousedown","startTime":3921.89999999851,"duration":136,"interactionId":0,"target":"roedu-btn roedu-btn--primary roedu-btn--lg","text":"Joacă"},{"name":"pointerup","startTime":3921.89999999851,"duration":136,"interactionId":6715,"target":"roedu-btn roedu-btn--primary roedu-btn--lg","text":"Joacă"},{"name":"mouseup","startTime":3921.89999999851,"duration":136,"interactionId":0,"target":"roedu-btn roedu-btn--primary roedu-btn--lg","text":"Joacă"},{"name":"click","startTime":3921.89999999851,"duration":136,"interactionId":6715,"target":"roedu-btn roedu-btn--primary roedu-btn--lg","text":"Joacă"},{"name":"pointerout","startTime":3995.39999999851,"duration":64,"interactionId":0,"target":"roedu-btn roedu-btn--primary roedu-btn--lg","text":"Joacă"},{"name":"pointerleave","startTime":3995.39999999851,"duration":64,"interactionId":0,"target":"","text":""},{"name":"pointerleave","startTime":3995.39999999851,"duration":64,"interactionId":0,"target":"","text":""},{"name":"pointerleave","startTime":3995.39999999851,"duration":64,"interactionId":0,"target":"","text":""},{"name":"pointerover","startTime":3995.39999999851,"duration":64,"interactionId":0,"target":"DIV","text":""},{"name":"mouseout","startTime":3995.39999999851,"duration":64,"interactionId":0,"target":"roedu-btn roedu-btn--primary roedu-btn--lg","text":"Joacă"},{"name":"mouseover","startTime":3995.39999999851,"duration":64,"interactionId":0,"target":"DIV","text":""},{"name":"pointerout","startTime":4465.0999999940395,"duration":104,"interactionId":0,"target":"P","text":""},{"name":"pointerleave","startTime":4465.0999999940395,"duration":104,"interactionId":0,"target":"","text":""},{"name":"pointerleave","startTime":4465.0999999940395,"duration":104,"interactionId":0,"target":"","text":""},{"name":"pointerover","startTime":4465.0999999940395,"duration":104,"interactionId":0,"target":"card center connection-tile","text":"Zilele Babelor"},{"name":"pointerenter","startTime":4465.0999999940395,"duration":104,"interactionId":0,"target":"","text":""},{"name":"pointerenter","startTime":4465.0999999940395,"duration":104,"interactionId":0,"target":"","text":""},{"name":"mouseout","startTime":4465.0999999940395,"duration":104,"interactionId":0,"target":"P","text":""},{"name":"mouseover","startTime":4465.0999999940395,"duration":104,"interactionId":0,"target":"card center connection-tile","text":"Zilele Babelor"},{"name":"pointerdown","startTime":4465.5,"duration":104,"interactionId":6722,"target":"card center connection-tile","text":"Zilele Babelor"},{"name":"mousedown","startTime":4465.5,"duration":104,"interactionId":0,"target":"card center connection-tile","text":"Zilele Babelor"},{"name":"pointerup","startTime":4465.5,"duration":104,"interactionId":6722,"target":"card center connection-tile","text":"Zilele Babelor"},{"name":"mouseup","startTime":4465.5,"duration":104,"interactionId":0,"target":"card center connection-tile","text":"Zilele Babelor"},{"name":"click","startTime":4465.5,"duration":104,"interactionId":6722,"target":"card center connection-tile","text":"Zilele Babelor"}],"action":{"name":"Conexiuni select","startTime":4390.39999999851,"entries":[{"name":"pointerdown","startTime":4465.5,"duration":104,"interactionId":6722,"target":"card center connection-tile","text":"Zilele Babelor"},{"name":"pointerup","startTime":4465.5,"duration":104,"interactionId":6722,"target":"card center connection-tile","text":"Zilele Babelor"},{"name":"click","startTime":4465.5,"duration":104,"interactionId":6722,"target":"card center connection-tile","text":"Zilele Babelor"}],"latency_ms":104},"metrics":[{"name":"LCP","id":"v6-1791355421701-5053875930824","value":2744,"rating":"needs-improvement","entries":[{"name":"","startTime":2744,"duration":0,"interactionId":0,"target":"","text":""}]},{"name":"CLS","id":"v6-1791355424231-7897106603585","value":0,"rating":"good","entries":[]},{"name":"INP","id":"v6-1791355421702-2996481737600","value":136,"rating":"good","entries":[{"name":"pointerdown","startTime":3921.89999999851,"duration":136,"interactionId":6715,"target":"roedu-btn roedu-btn--primary roedu-btn--lg","text":"Joacă"},{"name":"pointerup","startTime":3921.89999999851,"duration":136,"interactionId":6715,"target":"roedu-btn roedu-btn--primary roedu-btn--lg","text":"Joacă"},{"name":"click","startTime":3921.89999999851,"duration":136,"interactionId":6715,"target":"roedu-btn roedu-btn--primary roedu-btn--lg","text":"Joacă"},{"name":"pointerdown","startTime":3921.89999999851,"duration":136,"interactionId":6715,"target":"roedu-btn roedu-btn--primary roedu-btn--lg","text":"Joacă"}]}]}],"median":{"lcp":2836,"inp":184,"cls":0}},{"route":"/alchimie?mode=challenges","runs":[{"lcp":4228,"cls":0,"inp":184,"events":[{"name":"pointerover","startTime":4338,"duration":184,"interactionId":0,"target":"roedu-btn roedu-btn--primary roedu-btn--lg","text":"Joacă →"},{"name":"pointerenter","startTime":4338,"duration":184,"interactionId":0,"target":"","text":""},{"name":"pointerenter","startTime":4338,"duration":184,"interactionId":0,"target":"","text":""},{"name":"pointerenter","startTime":4338,"duration":184,"interactionId":0,"target":"","text":""},{"name":"pointerenter","startTime":4338,"duration":184,"interactionId":0,"target":"","text":""},{"name":"pointerenter","startTime":4338,"duration":184,"interactionId":0,"target":"","text":""},{"name":"pointerenter","startTime":4338,"duration":184,"interactionId":0,"target":"","text":""},{"name":"pointerenter","startTime":4338,"duration":184,"interactionId":0,"target":"","text":""},{"name":"pointerenter","startTime":4338,"duration":184,"interactionId":0,"target":"","text":""},{"name":"pointerenter","startTime":4338,"duration":184,"interactionId":0,"target":"","text":""},{"name":"pointerenter","startTime":4338,"duration":184,"interactionId":0,"target":"","text":""},{"name":"pointerenter","startTime":4338,"duration":184,"interactionId":0,"target":"","text":""},{"name":"pointerenter","startTime":4338,"duration":184,"interactionId":0,"target":"","text":""},{"name":"pointerenter","startTime":4338,"duration":184,"interactionId":0,"target":"","text":""},{"name":"mouseover","startTime":4338,"duration":184,"interactionId":0,"target":"roedu-btn roedu-btn--primary roedu-btn--lg","text":"Joacă →"},{"name":"pointerdown","startTime":4338.19999999553,"duration":184,"interactionId":5999,"target":"roedu-btn roedu-btn--primary roedu-btn--lg","text":"Joacă →"},{"name":"mousedown","startTime":4338.19999999553,"duration":184,"interactionId":0,"target":"roedu-btn roedu-btn--primary roedu-btn--lg","text":"Joacă →"},{"name":"pointerup","startTime":4338.29999999702,"duration":184,"interactionId":5999,"target":"roedu-btn roedu-btn--primary roedu-btn--lg","text":"Joacă →"},{"name":"mouseup","startTime":4338.29999999702,"duration":184,"interactionId":0,"target":"roedu-btn roedu-btn--primary roedu-btn--lg","text":"Joacă →"},{"name":"click","startTime":4338.29999999702,"duration":184,"interactionId":5999,"target":"roedu-btn roedu-btn--primary roedu-btn--lg","text":"Joacă →"},{"name":"pointerout","startTime":4418,"duration":104,"interactionId":0,"target":"roedu-btn roedu-btn--primary roedu-btn--lg","text":"Joacă →"},{"name":"pointerleave","startTime":4418,"duration":104,"interactionId":0,"target":"","text":""},{"name":"pointerleave","startTime":4418,"duration":104,"interactionId":0,"target":"","text":""},{"name":"pointerleave","startTime":4418,"duration":104,"interactionId":0,"target":"","text":""},{"name":"pointerleave","startTime":4418,"duration":104,"interactionId":0,"target":"","text":""},{"name":"pointerover","startTime":4418,"duration":104,"interactionId":0,"target":"DIV","text":""},{"name":"mouseout","startTime":4418,"duration":104,"interactionId":0,"target":"roedu-btn roedu-btn--primary roedu-btn--lg","text":"Joacă →"},{"name":"mouseover","startTime":4418,"duration":104,"interactionId":0,"target":"DIV","text":""},{"name":"pointerout","startTime":5117.89999999851,"duration":64,"interactionId":0,"target":"DIV","text":""},{"name":"pointerover","startTime":5117.89999999851,"duration":64,"interactionId":0,"target":"chip alchemy-word alchemy-word--selected","text":"Gheorghe Marinescu✓ Ales"},{"name":"pointerenter","startTime":5117.89999999851,"duration":64,"interactionId":0,"target":"","text":""},{"name":"pointerenter","startTime":5117.89999999851,"duration":64,"interactionId":0,"target":"","text":""},{"name":"mouseout","startTime":5117.89999999851,"duration":64,"interactionId":0,"target":"DIV","text":""},{"name":"mouseover","startTime":5117.89999999851,"duration":64,"interactionId":0,"target":"chip alchemy-word alchemy-word--selected","text":"Gheorghe Marinescu✓ Ales"},{"name":"pointerdown","startTime":5118.39999999851,"duration":64,"interactionId":6006,"target":"chip alchemy-word alchemy-word--selected","text":"Gheorghe Marinescu✓ Ales"},{"name":"mousedown","startTime":5118.39999999851,"duration":64,"interactionId":0,"target":"chip alchemy-word alchemy-word--selected","text":"Gheorghe Marinescu✓ Ales"},{"name":"pointerup","startTime":5118.39999999851,"duration":64,"interactionId":6006,"target":"chip alchemy-word alchemy-word--selected","text":"Gheorghe Marinescu✓ Ales"},{"name":"mouseup","startTime":5118.39999999851,"duration":64,"interactionId":0,"target":"chip alchemy-word alchemy-word--selected","text":"Gheorghe Marinescu✓ Ales"},{"name":"click","startTime":5118.39999999851,"duration":64,"interactionId":6006,"target":"chip alchemy-word alchemy-word--selected","text":"Gheorghe Marinescu✓ Ales"},{"name":"pointerout","startTime":5236.69999999553,"duration":104,"interactionId":0,"target":"chip alchemy-word alchemy-word--selected","text":"Gheorghe Marinescu✓ Ales"},{"name":"pointerleave","startTime":5236.69999999553,"duration":104,"interactionId":0,"target":"","text":""},{"name":"pointerleave","startTime":5236.69999999553,"duration":104,"interactionId":0,"target":"","text":""},{"name":"pointerover","startTime":5236.69999999553,"duration":104,"interactionId":0,"target":"chip alchemy-word","text":"Experiment"},{"name":"pointerenter","startTime":5236.69999999553,"duration":104,"interactionId":0,"target":"","text":""},{"name":"pointerenter","startTime":5236.69999999553,"duration":104,"interactionId":0,"target":"","text":""},{"name":"mouseout","startTime":5236.69999999553,"duration":104,"interactionId":0,"target":"chip alchemy-word alchemy-word--selected","text":"Gheorghe Marinescu✓ Ales"},{"name":"mouseover","startTime":5236.69999999553,"duration":104,"interactionId":0,"target":"chip alchemy-word","text":"Experiment"},{"name":"pointerdown","startTime":5236.79999999702,"duration":104,"interactionId":6013,"target":"chip alchemy-word","text":"Experiment"},{"name":"mousedown","startTime":5236.79999999702,"duration":104,"interactionId":0,"target":"chip alchemy-word","text":"Experiment"},{"name":"pointerup","startTime":5237,"duration":104,"interactionId":6013,"target":"chip alchemy-word","text":"Experiment"},{"name":"mouseup","startTime":5237,"duration":104,"interactionId":0,"target":"chip alchemy-word","text":"Experiment"},{"name":"click","startTime":5237,"duration":104,"interactionId":6013,"target":"chip alchemy-word","text":"Experiment"},{"name":"pointerout","startTime":5300.0999999940395,"duration":40,"interactionId":0,"target":"chip alchemy-word","text":"Experiment"},{"name":"pointerleave","startTime":5300.0999999940395,"duration":40,"interactionId":0,"target":"","text":""},{"name":"pointerover","startTime":5300.0999999940395,"duration":40,"interactionId":0,"target":"chip alchemy-word","text":"Experiment"},{"name":"mouseout","startTime":5300.0999999940395,"duration":40,"interactionId":0,"target":"chip alchemy-word","text":"Experiment"},{"name":"mouseover","startTime":5300.0999999940395,"duration":40,"interactionId":0,"target":"chip alchemy-word","text":"Experiment"},{"name":"pointerout","startTime":5524,"duration":56,"interactionId":0,"target":"chip alchemy-word","text":"Experiment"},{"name":"pointerleave","startTime":5524,"duration":56,"interactionId":0,"target":"","text":""},{"name":"pointerleave","startTime":5524,"duration":56,"interactionId":0,"target":"","text":""},{"name":"pointerover","startTime":5524,"duration":56,"interactionId":0,"target":"SUMMARY","text":""},{"name":"pointerenter","startTime":5524,"duration":56,"interactionId":0,"target":"","text":""},{"name":"pointerenter","startTime":5524,"duration":56,"interactionId":0,"target":"","text":""},{"name":"pointerenter","startTime":5524,"duration":56,"interactionId":0,"target":"","text":""},{"name":"mouseout","startTime":5524,"duration":56,"interactionId":0,"target":"chip alchemy-word","text":"Experiment"},{"name":"mouseover","startTime":5524,"duration":56,"interactionId":0,"target":"SUMMARY","text":""}],"action":{"name":"Alchimie combine","startTime":5171.19999999553,"entries":[{"name":"pointerdown","startTime":5236.79999999702,"duration":104,"interactionId":6013,"target":"chip alchemy-word","text":"Experiment"},{"name":"pointerup","startTime":5237,"duration":104,"interactionId":6013,"target":"chip alchemy-word","text":"Experiment"},{"name":"click","startTime":5237,"duration":104,"interactionId":6013,"target":"chip alchemy-word","text":"Experiment"}],"latency_ms":104},"metrics":[{"name":"LCP","id":"v6-1791355426591-5926532741764","value":2840,"rating":"needs-improvement","entries":[{"name":"","startTime":2840,"duration":0,"interactionId":0,"target":"","text":""}]},{"name":"CLS","id":"v6-1791355429216-4314499686360","value":0,"rating":"good","entries":[]},{"name":"LCP","id":"v6-1791355426591-5926532741764","value":4228,"rating":"poor","entries":[{"name":"","startTime":4228,"duration":0,"interactionId":0,"target":"","text":""}]},{"name":"INP","id":"v6-1791355426594-1971560369357","value":184,"rating":"good","entries":[{"name":"pointerdown","startTime":4338.19999999553,"duration":184,"interactionId":5999,"target":"roedu-btn roedu-btn--primary roedu-btn--lg","text":"Joacă →"},{"name":"pointerdown","startTime":4338.19999999553,"duration":184,"interactionId":5999,"target":"roedu-btn roedu-btn--primary roedu-btn--lg","text":"Joacă →"}]}]},{"lcp":4164,"cls":0.00057706,"inp":224,"events":[{"name":"pointerover","startTime":4302.79999999702,"duration":224,"interactionId":0,"target":"roedu-btn roedu-btn--primary roedu-btn--lg","text":"Joacă →"},{"name":"pointerenter","startTime":4302.79999999702,"duration":224,"interactionId":0,"target":"","text":""},{"name":"pointerenter","startTime":4302.79999999702,"duration":224,"interactionId":0,"target":"","text":""},{"name":"pointerenter","startTime":4302.79999999702,"duration":224,"interactionId":0,"target":"","text":""},{"name":"pointerenter","startTime":4302.79999999702,"duration":224,"interactionId":0,"target":"","text":""},{"name":"pointerenter","startTime":4302.79999999702,"duration":224,"interactionId":0,"target":"","text":""},{"name":"pointerenter","startTime":4302.79999999702,"duration":224,"interactionId":0,"target":"","text":""},{"name":"pointerenter","startTime":4302.79999999702,"duration":224,"interactionId":0,"target":"","text":""},{"name":"pointerenter","startTime":4302.79999999702,"duration":224,"interactionId":0,"target":"","text":""},{"name":"pointerenter","startTime":4302.79999999702,"duration":224,"interactionId":0,"target":"","text":""},{"name":"pointerenter","startTime":4302.79999999702,"duration":224,"interactionId":0,"target":"","text":""},{"name":"pointerenter","startTime":4302.79999999702,"duration":224,"interactionId":0,"target":"","text":""},{"name":"pointerenter","startTime":4302.79999999702,"duration":224,"interactionId":0,"target":"","text":""},{"name":"pointerenter","startTime":4302.79999999702,"duration":224,"interactionId":0,"target":"","text":""},{"name":"mouseover","startTime":4302.79999999702,"duration":224,"interactionId":0,"target":"roedu-btn roedu-btn--primary roedu-btn--lg","text":"Joacă →"},{"name":"pointerdown","startTime":4303.29999999702,"duration":224,"interactionId":5902,"target":"roedu-btn roedu-btn--primary roedu-btn--lg","text":"Joacă →"},{"name":"mousedown","startTime":4303.29999999702,"duration":224,"interactionId":0,"target":"roedu-btn roedu-btn--primary roedu-btn--lg","text":"Joacă →"},{"name":"pointerup","startTime":4303.39999999851,"duration":224,"interactionId":5902,"target":"roedu-btn roedu-btn--primary roedu-btn--lg","text":"Joacă →"},{"name":"mouseup","startTime":4303.39999999851,"duration":224,"interactionId":0,"target":"roedu-btn roedu-btn--primary roedu-btn--lg","text":"Joacă →"},{"name":"click","startTime":4303.39999999851,"duration":224,"interactionId":5902,"target":"roedu-btn roedu-btn--primary roedu-btn--lg","text":"Joacă →"},{"name":"pointerout","startTime":4427.70000000298,"duration":96,"interactionId":0,"target":"roedu-btn roedu-btn--primary roedu-btn--lg","text":"Joacă →"},{"name":"pointerleave","startTime":4427.70000000298,"duration":96,"interactionId":0,"target":"","text":""},{"name":"pointerleave","startTime":4427.70000000298,"duration":96,"interactionId":0,"target":"","text":""},{"name":"pointerleave","startTime":4427.70000000298,"duration":96,"interactionId":0,"target":"","text":""},{"name":"pointerleave","startTime":4427.70000000298,"duration":96,"interactionId":0,"target":"","text":""},{"name":"pointerover","startTime":4427.70000000298,"duration":96,"interactionId":0,"target":"DIV","text":""},{"name":"mouseout","startTime":4427.70000000298,"duration":96,"interactionId":0,"target":"roedu-btn roedu-btn--primary roedu-btn--lg","text":"Joacă →"},{"name":"mouseover","startTime":4427.70000000298,"duration":96,"interactionId":0,"target":"DIV","text":""},{"name":"pointerout","startTime":5145.10000000149,"duration":104,"interactionId":0,"target":"DIV","text":""},{"name":"pointerover","startTime":5145.10000000149,"duration":104,"interactionId":0,"target":"chip alchemy-word alchemy-word--selected","text":"Gheorghe Marinescu✓ Ales"},{"name":"pointerenter","startTime":5145.10000000149,"duration":104,"interactionId":0,"target":"","text":""},{"name":"pointerenter","startTime":5145.10000000149,"duration":104,"interactionId":0,"target":"","text":""},{"name":"mouseout","startTime":5145.10000000149,"duration":104,"interactionId":0,"target":"DIV","text":""},{"name":"mouseover","startTime":5145.10000000149,"duration":104,"interactionId":0,"target":"chip alchemy-word alchemy-word--selected","text":"Gheorghe Marinescu✓ Ales"},{"name":"pointerdown","startTime":5145.29999999702,"duration":104,"interactionId":5909,"target":"chip alchemy-word alchemy-word--selected","text":"Gheorghe Marinescu✓ Ales"},{"name":"mousedown","startTime":5145.29999999702,"duration":104,"interactionId":0,"target":"chip alchemy-word alchemy-word--selected","text":"Gheorghe Marinescu✓ Ales"},{"name":"pointerup","startTime":5145.29999999702,"duration":104,"interactionId":5909,"target":"chip alchemy-word alchemy-word--selected","text":"Gheorghe Marinescu✓ Ales"},{"name":"mouseup","startTime":5145.29999999702,"duration":104,"interactionId":0,"target":"chip alchemy-word alchemy-word--selected","text":"Gheorghe Marinescu✓ Ales"},{"name":"click","startTime":5145.29999999702,"duration":104,"interactionId":5909,"target":"chip alchemy-word alchemy-word--selected","text":"Gheorghe Marinescu✓ Ales"},{"name":"pointerout","startTime":5303.29999999702,"duration":72,"interactionId":0,"target":"chip alchemy-word alchemy-word--selected","text":"Gheorghe Marinescu✓ Ales"},{"name":"pointerleave","startTime":5303.29999999702,"duration":72,"interactionId":0,"target":"","text":""},{"name":"pointerleave","startTime":5303.29999999702,"duration":72,"interactionId":0,"target":"","text":""},{"name":"pointerover","startTime":5303.29999999702,"duration":72,"interactionId":0,"target":"chip alchemy-word","text":"Experiment"},{"name":"pointerenter","startTime":5303.29999999702,"duration":72,"interactionId":0,"target":"","text":""},{"name":"pointerenter","startTime":5303.29999999702,"duration":72,"interactionId":0,"target":"","text":""},{"name":"mouseout","startTime":5303.29999999702,"duration":72,"interactionId":0,"target":"chip alchemy-word alchemy-word--selected","text":"Gheorghe Marinescu✓ Ales"},{"name":"mouseover","startTime":5303.29999999702,"duration":72,"interactionId":0,"target":"chip alchemy-word","text":"Experiment"},{"name":"pointerdown","startTime":5303.39999999851,"duration":72,"interactionId":5916,"target":"chip alchemy-word","text":"Experiment"},{"name":"mousedown","startTime":5303.39999999851,"duration":72,"interactionId":0,"target":"chip alchemy-word","text":"Experiment"},{"name":"pointerup","startTime":5303.39999999851,"duration":72,"interactionId":5916,"target":"chip alchemy-word","text":"Experiment"},{"name":"mouseup","startTime":5303.39999999851,"duration":72,"interactionId":0,"target":"chip alchemy-word","text":"Experiment"},{"name":"click","startTime":5303.39999999851,"duration":72,"interactionId":5916,"target":"chip alchemy-word","text":"Experiment"},{"name":"pointerout","startTime":5341.70000000298,"duration":32,"interactionId":0,"target":"chip alchemy-word","text":"Experiment"},{"name":"pointerleave","startTime":5341.70000000298,"duration":32,"interactionId":0,"target":"","text":""},{"name":"pointerover","startTime":5341.70000000298,"duration":32,"interactionId":0,"target":"chip alchemy-word","text":"Experiment"},{"name":"mouseout","startTime":5341.70000000298,"duration":32,"interactionId":0,"target":"chip alchemy-word","text":"Experiment"},{"name":"mouseover","startTime":5341.70000000298,"duration":32,"interactionId":0,"target":"chip alchemy-word","text":"Experiment"},{"name":"pointerout","startTime":5598.79999999702,"duration":40,"interactionId":0,"target":"chip alchemy-word","text":"Experiment"},{"name":"pointerleave","startTime":5598.79999999702,"duration":40,"interactionId":0,"target":"","text":""},{"name":"pointerleave","startTime":5598.79999999702,"duration":40,"interactionId":0,"target":"","text":""},{"name":"pointerover","startTime":5598.79999999702,"duration":40,"interactionId":0,"target":"SUMMARY","text":""},{"name":"pointerenter","startTime":5598.79999999702,"duration":40,"interactionId":0,"target":"","text":""},{"name":"pointerenter","startTime":5598.79999999702,"duration":40,"interactionId":0,"target":"","text":""},{"name":"pointerenter","startTime":5598.79999999702,"duration":40,"interactionId":0,"target":"","text":""},{"name":"mouseout","startTime":5598.79999999702,"duration":40,"interactionId":0,"target":"chip alchemy-word","text":"Experiment"},{"name":"mouseover","startTime":5598.79999999702,"duration":40,"interactionId":0,"target":"SUMMARY","text":""}],"action":{"name":"Alchimie combine","startTime":5234.20000000298,"entries":[{"name":"pointerdown","startTime":5303.39999999851,"duration":72,"interactionId":5916,"target":"chip alchemy-word","text":"Experiment"},{"name":"pointerup","startTime":5303.39999999851,"duration":72,"interactionId":5916,"target":"chip alchemy-word","text":"Experiment"},{"name":"click","startTime":5303.39999999851,"duration":72,"interactionId":5916,"target":"chip alchemy-word","text":"Experiment"}],"latency_ms":72},"metrics":[{"name":"LCP","id":"v6-1791355432403-4369674187233","value":2768,"rating":"needs-improvement","entries":[{"name":"","startTime":2768,"duration":0,"interactionId":0,"target":"","text":""}]},{"name":"CLS","id":"v6-1791355434950-8041606617019","value":0,"rating":"good","entries":[]},{"name":"LCP","id":"v6-1791355432403-4369674187233","value":4164,"rating":"poor","entries":[{"name":"","startTime":4164,"duration":0,"interactionId":0,"target":"","text":""}]},{"name":"CLS","id":"v6-1791355434950-8041606617019","value":0.00057706,"rating":"good","entries":[{"name":"","startTime":4298.89999999851,"duration":0,"interactionId":0,"target":"","text":""}]},{"name":"INP","id":"v6-1791355432405-6603966532589","value":224,"rating":"needs-improvement","entries":[{"name":"pointerdown","startTime":4303.29999999702,"duration":224,"interactionId":5902,"target":"roedu-btn roedu-btn--primary roedu-btn--lg","text":"Joacă →"},{"name":"pointerdown","startTime":4303.29999999702,"duration":224,"interactionId":5902,"target":"roedu-btn roedu-btn--primary roedu-btn--lg","text":"Joacă →"}]}]},{"lcp":2796,"cls":0,"inp":240,"events":[{"name":"pointerover","startTime":4352.5999999940395,"duration":240,"interactionId":0,"target":"roedu-btn roedu-btn--primary roedu-btn--lg","text":"Joacă →"},{"name":"pointerenter","startTime":4352.5999999940395,"duration":240,"interactionId":0,"target":"","text":""},{"name":"pointerenter","startTime":4352.5999999940395,"duration":240,"interactionId":0,"target":"","text":""},{"name":"pointerenter","startTime":4352.5999999940395,"duration":240,"interactionId":0,"target":"","text":""},{"name":"pointerenter","startTime":4352.5999999940395,"duration":240,"interactionId":0,"target":"","text":""},{"name":"pointerenter","startTime":4352.5999999940395,"duration":240,"interactionId":0,"target":"","text":""},{"name":"pointerenter","startTime":4352.5999999940395,"duration":240,"interactionId":0,"target":"","text":""},{"name":"pointerenter","startTime":4352.5999999940395,"duration":240,"interactionId":0,"target":"","text":""},{"name":"pointerenter","startTime":4352.5999999940395,"duration":240,"interactionId":0,"target":"","text":""},{"name":"pointerenter","startTime":4352.5999999940395,"duration":240,"interactionId":0,"target":"","text":""},{"name":"pointerenter","startTime":4352.5999999940395,"duration":240,"interactionId":0,"target":"","text":""},{"name":"pointerenter","startTime":4352.5999999940395,"duration":240,"interactionId":0,"target":"","text":""},{"name":"pointerenter","startTime":4352.5999999940395,"duration":240,"interactionId":0,"target":"","text":""},{"name":"pointerenter","startTime":4352.5999999940395,"duration":240,"interactionId":0,"target":"","text":""},{"name":"mouseover","startTime":4352.5999999940395,"duration":240,"interactionId":0,"target":"roedu-btn roedu-btn--primary roedu-btn--lg","text":"Joacă →"},{"name":"pointerdown","startTime":4353,"duration":240,"interactionId":597,"target":"roedu-btn roedu-btn--primary roedu-btn--lg","text":"Joacă →"},{"name":"mousedown","startTime":4353,"duration":240,"interactionId":0,"target":"roedu-btn roedu-btn--primary roedu-btn--lg","text":"Joacă →"},{"name":"pointerup","startTime":4353,"duration":240,"interactionId":597,"target":"roedu-btn roedu-btn--primary roedu-btn--lg","text":"Joacă →"},{"name":"mouseup","startTime":4353,"duration":240,"interactionId":0,"target":"roedu-btn roedu-btn--primary roedu-btn--lg","text":"Joacă →"},{"name":"click","startTime":4353,"duration":240,"interactionId":597,"target":"roedu-btn roedu-btn--primary roedu-btn--lg","text":"Joacă →"},{"name":"pointerout","startTime":4470.19999999553,"duration":128,"interactionId":0,"target":"roedu-btn roedu-btn--primary roedu-btn--lg","text":"Joacă →"},{"name":"pointerleave","startTime":4470.19999999553,"duration":128,"interactionId":0,"target":"","text":""},{"name":"pointerleave","startTime":4470.19999999553,"duration":128,"interactionId":0,"target":"","text":""},{"name":"pointerleave","startTime":4470.19999999553,"duration":128,"interactionId":0,"target":"","text":""},{"name":"pointerleave","startTime":4470.19999999553,"duration":128,"interactionId":0,"target":"","text":""},{"name":"pointerover","startTime":4470.19999999553,"duration":128,"interactionId":0,"target":"DIV","text":""},{"name":"mouseout","startTime":4470.19999999553,"duration":128,"interactionId":0,"target":"roedu-btn roedu-btn--primary roedu-btn--lg","text":"Joacă →"},{"name":"mouseover","startTime":4470.19999999553,"duration":128,"interactionId":0,"target":"DIV","text":""},{"name":"pointerout","startTime":5212.19999999553,"duration":144,"interactionId":0,"target":"DIV","text":""},{"name":"pointerover","startTime":5212.19999999553,"duration":144,"interactionId":0,"target":"chip alchemy-word alchemy-word--selected","text":"Gheorghe Marinescu✓ Ales"},{"name":"pointerenter","startTime":5212.19999999553,"duration":144,"interactionId":0,"target":"","text":""},{"name":"pointerenter","startTime":5212.19999999553,"duration":144,"interactionId":0,"target":"","text":""},{"name":"mouseout","startTime":5212.19999999553,"duration":144,"interactionId":0,"target":"DIV","text":""},{"name":"mouseover","startTime":5212.19999999553,"duration":144,"interactionId":0,"target":"chip alchemy-word alchemy-word--selected","text":"Gheorghe Marinescu✓ Ales"},{"name":"pointerdown","startTime":5212.5,"duration":144,"interactionId":604,"target":"chip alchemy-word alchemy-word--selected","text":"Gheorghe Marinescu✓ Ales"},{"name":"mousedown","startTime":5212.5,"duration":144,"interactionId":0,"target":"chip alchemy-word alchemy-word--selected","text":"Gheorghe Marinescu✓ Ales"},{"name":"pointerup","startTime":5212.5999999940395,"duration":144,"interactionId":604,"target":"chip alchemy-word alchemy-word--selected","text":"Gheorghe Marinescu✓ Ales"},{"name":"mouseup","startTime":5212.5999999940395,"duration":144,"interactionId":0,"target":"chip alchemy-word alchemy-word--selected","text":"Gheorghe Marinescu✓ Ales"},{"name":"click","startTime":5212.5999999940395,"duration":144,"interactionId":604,"target":"chip alchemy-word alchemy-word--selected","text":"Gheorghe Marinescu✓ Ales"},{"name":"pointerout","startTime":5414.19999999553,"duration":120,"interactionId":0,"target":"chip alchemy-word alchemy-word--selected","text":"Gheorghe Marinescu✓ Ales"},{"name":"pointerleave","startTime":5414.19999999553,"duration":120,"interactionId":0,"target":"","text":""},{"name":"pointerleave","startTime":5414.19999999553,"duration":120,"interactionId":0,"target":"","text":""},{"name":"pointerover","startTime":5414.19999999553,"duration":120,"interactionId":0,"target":"chip alchemy-word","text":"Experiment"},{"name":"pointerenter","startTime":5414.19999999553,"duration":120,"interactionId":0,"target":"","text":""},{"name":"pointerenter","startTime":5414.19999999553,"duration":120,"interactionId":0,"target":"","text":""},{"name":"mouseout","startTime":5414.19999999553,"duration":120,"interactionId":0,"target":"chip alchemy-word alchemy-word--selected","text":"Gheorghe Marinescu✓ Ales"},{"name":"mouseover","startTime":5414.19999999553,"duration":120,"interactionId":0,"target":"chip alchemy-word","text":"Experiment"},{"name":"pointerdown","startTime":5414.39999999851,"duration":120,"interactionId":611,"target":"chip alchemy-word","text":"Experiment"},{"name":"mousedown","startTime":5414.39999999851,"duration":120,"interactionId":0,"target":"chip alchemy-word","text":"Experiment"},{"name":"pointerup","startTime":5414.39999999851,"duration":120,"interactionId":611,"target":"chip alchemy-word","text":"Experiment"},{"name":"mouseup","startTime":5414.39999999851,"duration":120,"interactionId":0,"target":"chip alchemy-word","text":"Experiment"},{"name":"click","startTime":5414.39999999851,"duration":120,"interactionId":611,"target":"chip alchemy-word","text":"Experiment"},{"name":"pointerout","startTime":5493.0999999940395,"duration":40,"interactionId":0,"target":"chip alchemy-word","text":"Experiment"},{"name":"pointerleave","startTime":5493.0999999940395,"duration":40,"interactionId":0,"target":"","text":""},{"name":"pointerover","startTime":5493.0999999940395,"duration":40,"interactionId":0,"target":"chip alchemy-word","text":"Experiment"},{"name":"mouseout","startTime":5493.0999999940395,"duration":40,"interactionId":0,"target":"chip alchemy-word","text":"Experiment"},{"name":"mouseover","startTime":5493.0999999940395,"duration":40,"interactionId":0,"target":"chip alchemy-word","text":"Experiment"},{"name":"pointerout","startTime":5741.5999999940395,"duration":48,"interactionId":0,"target":"chip alchemy-word","text":"Experiment"},{"name":"pointerleave","startTime":5741.5999999940395,"duration":48,"interactionId":0,"target":"","text":""},{"name":"pointerleave","startTime":5741.5999999940395,"duration":48,"interactionId":0,"target":"","text":""},{"name":"pointerover","startTime":5741.5999999940395,"duration":48,"interactionId":0,"target":"SUMMARY","text":""},{"name":"pointerenter","startTime":5741.5999999940395,"duration":48,"interactionId":0,"target":"","text":""},{"name":"pointerenter","startTime":5741.5999999940395,"duration":48,"interactionId":0,"target":"","text":""},{"name":"pointerenter","startTime":5741.5999999940395,"duration":48,"interactionId":0,"target":"","text":""},{"name":"mouseout","startTime":5741.5999999940395,"duration":48,"interactionId":0,"target":"chip alchemy-word","text":"Experiment"},{"name":"mouseover","startTime":5741.5999999940395,"duration":48,"interactionId":0,"target":"SUMMARY","text":""}],"action":{"name":"Alchimie combine","startTime":5344.0999999940395,"entries":[{"name":"pointerdown","startTime":5414.39999999851,"duration":120,"interactionId":611,"target":"chip alchemy-word","text":"Experiment"},{"name":"pointerup","startTime":5414.39999999851,"duration":120,"interactionId":611,"target":"chip alchemy-word","text":"Experiment"},{"name":"click","startTime":5414.39999999851,"duration":120,"interactionId":611,"target":"chip alchemy-word","text":"Experiment"}],"latency_ms":120},"metrics":[{"name":"LCP","id":"v6-1791355438374-6104545192653","value":2796,"rating":"needs-improvement","entries":[{"name":"","startTime":2796,"duration":0,"interactionId":0,"target":"","text":""}]},{"name":"CLS","id":"v6-1791355441008-3309148506894","value":0,"rating":"good","entries":[]},{"name":"INP","id":"v6-1791355438374-9549293425304","value":240,"rating":"needs-improvement","entries":[{"name":"pointerdown","startTime":4353,"duration":240,"interactionId":597,"target":"","text":""},{"name":"pointerup","startTime":4353,"duration":240,"interactionId":597,"target":"","text":""},{"name":"click","startTime":4353,"duration":240,"interactionId":597,"target":"","text":""},{"name":"pointerdown","startTime":4353,"duration":240,"interactionId":597,"target":"","text":""}]}]},{"lcp":4280,"cls":0.00057706,"inp":200,"events":[{"name":"pointerover","startTime":4535.29999999702,"duration":200,"interactionId":0,"target":"roedu-btn roedu-btn--primary roedu-btn--lg","text":"Joacă →"},{"name":"pointerenter","startTime":4535.29999999702,"duration":200,"interactionId":0,"target":"","text":""},{"name":"pointerenter","startTime":4535.29999999702,"duration":200,"interactionId":0,"target":"","text":""},{"name":"pointerenter","startTime":4535.29999999702,"duration":200,"interactionId":0,"target":"","text":""},{"name":"pointerenter","startTime":4535.29999999702,"duration":200,"interactionId":0,"target":"","text":""},{"name":"pointerenter","startTime":4535.29999999702,"duration":200,"interactionId":0,"target":"","text":""},{"name":"pointerenter","startTime":4535.29999999702,"duration":200,"interactionId":0,"target":"","text":""},{"name":"pointerenter","startTime":4535.29999999702,"duration":200,"interactionId":0,"target":"","text":""},{"name":"pointerenter","startTime":4535.29999999702,"duration":200,"interactionId":0,"target":"","text":""},{"name":"pointerenter","startTime":4535.29999999702,"duration":200,"interactionId":0,"target":"","text":""},{"name":"pointerenter","startTime":4535.29999999702,"duration":200,"interactionId":0,"target":"","text":""},{"name":"pointerenter","startTime":4535.29999999702,"duration":200,"interactionId":0,"target":"","text":""},{"name":"pointerenter","startTime":4535.29999999702,"duration":200,"interactionId":0,"target":"","text":""},{"name":"pointerenter","startTime":4535.29999999702,"duration":200,"interactionId":0,"target":"","text":""},{"name":"mouseover","startTime":4535.29999999702,"duration":200,"interactionId":0,"target":"roedu-btn roedu-btn--primary roedu-btn--lg","text":"Joacă →"},{"name":"pointerdown","startTime":4535.5,"duration":200,"interactionId":8062,"target":"roedu-btn roedu-btn--primary roedu-btn--lg","text":"Joacă →"},{"name":"mousedown","startTime":4535.5,"duration":200,"interactionId":0,"target":"roedu-btn roedu-btn--primary roedu-btn--lg","text":"Joacă →"},{"name":"pointerup","startTime":4535.5,"duration":200,"interactionId":8062,"target":"roedu-btn roedu-btn--primary roedu-btn--lg","text":"Joacă →"},{"name":"mouseup","startTime":4535.5,"duration":200,"interactionId":0,"target":"roedu-btn roedu-btn--primary roedu-btn--lg","text":"Joacă →"},{"name":"click","startTime":4535.5,"duration":200,"interactionId":8062,"target":"roedu-btn roedu-btn--primary roedu-btn--lg","text":"Joacă →"},{"name":"pointerout","startTime":4683.69999999553,"duration":56,"interactionId":0,"target":"roedu-btn roedu-btn--primary roedu-btn--lg","text":"Joacă →"},{"name":"pointerleave","startTime":4683.69999999553,"duration":56,"interactionId":0,"target":"","text":""},{"name":"pointerleave","startTime":4683.69999999553,"duration":56,"interactionId":0,"target":"","text":""},{"name":"pointerleave","startTime":4683.69999999553,"duration":56,"interactionId":0,"target":"","text":""},{"name":"pointerleave","startTime":4683.69999999553,"duration":56,"interactionId":0,"target":"","text":""},{"name":"pointerover","startTime":4683.69999999553,"duration":56,"interactionId":0,"target":"DIV","text":""},{"name":"mouseout","startTime":4683.69999999553,"duration":56,"interactionId":0,"target":"roedu-btn roedu-btn--primary roedu-btn--lg","text":"Joacă →"},{"name":"mouseover","startTime":4683.69999999553,"duration":56,"interactionId":0,"target":"DIV","text":""},{"name":"pointerout","startTime":5032.10000000149,"duration":24,"interactionId":0,"target":"DIV","text":""},{"name":"pointerover","startTime":5032.10000000149,"duration":24,"interactionId":0,"target":"DIV","text":""},{"name":"pointerenter","startTime":5032.10000000149,"duration":24,"interactionId":0,"target":"","text":""},{"name":"pointerenter","startTime":5032.10000000149,"duration":24,"interactionId":0,"target":"","text":""},{"name":"pointerenter","startTime":5032.10000000149,"duration":24,"interactionId":0,"target":"","text":""},{"name":"pointerenter","startTime":5032.10000000149,"duration":24,"interactionId":0,"target":"","text":""},{"name":"mouseout","startTime":5032.10000000149,"duration":24,"interactionId":0,"target":"DIV","text":""},{"name":"mouseover","startTime":5032.10000000149,"duration":24,"interactionId":0,"target":"DIV","text":""},{"name":"pointerout","startTime":5497.60000000149,"duration":96,"interactionId":0,"target":"DIV","text":""},{"name":"pointerover","startTime":5497.60000000149,"duration":96,"interactionId":0,"target":"chip alchemy-word alchemy-word--selected","text":"Gheorghe Marinescu✓ Ales"},{"name":"pointerenter","startTime":5497.60000000149,"duration":96,"interactionId":0,"target":"","text":""},{"name":"pointerenter","startTime":5497.60000000149,"duration":96,"interactionId":0,"target":"","text":""},{"name":"mouseout","startTime":5497.60000000149,"duration":96,"interactionId":0,"target":"DIV","text":""},{"name":"mouseover","startTime":5497.60000000149,"duration":96,"interactionId":0,"target":"chip alchemy-word alchemy-word--selected","text":"Gheorghe Marinescu✓ Ales"},{"name":"pointerdown","startTime":5497.69999999553,"duration":96,"interactionId":8069,"target":"chip alchemy-word alchemy-word--selected","text":"Gheorghe Marinescu✓ Ales"},{"name":"mousedown","startTime":5497.69999999553,"duration":96,"interactionId":0,"target":"chip alchemy-word alchemy-word--selected","text":"Gheorghe Marinescu✓ Ales"},{"name":"pointerup","startTime":5497.89999999851,"duration":96,"interactionId":8069,"target":"chip alchemy-word alchemy-word--selected","text":"Gheorghe Marinescu✓ Ales"},{"name":"mouseup","startTime":5497.89999999851,"duration":96,"interactionId":0,"target":"chip alchemy-word alchemy-word--selected","text":"Gheorghe Marinescu✓ Ales"},{"name":"click","startTime":5497.89999999851,"duration":96,"interactionId":8069,"target":"chip alchemy-word alchemy-word--selected","text":"Gheorghe Marinescu✓ Ales"},{"name":"pointerout","startTime":5665.60000000149,"duration":128,"interactionId":0,"target":"chip alchemy-word alchemy-word--selected","text":"Gheorghe Marinescu✓ Ales"},{"name":"pointerleave","startTime":5665.60000000149,"duration":128,"interactionId":0,"target":"","text":""},{"name":"pointerleave","startTime":5665.60000000149,"duration":128,"interactionId":0,"target":"","text":""},{"name":"pointerover","startTime":5665.60000000149,"duration":128,"interactionId":0,"target":"chip alchemy-word","text":"Experiment"},{"name":"pointerenter","startTime":5665.60000000149,"duration":128,"interactionId":0,"target":"","text":""},{"name":"pointerenter","startTime":5665.60000000149,"duration":128,"interactionId":0,"target":"","text":""},{"name":"mouseout","startTime":5665.60000000149,"duration":128,"interactionId":0,"target":"chip alchemy-word alchemy-word--selected","text":"Gheorghe Marinescu✓ Ales"},{"name":"mouseover","startTime":5665.60000000149,"duration":128,"interactionId":0,"target":"chip alchemy-word","text":"Experiment"},{"name":"pointerdown","startTime":5665.69999999553,"duration":128,"interactionId":8076,"target":"chip alchemy-word","text":"Experiment"},{"name":"mousedown","startTime":5665.69999999553,"duration":128,"interactionId":0,"target":"chip alchemy-word","text":"Experiment"},{"name":"pointerup","startTime":5666,"duration":128,"interactionId":8076,"target":"chip alchemy-word","text":"Experiment"},{"name":"mouseup","startTime":5666,"duration":128,"interactionId":0,"target":"chip alchemy-word","text":"Experiment"},{"name":"click","startTime":5666,"duration":128,"interactionId":8076,"target":"chip alchemy-word","text":"Experiment"},{"name":"pointerout","startTime":5730.89999999851,"duration":64,"interactionId":0,"target":"chip alchemy-word","text":"Experiment"},{"name":"pointerleave","startTime":5730.89999999851,"duration":64,"interactionId":0,"target":"","text":""},{"name":"pointerover","startTime":5730.89999999851,"duration":64,"interactionId":0,"target":"chip alchemy-word","text":"Experiment"},{"name":"mouseout","startTime":5730.89999999851,"duration":64,"interactionId":0,"target":"chip alchemy-word","text":"Experiment"},{"name":"mouseover","startTime":5730.89999999851,"duration":64,"interactionId":0,"target":"chip alchemy-word","text":"Experiment"},{"name":"pointerout","startTime":5957.10000000149,"duration":48,"interactionId":0,"target":"chip alchemy-word","text":"Experiment"},{"name":"pointerleave","startTime":5957.10000000149,"duration":48,"interactionId":0,"target":"","text":""},{"name":"pointerleave","startTime":5957.10000000149,"duration":48,"interactionId":0,"target":"","text":""},{"name":"pointerover","startTime":5957.10000000149,"duration":48,"interactionId":0,"target":"SUMMARY","text":""},{"name":"pointerenter","startTime":5957.10000000149,"duration":48,"interactionId":0,"target":"","text":""},{"name":"pointerenter","startTime":5957.10000000149,"duration":48,"interactionId":0,"target":"","text":""},{"name":"pointerenter","startTime":5957.10000000149,"duration":48,"interactionId":0,"target":"","text":""},{"name":"mouseout","startTime":5957.10000000149,"duration":48,"interactionId":0,"target":"chip alchemy-word","text":"Experiment"},{"name":"mouseover","startTime":5957.10000000149,"duration":48,"interactionId":0,"target":"SUMMARY","text":""}],"action":{"name":"Alchimie combine","startTime":5586.10000000149,"entries":[{"name":"pointerdown","startTime":5665.69999999553,"duration":128,"interactionId":8076,"target":"chip alchemy-word","text":"Experiment"},{"name":"pointerup","startTime":5666,"duration":128,"interactionId":8076,"target":"chip alchemy-word","text":"Experiment"},{"name":"click","startTime":5666,"duration":128,"interactionId":8076,"target":"chip alchemy-word","text":"Experiment"}],"latency_ms":128},"metrics":[{"name":"LCP","id":"v6-1791355444583-5696422447396","value":2900,"rating":"needs-improvement","entries":[{"name":"","startTime":2900,"duration":0,"interactionId":0,"target":"","text":""}]},{"name":"CLS","id":"v6-1791355447351-9460021464897","value":0,"rating":"good","entries":[]},{"name":"LCP","id":"v6-1791355444583-5696422447396","value":4280,"rating":"poor","entries":[{"name":"","startTime":4280,"duration":0,"interactionId":0,"target":"","text":""}]},{"name":"CLS","id":"v6-1791355447351-9460021464897","value":0.00057706,"rating":"good","entries":[{"name":"","startTime":4444.5,"duration":0,"interactionId":0,"target":"","text":""}]},{"name":"INP","id":"v6-1791355444587-5244440057956","value":200,"rating":"good","entries":[{"name":"pointerdown","startTime":4535.5,"duration":200,"interactionId":8062,"target":"roedu-btn roedu-btn--primary roedu-btn--lg","text":"Joacă →"},{"name":"pointerup","startTime":4535.5,"duration":200,"interactionId":8062,"target":"roedu-btn roedu-btn--primary roedu-btn--lg","text":"Joacă →"},{"name":"click","startTime":4535.5,"duration":200,"interactionId":8062,"target":"roedu-btn roedu-btn--primary roedu-btn--lg","text":"Joacă →"},{"name":"pointerdown","startTime":4535.5,"duration":200,"interactionId":8062,"target":"roedu-btn roedu-btn--primary roedu-btn--lg","text":"Joacă →"}]}]},{"lcp":4236,"cls":0.00057706,"inp":168,"events":[{"name":"pointerover","startTime":4463.70000000298,"duration":168,"interactionId":0,"target":"roedu-btn roedu-btn--primary roedu-btn--lg","text":"Joacă →"},{"name":"pointerenter","startTime":4463.70000000298,"duration":168,"interactionId":0,"target":"","text":""},{"name":"pointerenter","startTime":4463.70000000298,"duration":168,"interactionId":0,"target":"","text":""},{"name":"pointerenter","startTime":4463.70000000298,"duration":168,"interactionId":0,"target":"","text":""},{"name":"pointerenter","startTime":4463.70000000298,"duration":168,"interactionId":0,"target":"","text":""},{"name":"pointerenter","startTime":4463.70000000298,"duration":168,"interactionId":0,"target":"","text":""},{"name":"pointerenter","startTime":4463.70000000298,"duration":168,"interactionId":0,"target":"","text":""},{"name":"pointerenter","startTime":4463.70000000298,"duration":168,"interactionId":0,"target":"","text":""},{"name":"pointerenter","startTime":4463.70000000298,"duration":168,"interactionId":0,"target":"","text":""},{"name":"pointerenter","startTime":4463.70000000298,"duration":168,"interactionId":0,"target":"","text":""},{"name":"pointerenter","startTime":4463.70000000298,"duration":168,"interactionId":0,"target":"","text":""},{"name":"pointerenter","startTime":4463.70000000298,"duration":168,"interactionId":0,"target":"","text":""},{"name":"pointerenter","startTime":4463.70000000298,"duration":168,"interactionId":0,"target":"","text":""},{"name":"pointerenter","startTime":4463.70000000298,"duration":168,"interactionId":0,"target":"","text":""},{"name":"mouseover","startTime":4463.70000000298,"duration":168,"interactionId":0,"target":"roedu-btn roedu-btn--primary roedu-btn--lg","text":"Joacă →"},{"name":"pointerdown","startTime":4464.10000000149,"duration":168,"interactionId":2376,"target":"roedu-btn roedu-btn--primary roedu-btn--lg","text":"Joacă →"},{"name":"mousedown","startTime":4464.10000000149,"duration":168,"interactionId":0,"target":"roedu-btn roedu-btn--primary roedu-btn--lg","text":"Joacă →"},{"name":"pointerup","startTime":4464.10000000149,"duration":168,"interactionId":2376,"target":"roedu-btn roedu-btn--primary roedu-btn--lg","text":"Joacă →"},{"name":"mouseup","startTime":4464.10000000149,"duration":168,"interactionId":0,"target":"roedu-btn roedu-btn--primary roedu-btn--lg","text":"Joacă →"},{"name":"click","startTime":4464.10000000149,"duration":168,"interactionId":2376,"target":"roedu-btn roedu-btn--primary roedu-btn--lg","text":"Joacă →"},{"name":"pointerout","startTime":4583.80000000447,"duration":48,"interactionId":0,"target":"roedu-btn roedu-btn--primary roedu-btn--lg","text":"Joacă →"},{"name":"pointerleave","startTime":4583.80000000447,"duration":48,"interactionId":0,"target":"","text":""},{"name":"pointerleave","startTime":4583.80000000447,"duration":48,"interactionId":0,"target":"","text":""},{"name":"pointerleave","startTime":4583.80000000447,"duration":48,"interactionId":0,"target":"","text":""},{"name":"pointerleave","startTime":4583.80000000447,"duration":48,"interactionId":0,"target":"","text":""},{"name":"pointerover","startTime":4583.80000000447,"duration":48,"interactionId":0,"target":"DIV","text":""},{"name":"mouseout","startTime":4583.80000000447,"duration":48,"interactionId":0,"target":"roedu-btn roedu-btn--primary roedu-btn--lg","text":"Joacă →"},{"name":"mouseover","startTime":4583.80000000447,"duration":48,"interactionId":0,"target":"DIV","text":""},{"name":"pointerout","startTime":5328.5,"duration":104,"interactionId":0,"target":"DIV","text":""},{"name":"pointerover","startTime":5328.5,"duration":104,"interactionId":0,"target":"chip alchemy-word alchemy-word--selected","text":"Gheorghe Marinescu✓ Ales"},{"name":"pointerenter","startTime":5328.5,"duration":104,"interactionId":0,"target":"","text":""},{"name":"pointerenter","startTime":5328.5,"duration":104,"interactionId":0,"target":"","text":""},{"name":"mouseout","startTime":5328.5,"duration":104,"interactionId":0,"target":"DIV","text":""},{"name":"mouseover","startTime":5328.5,"duration":104,"interactionId":0,"target":"chip alchemy-word alchemy-word--selected","text":"Gheorghe Marinescu✓ Ales"},{"name":"pointerdown","startTime":5328.80000000447,"duration":104,"interactionId":2383,"target":"chip alchemy-word alchemy-word--selected","text":"Gheorghe Marinescu✓ Ales"},{"name":"mousedown","startTime":5328.80000000447,"duration":104,"interactionId":0,"target":"chip alchemy-word alchemy-word--selected","text":"Gheorghe Marinescu✓ Ales"},{"name":"pointerup","startTime":5328.80000000447,"duration":104,"interactionId":2383,"target":"chip alchemy-word alchemy-word--selected","text":"Gheorghe Marinescu✓ Ales"},{"name":"mouseup","startTime":5328.80000000447,"duration":104,"interactionId":0,"target":"chip alchemy-word alchemy-word--selected","text":"Gheorghe Marinescu✓ Ales"},{"name":"click","startTime":5328.80000000447,"duration":104,"interactionId":2383,"target":"chip alchemy-word alchemy-word--selected","text":"Gheorghe Marinescu✓ Ales"},{"name":"pointerout","startTime":5468.70000000298,"duration":96,"interactionId":0,"target":"chip alchemy-word alchemy-word--selected","text":"Gheorghe Marinescu✓ Ales"},{"name":"pointerleave","startTime":5468.70000000298,"duration":96,"interactionId":0,"target":"","text":""},{"name":"pointerleave","startTime":5468.70000000298,"duration":96,"interactionId":0,"target":"","text":""},{"name":"pointerover","startTime":5468.70000000298,"duration":96,"interactionId":0,"target":"chip alchemy-word","text":"Experiment"},{"name":"pointerenter","startTime":5468.70000000298,"duration":96,"interactionId":0,"target":"","text":""},{"name":"pointerenter","startTime":5468.70000000298,"duration":96,"interactionId":0,"target":"","text":""},{"name":"mouseout","startTime":5468.70000000298,"duration":96,"interactionId":0,"target":"chip alchemy-word alchemy-word--selected","text":"Gheorghe Marinescu✓ Ales"},{"name":"mouseover","startTime":5468.70000000298,"duration":96,"interactionId":0,"target":"chip alchemy-word","text":"Experiment"},{"name":"pointerdown","startTime":5468.89999999851,"duration":96,"interactionId":2390,"target":"chip alchemy-word","text":"Experiment"},{"name":"mousedown","startTime":5468.89999999851,"duration":96,"interactionId":0,"target":"chip alchemy-word","text":"Experiment"},{"name":"pointerup","startTime":5469,"duration":96,"interactionId":2390,"target":"chip alchemy-word","text":"Experiment"},{"name":"mouseup","startTime":5469,"duration":96,"interactionId":0,"target":"chip alchemy-word","text":"Experiment"},{"name":"click","startTime":5469,"duration":96,"interactionId":2390,"target":"chip alchemy-word","text":"Experiment"},{"name":"pointerout","startTime":5527.30000000447,"duration":40,"interactionId":0,"target":"chip alchemy-word","text":"Experiment"},{"name":"pointerleave","startTime":5527.30000000447,"duration":40,"interactionId":0,"target":"","text":""},{"name":"pointerover","startTime":5527.30000000447,"duration":40,"interactionId":0,"target":"chip alchemy-word","text":"Experiment"},{"name":"mouseout","startTime":5527.30000000447,"duration":40,"interactionId":0,"target":"chip alchemy-word","text":"Experiment"},{"name":"mouseover","startTime":5527.30000000447,"duration":40,"interactionId":0,"target":"chip alchemy-word","text":"Experiment"},{"name":"pointerout","startTime":5791.80000000447,"duration":48,"interactionId":0,"target":"chip alchemy-word","text":"Experiment"},{"name":"pointerleave","startTime":5791.80000000447,"duration":48,"interactionId":0,"target":"","text":""},{"name":"pointerleave","startTime":5791.80000000447,"duration":48,"interactionId":0,"target":"","text":""},{"name":"pointerover","startTime":5791.80000000447,"duration":48,"interactionId":0,"target":"SUMMARY","text":""},{"name":"pointerenter","startTime":5791.80000000447,"duration":48,"interactionId":0,"target":"","text":""},{"name":"pointerenter","startTime":5791.80000000447,"duration":48,"interactionId":0,"target":"","text":""},{"name":"pointerenter","startTime":5791.80000000447,"duration":48,"interactionId":0,"target":"","text":""},{"name":"mouseout","startTime":5791.80000000447,"duration":48,"interactionId":0,"target":"chip alchemy-word","text":"Experiment"},{"name":"mouseover","startTime":5791.80000000447,"duration":48,"interactionId":0,"target":"SUMMARY","text":""}],"action":{"name":"Alchimie combine","startTime":5426.30000000447,"entries":[{"name":"pointerdown","startTime":5468.89999999851,"duration":96,"interactionId":2390,"target":"chip alchemy-word","text":"Experiment"},{"name":"pointerup","startTime":5469,"duration":96,"interactionId":2390,"target":"chip alchemy-word","text":"Experiment"},{"name":"click","startTime":5469,"duration":96,"interactionId":2390,"target":"chip alchemy-word","text":"Experiment"}],"latency_ms":96},"metrics":[{"name":"LCP","id":"v6-1791355450902-7096009743440","value":2820,"rating":"needs-improvement","entries":[{"name":"","startTime":2820,"duration":0,"interactionId":0,"target":"","text":""}]},{"name":"CLS","id":"v6-1791355453545-6232911867192","value":0,"rating":"good","entries":[]},{"name":"LCP","id":"v6-1791355450902-7096009743440","value":4236,"rating":"poor","entries":[{"name":"","startTime":4236,"duration":0,"interactionId":0,"target":"","text":""}]},{"name":"CLS","id":"v6-1791355453545-6232911867192","value":0.00057706,"rating":"good","entries":[{"name":"","startTime":4374,"duration":0,"interactionId":0,"target":"","text":""}]},{"name":"INP","id":"v6-1791355450904-6951014242618","value":168,"rating":"good","entries":[{"name":"pointerdown","startTime":4464.10000000149,"duration":168,"interactionId":2376,"target":"roedu-btn roedu-btn--primary roedu-btn--lg","text":"Joacă →"},{"name":"pointerup","startTime":4464.10000000149,"duration":168,"interactionId":2376,"target":"roedu-btn roedu-btn--primary roedu-btn--lg","text":"Joacă →"},{"name":"click","startTime":4464.10000000149,"duration":168,"interactionId":2376,"target":"roedu-btn roedu-btn--primary roedu-btn--lg","text":"Joacă →"},{"name":"pointerdown","startTime":4464.10000000149,"duration":168,"interactionId":2376,"target":"roedu-btn roedu-btn--primary roedu-btn--lg","text":"Joacă →"}]}]}],"median":{"lcp":4228,"inp":200,"cls":0.00057706}}],"method":{"runs":5,"reducedMotion":"reduce","cpu":4,"rtt_ms":150,"down_kbps":1600}}
2026/10/07 06:43:01 Go arcade 1.0.1: all six games and exploration; listen 127.0.0.1:8138
Captured original route /: 2 axe fingerprints
Captured original route /intrusul: 1 axe fingerprints
Captured original route /perechi: 1 axe fingerprints
Captured original route /conexiuni: 1 axe fingerprints
Captured original route /alchimie?mode=challenges: 1 axe fingerprints
Captured original route /alchimie?mode=explore: 1 axe fingerprints
Captured original route /cald-rece: 1 axe fingerprints
Captured original route /lant: 1 axe fingerprints
Captured original route /clasament: 1 axe fingerprints
Measured Conexiuni select run 1/5 with actual callbacks and action entries
Measured Conexiuni select run 2/5 with actual callbacks and action entries
Measured Conexiuni select run 3/5 with actual callbacks and action entries
Measured Conexiuni select run 4/5 with actual callbacks and action entries
Measured Conexiuni select run 5/5 with actual callbacks and action entries
Measured Alchimie combine run 1/5 with actual callbacks and action entries
Measured Alchimie combine run 2/5 with actual callbacks and action entries
Measured Alchimie combine run 3/5 with actual callbacks and action entries
Measured Alchimie combine run 4/5 with actual callbacks and action entries
Measured Alchimie combine run 5/5 with actual callbacks and action entries
+ node (1 arguments)
{
  "schema": 1,
  "check": "cat-original-budget-boundary",
  "scope": "actual-original-home-entry-counterexample",
  "sha": "ae9be5b5a0f891dd5d36d6bb18945e9dcd8102a5",
  "tree_sha256": "03dc2fd85a7abb2b095dbf5eca481ff21e92019f621504ae263344354384d66d",
  "toolchain_digest": "sha256:2e040a5165d79be63755424f707fdb8cf609ace831ada7a9baca398ac25e12b9",
  "manifest_sha256": "9ed68d3ff5f73bec7ced96e100ff5718043bcc7efc85cf3b3916df5c82867827",
  "budgets_sha256": "40f4fc9961a0276663791437417033b0589577ac65811f3863a0fde7a42f9fb4",
  "report": {
    "schema": 1,
    "status": "fail",
    "global_css": {
      "scope": "global-css",
      "name": "global",
      "actual_gz": 8770,
      "limit_gz": null,
      "status": "recorded",
      "files": [
        "assets/index-D9HNWgEs.css"
      ]
    },
    "routes": [
      {
        "name": "home",
        "class": "cat-initial",
        "js": {
          "scope": "route-js",
          "name": "home",
          "actual_gz": 114086,
          "limit_gz": 40960,
          "status": "fail",
          "files": [
            "assets/index-qYTSE3Vo.js"
          ],
          "target_gz": 30720,
          "target_status": "unmet"
        },
        "css": {
          "scope": "route-css",
          "name": "home",
          "actual_gz": 8770,
          "limit_gz": null,
          "status": "recorded",
          "files": [
            "assets/index-D9HNWgEs.css"
          ]
        }
      }
    ],
    "vendors": [],
    "unused_limits": [
      {
        "name": "js.island-route",
        "limit_gz": 35840,
        "reason": "no route declares this class"
      },
      {
        "name": "js.server-page",
        "limit_gz": 10240,
        "reason": "no route declares this class"
      },
      {
        "name": "js.vendor-gated.maplibre",
        "limit_gz": 317440,
        "reason": "no vendor binding declares this asset"
      }
    ],
    "non_page_routes": [],
    "vitals_limits": {
      "lcp_ms": 2500,
      "inp_ms": 200,
      "throttle": {
        "cpu": 4,
        "rtt_ms": 150,
        "down_kbps": 1600
      }
    },
    "unmeasured_metrics": [
      "lcp_ms",
      "inp_ms"
    ]
  }
}
